-- phpMyAdmin SQL Dump
-- version 5.2.2
-- https://www.phpmyadmin.net/
--
-- Host: localhost:3306
-- Generation Time: Dec 14, 2025 at 08:00 PM
-- Server version: 11.4.9-MariaDB
-- PHP Version: 8.4.14

SET SQL_MODE = "NO_AUTO_VALUE_ON_ZERO";
START TRANSACTION;
SET time_zone = "+00:00";


/*!40101 SET @OLD_CHARACTER_SET_CLIENT=@@CHARACTER_SET_CLIENT */;
/*!40101 SET @OLD_CHARACTER_SET_RESULTS=@@CHARACTER_SET_RESULTS */;
/*!40101 SET @OLD_COLLATION_CONNECTION=@@COLLATION_CONNECTION */;
/*!40101 SET NAMES utf8mb4 */;

--
-- Database: `infinit2_employee_system`
--

-- --------------------------------------------------------

--
-- Table structure for table `announcements`
--

CREATE TABLE `announcements` (
  `announcement_id` int(11) NOT NULL,
  `title` varchar(255) NOT NULL,
  `content` text NOT NULL,
  `created_by_id` int(11) DEFAULT NULL COMMENT 'Employee ID of the author',
  `created_at` timestamp NOT NULL DEFAULT current_timestamp()
) ENGINE=InnoDB DEFAULT CHARSET=utf8mb4 COLLATE=utf8mb4_general_ci;

-- --------------------------------------------------------

--
-- Table structure for table `attendance_logs`
--

CREATE TABLE `attendance_logs` (
  `log_id` int(11) NOT NULL,
  `employee_id` int(11) NOT NULL,
  `time_in` datetime DEFAULT NULL,
  `time_out` datetime DEFAULT NULL,
  `log_date` date NOT NULL,
  `scheduled_start_time` datetime DEFAULT NULL COMMENT 'The expected start time of the shift on this day (standard or exception).'
) ENGINE=InnoDB DEFAULT CHARSET=utf8mb4 COLLATE=utf8mb4_general_ci;

--
-- Dumping data for table `attendance_logs`
--

INSERT INTO `attendance_logs` (`log_id`, `employee_id`, `time_in`, `time_out`, `log_date`, `scheduled_start_time`) VALUES
(44, 10, '2025-10-31 07:00:00', '2025-10-31 16:00:00', '2025-10-31', '2025-10-31 07:00:00'),
(45, 11, '2025-10-31 12:00:00', '2025-10-31 22:31:00', '2025-10-31', '2025-10-31 12:00:00'),
(46, 12, '2025-10-31 06:00:00', '2025-10-31 15:46:00', '2025-10-31', '2025-10-31 06:00:00'),
(47, 7, '2025-10-31 14:55:00', '2025-10-31 22:28:00', '2025-10-31', NULL),
(48, 7, '2025-11-02 09:45:00', '2025-11-02 17:44:00', '2025-11-02', '2025-11-01 09:00:00'),
(49, 10, '2025-11-03 07:26:44', '2025-11-03 17:54:15', '2025-11-03', '2025-11-03 07:00:00'),
(50, 13, '2025-11-03 07:59:52', '2025-11-03 21:33:54', '2025-11-03', '2025-11-03 07:00:00'),
(51, 7, '2025-11-03 08:45:47', '2025-11-03 23:55:54', '2025-11-03', '2025-11-03 09:00:00'),
(52, 12, '2025-11-03 09:04:03', '2025-11-03 18:01:16', '2025-11-03', '2025-11-03 06:00:00'),
(53, 11, '2025-11-03 11:45:30', '2025-11-03 22:00:24', '2025-11-03', '2025-11-03 12:00:00'),
(54, 15, '2025-11-03 12:38:28', '2025-11-03 23:48:31', '2025-11-03', '2025-11-03 13:00:00'),
(55, 13, '2025-11-04 06:59:00', '2025-11-04 21:28:00', '2025-11-04', '2025-11-04 07:00:00'),
(56, 10, '2025-11-04 07:14:03', '2025-11-04 16:28:48', '2025-11-04', '2025-11-04 07:00:00'),
(57, 11, '2025-11-04 11:51:02', '2025-11-04 22:02:24', '2025-11-04', '2025-11-04 12:00:00'),
(58, 15, '2025-11-04 12:25:18', '2025-11-05 00:45:44', '2025-11-04', '2025-11-04 13:00:00'),
(59, 7, '2025-11-04 12:26:05', NULL, '2025-11-04', '2025-11-04 09:00:00'),
(60, 10, '2025-11-05 07:20:00', '2025-11-05 18:01:51', '2025-11-05', '2025-11-05 07:00:00'),
(61, 13, '2025-11-05 08:07:13', '2025-11-05 21:02:20', '2025-11-05', '2025-11-05 07:00:00'),
(62, 11, '2025-11-05 11:42:00', '2025-11-05 22:10:00', '2025-11-05', '2025-11-05 12:00:00'),
(63, 15, '2025-11-05 13:00:00', '2025-11-06 12:42:34', '2025-11-05', '2025-11-05 13:00:00'),
(64, 12, '2025-11-06 05:35:46', '2025-11-07 05:37:29', '2025-11-06', '2025-11-06 06:00:00'),
(65, 10, '2025-11-06 07:12:40', '2025-11-06 16:13:18', '2025-11-06', '2025-11-06 07:00:00'),
(66, 13, '2025-11-06 07:47:00', '2025-11-06 21:40:00', '2025-11-06', '2025-11-06 07:00:00'),
(67, 12, '2025-10-27 06:00:00', '2025-10-27 15:00:00', '2025-10-27', NULL),
(68, 11, '2025-10-27 00:00:00', '2025-10-27 22:00:00', '2025-10-27', NULL),
(69, 13, '2025-10-27 07:00:00', '2025-10-27 21:00:00', '2025-10-27', NULL),
(70, 10, '2025-10-27 07:00:00', '2025-10-27 16:00:00', '2025-10-27', NULL),
(71, 12, '2025-10-28 06:00:00', '2025-10-28 15:00:00', '2025-10-28', NULL),
(72, 11, '2025-10-28 00:00:00', '2025-10-28 22:00:00', '2025-10-28', NULL),
(73, 13, '2025-10-28 07:00:00', '2025-10-28 21:00:00', '2025-10-28', NULL),
(74, 10, '2025-10-28 07:00:00', '2025-10-28 16:00:00', '2025-10-28', NULL),
(75, 12, '2025-10-29 06:00:00', '2025-10-29 15:00:00', '2025-10-29', NULL),
(76, 11, '2025-10-29 12:00:00', '2025-10-29 22:00:00', '2025-10-29', NULL),
(77, 13, '2025-10-29 07:00:00', '2025-10-29 21:00:00', '2025-10-29', NULL),
(78, 10, '2025-10-29 07:00:00', '2025-10-29 16:00:00', '2025-10-29', NULL),
(79, 12, '2025-10-30 06:00:00', '2025-10-30 15:00:00', '2025-10-30', NULL),
(80, 11, '2025-10-30 12:00:00', '2025-10-30 22:00:00', '2025-10-30', NULL),
(81, 13, '2025-10-30 07:00:00', '2025-10-30 21:00:00', '2025-10-30', NULL),
(82, 10, '2025-10-30 07:00:00', '2025-10-30 16:00:00', '2025-10-30', NULL),
(83, 11, '2025-11-06 11:50:54', '2025-11-06 22:07:16', '2025-11-06', '2025-11-06 12:00:00'),
(84, 10, '2025-11-07 07:12:00', '2025-11-07 14:00:00', '2025-11-07', '2025-11-07 07:00:00'),
(85, 12, '2025-11-07 05:30:00', '2025-11-14 05:36:48', '2025-11-07', NULL),
(86, 11, '2025-11-07 11:47:27', '2025-11-07 22:08:29', '2025-11-07', '2025-11-07 12:00:00'),
(87, 10, '2025-11-08 07:12:00', '2025-11-08 12:30:11', '2025-11-08', NULL),
(88, 13, '2025-11-08 08:05:23', '2025-11-08 21:03:39', '2025-11-08', '2025-11-08 07:00:00'),
(89, 11, '2025-11-08 11:44:29', '2025-11-08 22:12:14', '2025-11-08', '2025-11-08 12:00:00'),
(90, 11, '2025-11-10 08:11:00', '2025-11-10 21:00:00', '2025-11-10', NULL),
(91, 13, '2025-11-11 06:35:43', '2025-11-11 21:47:37', '2025-11-11', '2025-11-11 07:00:00'),
(92, 10, '2025-11-11 07:08:34', '2025-11-11 16:23:48', '2025-11-11', '2025-11-11 07:00:00'),
(93, 12, '2025-11-10 06:00:00', '2025-11-10 15:00:00', '2025-11-10', NULL),
(94, 11, '2025-11-11 11:45:00', '2025-11-11 22:04:36', '2025-11-11', NULL),
(95, 12, '2025-11-04 06:00:00', '2025-11-04 15:00:00', '2025-11-04', NULL),
(96, 12, '2025-11-05 06:00:00', '2025-11-05 15:00:00', '2025-11-05', NULL),
(97, 10, '2025-11-12 07:14:26', '2025-11-12 16:16:24', '2025-11-12', '2025-11-12 07:00:00'),
(98, 13, '2025-11-12 07:38:31', '2025-11-12 21:49:44', '2025-11-12', '2025-11-12 07:00:00'),
(99, 11, '2025-11-12 10:36:46', '2025-11-12 22:12:54', '2025-11-12', '2025-11-12 12:00:00'),
(100, 12, '2025-11-12 06:00:00', '2025-11-12 15:00:00', '2025-11-12', NULL),
(101, 15, '2025-11-06 13:00:00', '2025-11-06 22:00:00', '2025-11-06', NULL),
(102, 15, '2025-11-07 13:00:00', '2025-11-07 22:00:00', '2025-11-07', NULL),
(103, 15, '2025-11-08 13:00:00', '2025-11-08 22:00:00', '2025-11-08', NULL),
(104, 15, '2025-11-10 13:00:00', '2025-11-10 22:00:00', '2025-11-10', NULL),
(105, 15, '2025-11-11 13:00:00', '2025-11-11 22:00:00', '2025-11-11', NULL),
(106, 10, '2025-11-13 07:11:45', '2025-11-13 16:07:19', '2025-11-13', '2025-11-13 07:00:00'),
(107, 13, '2025-11-13 07:26:36', '2025-11-13 21:29:56', '2025-11-13', '2025-11-13 07:00:00'),
(108, 11, '2025-11-13 12:08:42', '2025-11-13 22:13:28', '2025-11-13', '2025-11-13 12:00:00'),
(109, 12, '2025-11-14 05:36:00', '2025-11-14 15:00:00', '2025-11-14', '2025-11-14 06:00:00'),
(110, 10, '2025-11-13 07:00:00', '2025-11-13 16:00:00', '2025-11-13', '2025-11-14 07:00:00'),
(111, 10, '2025-11-14 07:00:00', '2025-11-14 16:27:49', '2025-11-14', NULL),
(112, 13, '2025-11-14 07:28:40', '2025-11-14 21:03:29', '2025-11-14', '2025-11-14 07:00:00'),
(113, 11, '2025-11-14 11:54:11', '2025-11-14 22:01:05', '2025-11-14', '2025-11-14 12:00:00'),
(114, 10, '2025-11-15 07:16:00', '2025-11-15 15:00:00', '2025-11-15', '2025-11-15 07:00:00'),
(115, 13, '2025-11-15 07:21:46', '2025-11-15 21:01:51', '2025-11-15', '2025-11-15 07:00:00'),
(116, 10, '2025-11-17 07:04:00', '2025-11-17 16:05:00', '2025-11-17', NULL),
(117, 13, '2025-11-17 07:30:00', '2025-11-17 21:35:13', '2025-11-17', '2025-11-17 07:00:00'),
(118, 12, '2025-11-16 08:00:00', '2025-11-16 17:00:00', '2025-11-16', NULL),
(119, 11, '2025-11-15 19:20:00', '2025-11-15 22:05:00', '2025-11-15', NULL),
(120, 11, '2025-11-17 11:43:04', '2025-11-17 22:03:04', '2025-11-17', '2025-11-17 12:00:00'),
(121, 12, '2025-11-17 05:45:00', '2025-11-17 15:00:46', '2025-11-17', NULL),
(122, 10, '2025-11-18 07:15:00', '2025-11-18 15:56:00', '2025-11-18', '2025-11-18 07:00:00'),
(123, 12, '2025-11-18 05:50:00', '2025-11-18 16:34:31', '2025-11-18', NULL),
(124, 11, '2025-11-18 11:48:55', '2025-11-18 22:17:48', '2025-11-18', '2025-11-18 12:00:00'),
(125, 12, '2025-11-19 05:33:20', '2025-11-19 15:02:45', '2025-11-19', '2025-11-19 06:00:00'),
(126, 11, '2025-11-19 11:41:00', '2025-11-19 22:45:00', '2025-11-19', '2025-11-19 12:00:00'),
(127, 12, '2025-11-20 05:34:11', '2025-11-20 15:02:25', '2025-11-20', '2025-11-20 06:00:00'),
(128, 10, '2025-11-19 07:00:00', '2025-11-19 07:01:00', '2025-11-19', NULL),
(129, 10, '2025-11-20 07:02:00', '2025-11-20 16:07:00', '2025-11-20', NULL),
(130, 11, '2025-11-20 12:12:14', '2025-11-20 22:05:58', '2025-11-20', '2025-11-20 12:00:00'),
(131, 12, '2025-11-21 05:52:15', '2025-11-21 15:54:10', '2025-11-21', '2025-11-21 06:00:00'),
(132, 10, '2025-11-20 07:15:00', '2025-11-20 16:20:00', '2025-11-20', NULL),
(133, 15, '2025-11-12 13:00:00', '2025-11-12 22:00:00', '2025-11-12', NULL),
(134, 15, '2025-11-13 13:00:00', '2025-11-13 22:00:00', '2025-11-13', NULL),
(135, 15, '2025-11-14 13:00:00', '2025-11-14 22:00:00', '2025-11-14', NULL),
(136, 15, '2025-11-15 13:00:00', '2025-11-15 22:00:00', '2025-11-15', NULL),
(137, 15, '2025-11-16 13:00:00', '2025-11-16 22:00:00', '2025-11-16', NULL),
(138, 15, '2025-11-17 13:00:00', '2025-11-17 22:00:00', '2025-11-17', NULL),
(139, 15, '2025-11-18 13:00:00', '2025-11-18 22:00:00', '2025-11-18', NULL),
(140, 15, '2025-11-19 13:00:00', '2025-11-19 22:00:00', '2025-11-19', NULL),
(141, 15, '2025-11-20 13:00:00', '2025-11-20 22:00:00', '2025-11-20', NULL),
(142, 11, '2025-11-21 12:03:09', '2025-11-21 22:19:50', '2025-11-21', '2025-11-21 12:00:00'),
(143, 13, '2025-11-22 07:19:13', '2025-11-22 21:12:23', '2025-11-22', '2025-11-22 07:00:00'),
(144, 11, '2025-11-22 12:00:15', '2025-11-22 22:32:09', '2025-11-22', '2025-11-22 12:00:00'),
(145, 10, '2025-11-24 07:08:32', '2025-11-24 16:22:28', '2025-11-24', '2025-11-24 07:00:00'),
(146, 13, '2025-11-24 07:46:16', '2025-11-24 21:23:22', '2025-11-24', '2025-11-24 07:00:00'),
(147, 11, '2025-11-24 12:00:00', '2025-11-24 12:01:00', '2025-11-24', '2025-11-24 12:00:00'),
(148, 11, '2025-11-24 12:20:18', '2025-11-24 22:37:43', '2025-11-24', NULL),
(149, 12, '2025-11-25 04:07:07', '2025-11-26 05:47:47', '2025-11-25', '2025-11-25 06:00:00'),
(150, 10, '2025-11-25 07:16:49', '2025-11-25 16:17:10', '2025-11-25', '2025-11-25 07:00:00'),
(151, 13, '2025-11-25 08:07:58', '2025-11-25 21:04:09', '2025-11-25', '2025-11-25 07:00:00'),
(152, 11, '2025-11-25 11:43:09', '2025-11-25 22:18:09', '2025-11-25', '2025-11-25 12:00:00'),
(153, 10, '2025-11-26 07:00:10', '2025-11-26 16:02:55', '2025-11-26', '2025-11-26 07:00:00'),
(154, 13, '2025-11-26 07:19:54', '2025-11-26 21:02:14', '2025-11-26', '2025-11-26 07:00:00'),
(155, 11, '2025-11-26 12:22:32', '2025-11-26 22:25:36', '2025-11-26', '2025-11-26 12:00:00'),
(156, 12, '2025-11-11 06:00:00', '2025-11-11 15:00:00', '2025-11-11', NULL),
(157, 12, '2025-11-13 06:00:00', '2025-11-13 15:00:00', '2025-11-13', NULL),
(158, 12, '2025-11-23 09:00:00', '2025-11-23 17:00:00', '2025-11-23', NULL),
(159, 12, '2025-11-24 06:00:00', '2025-11-24 15:00:00', '2025-11-24', NULL),
(160, 15, '2025-11-21 12:00:00', '2025-11-21 22:00:00', '2025-11-21', NULL),
(161, 15, '2025-11-22 12:00:00', '2025-11-22 22:00:00', '2025-11-22', NULL),
(162, 15, '2025-11-23 12:00:00', '2025-11-23 22:00:00', '2025-11-23', NULL),
(163, 15, '2025-11-24 12:00:00', '2025-11-24 22:00:00', '2025-11-24', NULL),
(164, 15, '2025-11-25 12:00:00', '2025-11-25 22:00:00', '2025-11-25', NULL),
(165, 12, '2025-11-26 15:33:39', '2025-11-27 05:38:42', '2025-11-26', '2025-11-26 06:00:00'),
(166, 10, '2025-11-27 07:10:05', '2025-11-27 16:18:00', '2025-11-27', '2025-11-27 07:00:00'),
(167, 13, '2025-11-27 07:32:07', '2025-11-27 21:19:11', '2025-11-27', '2025-11-27 07:00:00'),
(168, 11, '2025-11-27 12:18:03', '2025-11-27 22:21:37', '2025-11-27', '2025-11-27 12:00:00'),
(169, 12, '2025-11-27 15:06:14', '2025-11-28 05:33:11', '2025-11-27', '2025-11-27 06:00:00'),
(170, 10, '2025-11-28 07:09:52', '2025-11-28 16:01:41', '2025-11-28', '2025-11-28 07:00:00'),
(171, 13, '2025-11-28 07:25:09', '2025-11-28 21:15:11', '2025-11-28', '2025-11-28 07:00:00'),
(172, 11, '2025-11-28 12:01:19', '2025-11-28 22:03:46', '2025-11-28', '2025-11-28 12:00:00'),
(173, 12, '2025-11-28 05:10:23', '2025-11-28 17:36:00', '2025-11-28', '2025-11-28 06:00:00'),
(174, 11, '2025-11-29 11:20:30', '2025-11-29 22:02:57', '2025-11-29', '2025-11-29 12:00:00'),
(175, 11, '2025-11-29 22:02:59', '2025-12-01 11:44:27', '2025-11-29', NULL),
(176, 10, '2025-12-01 07:12:28', '2025-12-01 16:06:29', '2025-12-01', '2025-12-01 07:00:00'),
(177, 13, '2025-12-01 07:15:00', '2025-12-01 21:44:59', '2025-12-01', '2025-12-01 07:00:00'),
(178, 11, '2025-12-01 11:49:16', '2025-12-01 22:21:14', '2025-12-01', '2025-12-01 12:00:00'),
(179, 15, '2025-12-01 22:34:00', NULL, '2025-12-01', NULL),
(180, 11, '2025-12-01 22:21:27', '2025-12-02 11:24:00', '2025-12-01', NULL),
(181, 12, '2025-12-01 05:40:00', '2025-12-01 17:31:02', '2025-12-01', NULL),
(182, 10, '2025-12-02 07:10:49', '2025-12-02 16:22:44', '2025-12-02', '2025-12-02 07:00:00'),
(183, 13, '2025-12-02 07:11:50', '2025-12-02 21:13:45', '2025-12-02', '2025-12-02 07:00:00'),
(184, 11, '2025-12-02 11:24:12', '2025-12-02 22:00:57', '2025-12-02', '2025-12-02 12:00:00'),
(185, 12, '2025-12-02 15:22:35', '2025-12-03 05:34:05', '2025-12-02', '2025-12-02 06:00:00'),
(186, 13, '2025-12-03 07:09:22', '2025-12-03 21:22:27', '2025-12-03', '2025-12-03 07:00:00'),
(187, 10, '2025-12-03 07:12:36', '2025-12-03 16:04:47', '2025-12-03', '2025-12-03 07:00:00'),
(188, 11, '2025-12-03 11:53:47', '2025-12-03 22:05:10', '2025-12-03', '2025-12-03 12:00:00'),
(189, 12, '2025-12-03 16:06:38', '2025-12-04 05:35:28', '2025-12-03', '2025-12-03 06:00:00'),
(190, 11, '2025-12-03 22:05:12', '2025-12-04 11:48:02', '2025-12-03', NULL),
(191, 13, '2025-12-04 07:08:18', '2025-12-04 21:01:54', '2025-12-04', '2025-12-04 07:00:00'),
(192, 10, '2025-12-04 07:12:00', '2025-12-04 12:00:00', '2025-12-04', '2025-12-04 07:00:00'),
(193, 11, '2025-12-04 11:48:09', '2025-12-04 22:10:02', '2025-12-04', '2025-12-04 12:00:00'),
(194, 12, '2025-12-04 05:25:00', '2025-12-04 16:25:00', '2025-12-04', '2025-12-04 06:00:00'),
(195, 12, '2025-12-05 05:36:00', '2025-12-05 10:30:00', '2025-12-05', NULL),
(196, 13, '2025-12-05 07:13:36', '2025-12-05 21:04:07', '2025-12-05', '2025-12-05 07:00:00'),
(197, 11, '2025-12-05 09:50:00', '2025-12-05 21:09:00', '2025-12-05', '2025-12-05 12:00:00'),
(198, 7, '2025-12-05 14:30:00', NULL, '2025-12-05', NULL),
(199, 11, '2025-12-06 07:30:00', '2025-12-06 20:00:00', '2025-12-06', NULL),
(200, 12, '2025-12-08 05:33:00', '2025-12-08 15:20:00', '2025-12-08', NULL),
(201, 10, '2025-12-08 07:08:00', '2025-12-08 16:05:00', '2025-12-08', NULL),
(202, 11, '2025-12-08 11:33:00', '2025-12-08 22:00:00', '2025-12-08', NULL),
(203, 15, '2025-12-08 12:00:00', '2025-12-08 22:00:00', '2025-12-08', NULL),
(204, 12, '2025-12-09 05:35:00', '2025-12-09 15:44:00', '2025-12-09', NULL),
(205, 13, '2025-12-09 13:24:00', '2025-12-09 21:00:00', '2025-12-09', NULL),
(206, 10, '2025-12-09 07:21:00', '2025-12-09 16:21:00', '2025-12-09', NULL),
(207, 11, '2025-12-09 11:59:00', '2025-12-09 22:01:00', '2025-12-09', NULL),
(208, 10, '2025-12-12 07:07:00', '2025-12-12 16:00:00', '2025-12-12', NULL),
(209, 11, '2025-12-11 11:19:00', '2025-12-11 22:00:00', '2025-12-11', NULL),
(210, 13, '2025-12-11 07:09:00', '2025-12-11 21:00:00', '2025-12-11', NULL),
(211, 10, '2025-12-11 07:09:00', '2025-12-11 16:00:00', '2025-12-11', NULL),
(212, 13, '2025-12-10 06:58:00', '2025-12-10 21:06:00', '2025-12-10', NULL),
(213, 10, '2025-12-10 07:07:00', '2025-12-10 16:02:00', '2025-12-10', NULL),
(214, 12, '2025-12-11 05:50:00', '2025-12-11 16:00:00', '2025-12-11', NULL),
(215, 12, '2025-12-12 05:21:00', '2025-12-12 16:30:00', '2025-12-12', NULL),
(216, 11, '2025-12-12 10:50:00', '2025-12-12 22:00:00', '2025-12-12', NULL),
(217, 13, '2025-12-12 07:50:00', '2025-12-12 21:05:00', '2025-12-12', NULL),
(218, 13, '2025-12-13 07:21:00', '2025-12-13 21:01:00', '2025-12-13', NULL),
(219, 11, '2025-12-13 11:13:00', '2025-12-13 22:01:00', '2025-12-13', NULL),
(220, 13, '2025-12-15 07:01:00', NULL, '2025-12-15', NULL),
(221, 10, '2025-12-15 07:04:00', NULL, '2025-12-15', NULL);

-- --------------------------------------------------------

--
-- Table structure for table `audit_logs`
--

CREATE TABLE `audit_logs` (
  `log_id` int(11) UNSIGNED NOT NULL,
  `employee_id` int(11) UNSIGNED NOT NULL,
  `action` varchar(50) NOT NULL,
  `description` text DEFAULT NULL,
  `log_timestamp` datetime NOT NULL DEFAULT current_timestamp()
) ENGINE=InnoDB DEFAULT CHARSET=utf8mb4 COLLATE=utf8mb4_general_ci;

--
-- Dumping data for table `audit_logs`
--

INSERT INTO `audit_logs` (`log_id`, `employee_id`, `action`, `description`, `log_timestamp`) VALUES
(1, 1, 'LOGIN_SUCCESS', 'User superadmin (Super Admin) successfully logged in.', '2025-10-25 23:13:15'),
(2, 1, 'ADMIN_ANALYTICS_VIEWED', 'Admin loaded company-wide analytics dashboard.', '2025-10-25 23:13:16'),
(3, 1, 'ADMIN_ANALYTICS_VIEWED', 'Admin loaded company-wide analytics dashboard.', '2025-10-25 23:15:56'),
(4, 1, 'ADMIN_ANALYTICS_VIEWED', 'Admin loaded company-wide analytics dashboard.', '2025-10-25 23:18:58'),
(5, 1, 'LOGIN_SUCCESS', 'User superadmin (Super Admin) successfully logged in.', '2025-10-28 23:45:09'),
(6, 1, 'ADMIN_ANALYTICS_VIEWED', 'Admin loaded company-wide analytics dashboard.', '2025-10-28 23:45:12'),
(7, 1, 'ADMIN_ANALYTICS_VIEWED', 'Admin loaded company-wide analytics dashboard.', '2025-10-28 23:45:46'),
(8, 1, 'ADMIN_ANALYTICS_VIEWED', 'Admin loaded company-wide analytics dashboard.', '2025-10-28 23:46:09'),
(9, 1, 'ADMIN_ANALYTICS_VIEWED', 'Admin loaded company-wide analytics dashboard.', '2025-10-28 23:46:20'),
(10, 1, 'ADMIN_ANALYTICS_VIEWED', 'Admin loaded company-wide analytics dashboard.', '2025-10-28 23:46:34'),
(11, 1, 'DEPT_DELETED', 'Deleted department \'Engineering\' (ID 101). Unassigned 3 employees.', '2025-10-28 23:47:09'),
(12, 1, 'DEPT_ADDED', 'Added new department: \'Managerial\'. Manager EID: None.', '2025-10-28 23:47:39'),
(13, 1, 'EMPLOYEE_CREATE_FAILED', 'Password mismatch during creation of Raymart Ricamata.', '2025-10-28 23:48:39'),
(14, 1, 'EMPLOYEE_CREATE_FAILED', 'Password mismatch during creation of Raymart Ricamata.', '2025-10-28 23:49:03'),
(15, 1, 'ADMIN_ANALYTICS_VIEWED', 'Admin loaded company-wide analytics dashboard.', '2025-10-29 00:06:33'),
(16, 1, 'EMPLOYEE_CREATE_FAILED', 'Password mismatch during creation of Raymart Ricamata.', '2025-10-29 00:09:55'),
(17, 1, 'EMPLOYEE_CREATE_FAILED', 'Password mismatch during creation of Raymart Ricamata.', '2025-10-29 00:10:05'),
(18, 1, 'EMPLOYEE_CREATED', 'New employee Raymart Ricamata (EID: 7, Role: HR Admin) created by Admin EID 1.', '2025-10-29 00:11:06'),
(19, 1, 'ADMIN_ANALYTICS_VIEWED', 'Admin loaded company-wide analytics dashboard.', '2025-10-29 00:27:24'),
(20, 1, 'PAY_RATE_DELETED', 'Deleted pay rate (History ID 13) for EID 7. Rate: 25000.00, Effective: 2025-10-28.', '2025-10-29 00:41:30'),
(21, 1, 'PAY_RATE_UPDATED', 'Added new pay rate for EID 7: Daily @ 961.53 effective 2025-10-28.', '2025-10-29 00:41:46'),
(22, 1, 'PAY_RATE_UPDATED', 'Updated pay rate (History ID 15) for EID 7: Daily @ 961.53 effective 2025-10-28.', '2025-10-29 00:42:06'),
(23, 1, 'PAY_RATE_UPDATED', 'Updated pay rate (History ID 15) for EID 7: Daily @ 961.53 effective 2025-10-28.', '2025-10-29 00:43:35'),
(24, 1, 'ADMIN_ANALYTICS_VIEWED', 'Admin loaded company-wide analytics dashboard.', '2025-10-29 00:44:09'),
(25, 1, 'ADMIN_ANALYTICS_VIEWED', 'Admin loaded company-wide analytics dashboard.', '2025-10-29 00:44:22'),
(26, 1, 'ADMIN_ANALYTICS_VIEWED', 'Admin loaded company-wide analytics dashboard.', '2025-10-29 00:45:02'),
(27, 1, 'ADMIN_ANALYTICS_VIEWED', 'Admin loaded company-wide analytics dashboard.', '2025-10-29 00:46:58'),
(28, 1, 'CA_ADDED', 'Added CA/VALE of 100 for EID 7 on 2025-10-28.', '2025-10-29 00:48:50'),
(29, 1, 'PAYROLL_SKIP', 'Skipped Jane Doe (EID 2): Zero gross pay.', '2025-10-29 00:49:39'),
(30, 1, 'PAYROLL_SKIP', 'Skipped Peter Parker (EID 4): Zero gross pay.', '2025-10-29 00:49:39'),
(31, 1, 'PAYROLL_SKIP', 'Skipped Tony Stark (EID 5): Zero gross pay.', '2025-10-29 00:49:39'),
(32, 1, 'PAYROLL_SKIP', 'Skipped Bruce Banner (EID 6): Zero gross pay.', '2025-10-29 00:49:39'),
(33, 1, 'CA_DEDUCTED', 'Deducted 100 CA/VALE for EID 7 in Payroll ID 3. Details: Full deduction of 100 for T-ID 1.', '2025-10-29 00:49:39'),
(34, 1, 'PAYROLL_GENERATED', 'Payroll run completed for period 2025-10-26 to 2025-11-10. Processed 3 payslips.', '2025-10-29 00:49:39'),
(35, 1, 'PAYSLIP_VIEW_SUCCESS', 'User EID 1 viewed Payslip ID 1 for EID 1.', '2025-10-29 00:50:09'),
(36, 1, 'ADMIN_ANALYTICS_VIEWED', 'Admin loaded company-wide analytics dashboard.', '2025-10-29 01:13:50'),
(37, 1, 'ADMIN_ANALYTICS_VIEWED', 'Admin loaded company-wide analytics dashboard.', '2025-10-29 01:30:47'),
(38, 1, 'REPORT_GENERATED', 'Generated Payroll Summary Report. Filters: Date=2025-09-01 to 2025-09-30, Dept=all.', '2025-10-29 01:30:58'),
(39, 1, 'REPORT_GENERATED', 'Generated Payroll Summary Report. Filters: Date=2025-10-10 to 2025-10-30, Dept=all.', '2025-10-29 01:31:13'),
(40, 1, 'REPORT_GENERATED', 'Generated Payroll Summary Report. Filters: Date=2025-10-10 to 2025-10-30, Dept=all.', '2025-10-29 01:31:14'),
(41, 1, 'REPORT_GENERATED', 'Generated Payroll Summary Report. Filters: Date=2025-10-10 to 2025-10-30, Dept=all.', '2025-10-29 01:31:15'),
(42, 1, 'REPORT_GENERATED', 'Generated Payroll Summary Report. Filters: Date=2025-10-10 to 2025-10-30, Dept=all.', '2025-10-29 01:31:15'),
(43, 1, 'REPORT_GENERATED', 'Generated Payroll Summary Report. Filters: Date=2025-10-10 to 2025-10-30, Dept=all.', '2025-10-29 01:31:15'),
(44, 1, 'REPORT_GENERATED', 'Generated Payroll Summary Report. Filters: Date=2025-10-10 to 2025-10-30, Dept=all.', '2025-10-29 01:31:16'),
(45, 1, 'REPORT_GENERATED', 'Generated Payroll Summary Report. Filters: Date=2025-10-10 to 2025-10-30, Dept=all.', '2025-10-29 01:31:16'),
(46, 1, 'REPORT_GENERATED', 'Generated Payroll Summary Report. Filters: Date=2025-10-12 to 2025-10-16, Dept=all.', '2025-10-29 01:31:41'),
(47, 1, 'REPORT_GENERATED', 'Generated Payroll Summary Report. Filters: Date=2025-10-12 to 2025-10-16, Dept=all.', '2025-10-29 01:31:43'),
(48, 1, 'REPORT_GENERATED', 'Generated Payroll Summary Report. Filters: Date=2025-10-12 to 2025-10-16, Dept=all.', '2025-10-29 01:31:43'),
(49, 1, 'REPORT_GENERATED', 'Generated Payroll Summary Report. Filters: Date=2025-10-12 to 2025-10-16, Dept=all.', '2025-10-29 01:31:43'),
(50, 1, 'REPORT_GENERATED', 'Generated Payroll Summary Report. Filters: Date=2025-09-01 to 2025-09-30, Dept=all.', '2025-10-29 01:31:56'),
(51, 1, 'REPORT_GENERATED', 'Generated Payroll Summary Report. Filters: Date=2025-10-29 to 2025-11-10, Dept=all.', '2025-10-29 01:34:12'),
(52, 1, 'REPORT_GENERATED', 'Generated Payroll Summary Report. Filters: Date=2025-10-29 to 2025-11-10, Dept=all.', '2025-10-29 01:34:17'),
(53, 1, 'PAYROLL_SKIP', 'Skipped Super Admin (EID 1): Pay rate is zero.', '2025-10-29 01:39:22'),
(54, 1, 'PAYROLL_SKIP', 'Skipped Jane Doe (EID 2): Zero gross pay after calculations.', '2025-10-29 01:39:22'),
(55, 1, 'PAYROLL_SKIP', 'Skipped Peter Parker (EID 4): Zero gross pay after calculations.', '2025-10-29 01:39:22'),
(56, 1, 'PAYROLL_SKIP', 'Skipped Tony Stark (EID 5): Zero gross pay after calculations.', '2025-10-29 01:39:22'),
(57, 1, 'PAYROLL_SKIP', 'Skipped Bruce Banner (EID 6): Zero gross pay after calculations.', '2025-10-29 01:39:22'),
(58, 1, 'PAYROLL_GENERATED', 'Payroll run completed for period 2025-10-29 to 2025-11-08. Processed 2 payslips.', '2025-10-29 01:39:22'),
(59, 1, 'PAYSLIP_VIEW_SUCCESS', 'User EID 1 viewed Payslip ID 5 for EID 7.', '2025-10-29 01:42:08'),
(60, 1, 'PAYROLL_SKIP', 'Skipped Super Admin (EID 1): Pay rate is zero.', '2025-10-29 01:44:33'),
(61, 1, 'PAYROLL_SKIP', 'Skipped Jane Doe (EID 2): Zero gross pay after calculations.', '2025-10-29 01:44:33'),
(62, 1, 'PAYROLL_SKIP', 'Skipped Peter Parker (EID 4): Zero gross pay after calculations.', '2025-10-29 01:44:33'),
(63, 1, 'PAYROLL_SKIP', 'Skipped Tony Stark (EID 5): Zero gross pay after calculations.', '2025-10-29 01:44:33'),
(64, 1, 'PAYROLL_SKIP', 'Skipped Bruce Banner (EID 6): Zero gross pay after calculations.', '2025-10-29 01:44:33'),
(65, 1, 'PAYROLL_GENERATED', 'Payroll run completed for period 2025-10-29 to 2025-11-08. Processed 2 payslips.', '2025-10-29 01:44:33'),
(66, 1, 'PAYSLIP_VIEW_SUCCESS', 'User EID 1 viewed Payslip ID 1 for EID 1.', '2025-10-29 01:45:24'),
(67, 1, 'REPORT_GENERATED', 'Generated Payroll Summary Report. Filters: Date=2025-08-01 to 2025-09-30, Dept=all.', '2025-10-29 01:46:43'),
(68, 1, 'PAYSLIP_VIEW_SUCCESS', 'User EID 1 viewed Payslip ID 2 for EID 3.', '2025-10-29 01:48:13'),
(69, 1, 'PAYROLL_SKIP', 'Skipped Super Admin (EID 1): Pay rate is zero.', '2025-10-29 01:50:55'),
(70, 1, 'PAYROLL_SKIP', 'Skipped Peter Parker (EID 4): Zero gross pay after calculations.', '2025-10-29 01:50:55'),
(71, 1, 'PAYROLL_SKIP', 'Skipped Tony Stark (EID 5): Zero gross pay after calculations.', '2025-10-29 01:50:55'),
(72, 1, 'PAYROLL_SKIP', 'Skipped Bruce Banner (EID 6): Zero gross pay after calculations.', '2025-10-29 01:50:55'),
(73, 1, 'CA_DEDUCTED', 'Collected 100 CA/VALE for EID 7 in Payroll ID 10. Details: Full deduction of 100.00 for T-ID 1.', '2025-10-29 01:50:55'),
(74, 1, 'PAYROLL_GENERATED', 'Payroll run completed for period 2025-10-26 to 2025-11-10. Processed 3 payslips.', '2025-10-29 01:50:55'),
(75, 1, 'PAYSLIP_VIEW_SUCCESS', 'User EID 1 viewed Payslip ID 10 for EID 7.', '2025-10-29 01:51:23'),
(76, 7, 'LOGIN_SUCCESS', 'User rricamata (Super Admin) successfully logged in.', '2025-10-29 04:18:44'),
(77, 7, 'ADMIN_ANALYTICS_VIEWED', 'Admin loaded company-wide analytics dashboard.', '2025-10-29 04:18:46'),
(78, 7, 'PAY_RATE_UPDATED', 'Updated pay rate (History ID 16) for EID 1: Hourly @ 0.00 effective 2025-10-28.', '2025-10-29 04:38:25'),
(79, 7, 'PAY_RATE_DELETED', 'Deleted pay rate (History ID 6) for EID 1. Rate: 150000.00, Effective: 2025-01-01.', '2025-10-29 04:42:54'),
(80, 7, 'PAYSLIP_VIEW_SUCCESS', 'User EID 7 viewed Payslip ID 8 for EID 2.', '2025-10-29 04:43:20'),
(81, 7, 'ADMIN_ANALYTICS_VIEWED', 'Admin loaded company-wide analytics dashboard.', '2025-10-29 04:43:22'),
(82, 7, 'ADMIN_ANALYTICS_VIEWED', 'Admin loaded company-wide analytics dashboard.', '2025-10-29 04:43:27'),
(83, 7, 'EMPLOYEE_DELETED', 'Employee Bruce Banner successfully deleted.', '2025-10-29 04:43:36'),
(84, 7, 'ADMIN_ANALYTICS_VIEWED', 'Admin loaded company-wide analytics dashboard.', '2025-10-29 04:44:01'),
(85, 7, 'ADMIN_ANALYTICS_VIEWED', 'Admin loaded company-wide analytics dashboard.', '2025-10-29 04:45:26'),
(86, 7, 'REPORT_GENERATED', 'Generated Attendance Summary (Sep 28, 2025 - Oct 28, 2025). Filters: Type=attendance_summary, Start=2025-09-28, End=2025-10-28, Dept=all', '2025-10-29 04:45:35'),
(87, 7, 'REPORT_GENERATED', 'Generated Payroll Summary (Sep 28, 2025 - Oct 28, 2025). Filters: Type=payroll_summary, Start=2025-09-28, End=2025-10-28, Dept=all', '2025-10-29 04:45:41'),
(88, 7, 'REPORT_GENERATED', 'Generated Payroll Summary (Oct 28, 2025 - Nov 10, 2025). Filters: Type=payroll_summary, Start=2025-10-28, End=2025-11-10, Dept=all', '2025-10-29 04:45:56'),
(89, 7, 'REPORT_GENERATED', 'Generated Payroll Summary (Oct 28, 2025 - Nov 10, 2025). Filters: Type=payroll_summary, Start=2025-10-28, End=2025-11-10, Dept=all', '2025-10-29 04:46:40'),
(90, 7, 'REPORT_GENERATED', 'Generated Attendance Summary (Oct 28, 2025 - Nov 10, 2025). Filters: Type=attendance_summary, Start=2025-10-28, End=2025-11-10, Dept=all', '2025-10-29 04:46:44'),
(91, 7, 'REPORT_GENERATED', 'Generated Payroll Summary (Oct 28, 2025 - Nov 10, 2025). Filters: Type=payroll_summary, Start=2025-10-28, End=2025-11-10, Dept=all', '2025-10-29 04:46:51'),
(92, 7, 'REPORT_GENERATED', 'Generated Leave Balance Report (Current). Filters: Type=leave_balance, Start=2025-09-28, End=2025-10-28, Dept=all', '2025-10-29 04:49:29'),
(93, 7, 'PAYROLL_SKIP', 'Skipped Super Admin (EID 1): Pay rate is zero.', '2025-10-29 04:56:44'),
(94, 7, 'PAYROLL_SKIP', 'Skipped Mark Ruffalo (EID 3): Zero gross pay after calculations.', '2025-10-29 04:56:44'),
(95, 7, 'PAYROLL_SKIP', 'Skipped Peter Parker (EID 4): Zero gross pay after calculations.', '2025-10-29 04:56:44'),
(96, 7, 'PAYROLL_SKIP', 'Skipped Tony Stark (EID 5): Zero gross pay after calculations.', '2025-10-29 04:56:44'),
(97, 7, 'PAYROLL_GENERATED', 'Payroll run completed for period 2025-10-29 to 2025-11-10. Processed 2 payslips.', '2025-10-29 04:56:44'),
(98, 7, 'PAYROLL_SKIP', 'Skipped Super Admin (EID 1): Pay rate is zero.', '2025-10-29 04:57:29'),
(99, 7, 'PAYROLL_SKIP', 'Skipped Mark Ruffalo (EID 3): Zero gross pay after calculations.', '2025-10-29 04:57:29'),
(100, 7, 'PAYROLL_SKIP', 'Skipped Peter Parker (EID 4): Zero gross pay after calculations.', '2025-10-29 04:57:29'),
(101, 7, 'PAYROLL_SKIP', 'Skipped Tony Stark (EID 5): Zero gross pay after calculations.', '2025-10-29 04:57:29'),
(102, 7, 'PAYROLL_GENERATED', 'Payroll run completed for period 2025-10-29 to 2025-11-10. Processed 2 payslips.', '2025-10-29 04:57:29'),
(103, 7, 'PAYSLIP_VIEW_SUCCESS', 'User EID 7 viewed Payslip ID 14 for EID 7.', '2025-10-29 04:58:42'),
(104, 7, 'ADMIN_ANALYTICS_VIEWED', 'Admin loaded company-wide analytics dashboard.', '2025-10-29 04:59:02'),
(105, 7, 'PAYSLIP_VIEW_SUCCESS', 'User EID 7 viewed Payslip ID 12 for EID 7.', '2025-10-29 05:08:03'),
(106, 7, 'CA_ADDED', 'Added CA/VALE of 1000 for EID 4 on 2025-10-28.', '2025-10-29 05:12:24'),
(107, 7, 'CA_ADDED', 'Added CA/VALE of 1000 for EID 4 on 2025-10-31.', '2025-10-29 05:12:42'),
(108, 7, 'PAYROLL_RUN_DELETED', 'Deleted payroll run for period 2025-10-29 to 2025-11-10. Removed 4 payslip records. Reset 0 CA/VALE transaction statuses.', '2025-10-29 05:12:51'),
(109, 7, 'CA_ADDED', 'Added CA/VALE of 1000 for EID 7 on 2025-10-30.', '2025-10-29 05:13:11'),
(110, 7, 'PAYROLL_RUN_DELETED', 'Deleted payroll run for period 2025-10-26 to 2025-11-10. Removed 3 payslip records. Reset 1 CA/VALE transaction statuses.', '2025-10-29 05:13:19'),
(111, 7, 'PAYROLL_RUN_DELETED', 'Deleted payroll run for period 2025-10-29 to 2025-11-08. Removed 4 payslip records. Reset 0 CA/VALE transaction statuses.', '2025-10-29 05:13:41'),
(112, 7, 'PAYROLL_SKIP', 'Skipped Super Admin (EID 1): Pay rate is zero.', '2025-10-29 05:14:02'),
(113, 7, 'PAYROLL_SKIP', 'Skipped Mark Ruffalo (EID 3): Zero gross pay after calculations.', '2025-10-29 05:14:02'),
(114, 7, 'PAYROLL_SKIP', 'Skipped Peter Parker (EID 4): Zero gross pay after calculations.', '2025-10-29 05:14:02'),
(115, 7, 'PAYROLL_SKIP', 'Skipped Tony Stark (EID 5): Zero gross pay after calculations.', '2025-10-29 05:14:02'),
(116, 7, 'CA_DEDUCTED', 'Collected 1000 CA/VALE for EID 7 in Payroll ID 16. Details: Full deduction of 0 for T-ID 1.; Full deduction of 1000 for T-ID 4.', '2025-10-29 05:14:02'),
(117, 7, 'PAYROLL_GENERATED', 'Payroll run completed for period 2025-10-28 to 2025-11-10. Processed 2 payslips.', '2025-10-29 05:14:02'),
(118, 7, 'PAYROLL_RUN_DELETED', 'Deleted payroll run for period 2025-10-28 to 2025-11-10. Removed 2 payslip records. Reset 2 CA/VALE transaction statuses.', '2025-10-29 05:14:43'),
(119, 7, 'PAYROLL_RUN_DELETE_FAILED', 'No payroll records found for period 2025-10-28 to 2025-11-10.', '2025-10-29 05:14:44'),
(120, 7, 'CA_DELETED', 'Deleted pending CA transaction ID 4.', '2025-10-29 05:16:29'),
(121, 7, 'CA_DELETED', 'Deleted pending CA transaction ID 1.', '2025-10-29 05:16:31'),
(122, 7, 'CA_ADDED', 'Added CA/VALE of 1000 for EID 7 on 2025-10-30.', '2025-10-29 05:19:57'),
(123, 7, 'PAYROLL_SKIP', 'Skipped Super Admin (EID 1): Pay rate is zero or not set.', '2025-10-29 05:20:18'),
(124, 7, 'CA_DEDUCTED', 'Collected 1000 CA/VALE for EID 7 in Payroll ID 18. Details: Full deduction of 1000 for T-ID 5.', '2025-10-29 05:20:18'),
(125, 7, 'PAYROLL_GENERATED', 'Payroll run completed for period 2025-10-28 to 2025-11-12. Processed 2 payslips.', '2025-10-29 05:20:18'),
(126, 7, 'PAYROLL_RUN_DELETED', 'Deleted payroll run for period 2025-10-28 to 2025-11-12. Removed 2 payslip records. Reset 1 CA/VALE transaction statuses.', '2025-10-29 05:20:48'),
(127, 7, 'ADMIN_ANALYTICS_VIEWED', 'Admin loaded company-wide analytics dashboard.', '2025-10-29 05:40:27'),
(128, 7, 'PAY_RATE_UPDATED', 'Updated pay rate (History ID 16) for EID 1: Hourly @ 1 effective 2025-10-28.', '2025-10-29 06:04:28'),
(129, 7, 'PAY_RATE_UPDATED', 'Updated pay rate (History ID 7) for EID 2: Hourly @ 50 effective 2025-01-01.', '2025-10-29 06:04:43'),
(130, 7, 'PAY_RATE_UPDATED', 'Updated pay rate (History ID 7) for EID 2: Hourly @ 30 effective 2025-01-01.', '2025-10-29 06:05:07'),
(131, 7, 'PAY_RATE_ACTION_FAILED', 'Failed to add pay rate: Duplicate entry. Action: add, EID: 1, HID: . Error: SQLSTATE[23000]: Integrity constraint violation: 1062 Duplicate entry \'1-2025-10-28\' for key \'unique_employee_date\'', '2025-10-29 06:15:09'),
(132, 7, 'PAY_RATE_UPDATED', 'Added new pay rate for EID 1: Fix Rate @ 25000 effective 2025-10-31.', '2025-10-29 06:15:16'),
(133, 7, 'PAY_RATE_UPDATED', 'Updated pay rate (History ID 8) for EID 3: Fix Rate @ 7500.00 effective 2025-01-01.', '2025-10-29 06:15:34'),
(134, 7, 'PAY_RATE_UPDATED', 'Updated pay rate (History ID 7) for EID 2: Hourly @ 50 effective 2025-01-01.', '2025-10-29 06:22:44'),
(135, 7, 'EMPLOYEE_CREATE_FAILED', 'Password mismatch during creation of Richard Ariola.', '2025-10-29 06:24:20'),
(136, 7, 'EMPLOYEE_CREATE_FAILED', 'Password mismatch during creation of Richard Ariola.', '2025-10-29 06:25:25'),
(137, 7, 'ADMIN_ANALYTICS_VIEWED', 'Admin loaded company-wide analytics dashboard.', '2025-10-29 06:26:23'),
(138, 7, 'EMPLOYEE_CREATE_FAILED', 'Attempted creation with missing field: confirmPassword.', '2025-10-29 06:27:09'),
(139, 7, 'EMPLOYEE_CREATE_FAILED', 'Attempted creation with missing field: confirmPassword.', '2025-10-29 06:27:17'),
(140, 7, 'EMPLOYEE_CREATE_FAILED', 'Attempted creation with missing field: confirmPassword.', '2025-10-29 06:27:32'),
(141, 7, 'EMPLOYEE_CREATE_FAILED', 'Attempted creation with missing field: confirmPassword.', '2025-10-29 06:29:08'),
(142, 7, 'EMPLOYEE_CREATE_FAILED', 'Attempted creation with missing field: confirmPassword.', '2025-10-29 06:29:52'),
(143, 7, 'EMPLOYEE_CREATE_FAILED', 'Attempted creation with missing field: confirmPassword.', '2025-10-29 06:30:02'),
(144, 7, 'EMPLOYEE_CREATE_FAILED', 'Duplicate: Error: A duplicate entry already exists.', '2025-10-29 06:30:46'),
(145, 7, 'EMPLOYEE_CREATED', 'New employee Richard Ariola (EID: 9, Role: Employee) created by Admin EID 7.', '2025-10-29 06:30:52'),
(146, 9, 'LOGIN_SUCCESS', 'User rariola (Employee) successfully logged in.', '2025-10-29 06:31:10'),
(147, 9, 'PROFILE_PICTURE_UPLOADED', 'Employee uploaded new picture: uploads/profiles/9_1761690728.png', '2025-10-29 06:32:08'),
(148, 9, 'EMPLOYEE_PROFILE_UPDATED', 'Employee updated their own profile details.', '2025-10-29 06:32:08'),
(149, 7, 'LOGIN_SUCCESS', 'User rricamata (Super Admin) successfully logged in.', '2025-10-29 06:38:01'),
(150, 7, 'ADMIN_ANALYTICS_VIEWED', 'Admin loaded company-wide analytics dashboard.', '2025-10-29 06:38:03'),
(151, 9, 'LOGIN_SUCCESS', 'User rariola (Employee) successfully logged in.', '2025-10-29 06:42:05'),
(152, 9, 'EMPLOYEE_PROFILE_UPDATED', 'Employee updated their own profile details.', '2025-10-29 06:43:04'),
(153, 9, 'LOGIN_SUCCESS', 'User rariola (Employee) successfully logged in.', '2025-10-29 06:52:49'),
(154, 7, 'ADMIN_ANALYTICS_VIEWED', 'Admin loaded company-wide analytics dashboard.', '2025-10-29 06:55:17'),
(155, 7, 'ADMIN_ANALYTICS_VIEWED', 'Admin loaded company-wide analytics dashboard.', '2025-10-29 06:55:46'),
(156, 7, 'ADMIN_ANALYTICS_VIEWED', 'Admin loaded company-wide analytics dashboard.', '2025-10-29 06:59:18'),
(157, 7, 'ADMIN_ANALYTICS_VIEWED', 'Admin loaded company-wide analytics dashboard.', '2025-10-29 06:59:22'),
(158, 7, 'ADMIN_ANALYTICS_VIEWED', 'Admin loaded company-wide analytics dashboard.', '2025-10-29 06:59:23'),
(159, 7, 'ADMIN_ANALYTICS_VIEWED', 'Admin loaded company-wide analytics dashboard.', '2025-10-29 06:59:23'),
(160, 7, 'ADMIN_ANALYTICS_VIEWED', 'Admin loaded company-wide analytics dashboard.', '2025-10-29 06:59:24'),
(161, 7, 'ADMIN_ANALYTICS_VIEWED', 'Admin loaded company-wide analytics dashboard.', '2025-10-29 06:59:24'),
(162, 7, 'ADMIN_ANALYTICS_VIEWED', 'Admin loaded company-wide analytics dashboard.', '2025-10-29 06:59:24'),
(163, 7, 'ADMIN_ANALYTICS_VIEWED', 'Admin loaded company-wide analytics dashboard.', '2025-10-29 06:59:34'),
(164, 7, 'ADMIN_ANALYTICS_VIEWED', 'Admin loaded company-wide analytics dashboard.', '2025-10-29 06:59:59'),
(165, 7, 'ADMIN_ANALYTICS_VIEWED', 'Admin loaded company-wide analytics dashboard.', '2025-10-29 07:01:00'),
(166, 7, 'ADMIN_ANALYTICS_VIEWED', 'Admin loaded company-wide analytics dashboard.', '2025-10-29 07:02:27'),
(167, 7, 'ADMIN_ANALYTICS_VIEWED', 'Admin loaded company-wide analytics dashboard.', '2025-10-29 11:33:23'),
(168, 7, 'PAYROLL_SKIP', 'Skipped EID 9: No active/valid pay rate.', '2025-10-29 11:33:37'),
(169, 7, 'PAYROLL_GENERATED', 'Payroll run completed for period 2025-10-29 to 2025-11-08. Processed 6 payslips.', '2025-10-29 11:33:37'),
(170, 7, 'PAYSLIP_VIEW_SUCCESS', 'EID 7 viewed PID 24 for EID 7.', '2025-10-29 11:33:57'),
(171, 7, 'PAYSLIP_DOWNLOAD_SUCCESS', 'EID 7 downloaded/viewed PID 24 for EID 7.', '2025-10-29 11:34:01'),
(172, 7, 'PAYSLIP_VIEW_SUCCESS', 'EID 7 viewed PID 19 for EID 1.', '2025-10-29 11:35:17'),
(173, 7, 'PAYSLIP_VIEW_SUCCESS', 'EID 7 viewed PID 20 for EID 2.', '2025-10-29 11:35:42'),
(174, 7, 'PAYSLIP_VIEW_SUCCESS', 'EID 7 viewed PID 23 for EID 5.', '2025-10-29 11:35:51'),
(175, 7, 'PAYSLIP_VIEW_SUCCESS', 'EID 7 viewed PID 23 for EID 5.', '2025-10-29 11:35:59'),
(176, 7, 'PAYSLIP_DOWNLOAD_SUCCESS', 'EID 7 downloaded/viewed PID 24 for EID 7.', '2025-10-29 11:36:42'),
(177, 7, 'PAYSLIP_DOWNLOAD_SUCCESS', 'EID 7 downloaded/viewed PID 24 for EID 7.', '2025-10-29 11:36:43'),
(178, 7, 'PAYSLIP_DOWNLOAD_SUCCESS', 'EID 7 downloaded/viewed PID 24 for EID 7.', '2025-10-29 11:36:44'),
(179, 7, 'PAYSLIP_VIEW_SUCCESS', 'EID 7 viewed PID 24 for EID 7.', '2025-10-29 11:37:08'),
(180, 7, 'CA_ADDED', 'Added CA/VALE of 100 for EID 7 on 2025-10-31.', '2025-10-29 11:38:31'),
(181, 7, 'PAYSLIP_VIEW_SUCCESS', 'EID 7 viewed PID 24 for EID 7.', '2025-10-29 11:38:39'),
(182, 7, 'PAYSLIP_VIEW_SUCCESS', 'EID 7 viewed PID 24 for EID 7.', '2025-10-29 11:39:06'),
(183, 7, 'PAYSLIP_VIEW_SUCCESS', 'EID 7 viewed PID 21 for EID 3.', '2025-10-29 11:39:50'),
(184, 7, 'PAYSLIP_VIEW_SUCCESS', 'EID 7 viewed PID 24 for EID 7.', '2025-10-29 11:53:12'),
(185, 7, 'PAYSLIP_DOWNLOAD_SUCCESS', 'EID 7 downloaded/viewed PID 24 for EID 7.', '2025-10-29 11:53:15'),
(186, 7, 'PAYSLIP_VIEW_SUCCESS', 'EID 7 viewed PID 20 for EID 2.', '2025-10-29 11:53:48'),
(187, 7, 'PAYROLL_SKIP', 'Skipped EID 1: No active/valid pay rate.', '2025-10-29 12:04:25'),
(188, 7, 'PAYROLL_SKIP', 'Skipped EID 2: No active/valid pay rate.', '2025-10-29 12:04:25'),
(189, 7, 'PAYROLL_SKIP', 'Skipped EID 3: No active/valid pay rate.', '2025-10-29 12:04:25'),
(190, 7, 'PAYROLL_SKIP', 'Skipped EID 4: No active/valid pay rate.', '2025-10-29 12:04:25'),
(191, 7, 'PAYROLL_SKIP', 'Skipped EID 5: No active/valid pay rate.', '2025-10-29 12:04:25'),
(192, 7, 'PAYROLL_SKIP', 'Skipped EID 7: No active/valid pay rate.', '2025-10-29 12:04:25'),
(193, 7, 'PAYROLL_SKIP', 'Skipped EID 9: No active/valid pay rate.', '2025-10-29 12:04:25'),
(194, 7, 'PAYROLL_GENERATED', 'Payroll run completed for period 2025-09-26 to 2025-10-10. Processed 0 payslips.', '2025-10-29 12:04:25'),
(195, 7, 'PAYROLL_SKIP', 'Skipped EID 1: No active/valid pay rate.', '2025-10-29 12:05:59'),
(196, 7, 'PAYROLL_SKIP', 'Skipped EID 4: No active/valid pay rate.', '2025-10-29 12:05:59'),
(197, 7, 'PAYROLL_SKIP', 'Skipped EID 5: No active/valid pay rate.', '2025-10-29 12:05:59'),
(198, 7, 'CA_DEDUCTED', 'Ded. 1000 CA for EID 7 (PID 3). Details: Full ded. 1000 (TID 2)', '2025-10-29 12:05:59'),
(199, 7, 'PAYROLL_SKIP', 'Skipped EID 9: No active/valid pay rate.', '2025-10-29 12:05:59'),
(200, 7, 'PAYROLL_GENERATED', 'Payroll run completed for period 2025-09-26 to 2025-10-10. Processed 3 payslips.', '2025-10-29 12:05:59'),
(201, 7, 'PAYSLIP_VIEW_SUCCESS', 'EID 7 viewed PID 2 for EID 3.', '2025-10-29 12:06:09'),
(202, 7, 'PAYSLIP_VIEW_SUCCESS', 'EID 7 viewed PID 2 for EID 3.', '2025-10-29 12:06:38'),
(203, 7, 'PAYSLIP_VIEW_SUCCESS', 'EID 7 viewed PID 3 for EID 7.', '2025-10-29 12:07:56'),
(204, 7, 'PAYSLIP_VIEW_SUCCESS', 'EID 7 viewed PID 1 for EID 2.', '2025-10-29 12:08:06'),
(205, 7, 'PAYSLIP_VIEW_SUCCESS', 'EID 7 viewed PID 1 for EID 2.', '2025-10-29 12:12:19'),
(206, 7, 'ADMIN_ANALYTICS_VIEWED', 'Admin loaded company-wide analytics dashboard.', '2025-10-29 12:12:33'),
(207, 7, 'PAYROLL_SKIP', 'Skipped EID 1: No active/valid pay rate.', '2025-10-29 12:12:50'),
(208, 7, 'PAYROLL_SKIP', 'Skipped EID 4: No active/valid pay rate.', '2025-10-29 12:12:50'),
(209, 7, 'PAYROLL_SKIP', 'Skipped EID 5: No active/valid pay rate.', '2025-10-29 12:12:50'),
(210, 7, 'PAYROLL_SKIP', 'Skipped EID 9: No active/valid pay rate.', '2025-10-29 12:12:50'),
(211, 7, 'PAYROLL_GENERATED', 'Payroll run completed for period 2025-09-26 to 2025-10-10. Processed 3 payslips.', '2025-10-29 12:12:50'),
(212, 7, 'PAYSLIP_VIEW_SUCCESS', 'EID 7 viewed PID 3 for EID 7.', '2025-10-29 12:13:19'),
(213, 7, 'PAYSLIP_DOWNLOAD_SUCCESS', 'EID 7 downloaded/viewed PID 3 for EID 7.', '2025-10-29 12:13:47'),
(214, 7, 'PAYROLL_RUN_DELETED', 'Deleted payroll run for period 2025-09-26 to 2025-10-10. Removed 6 payslip records. Reset 1 CA/VALE transaction statuses.', '2025-10-29 12:17:31'),
(215, 7, 'CA_ADDED', 'Added CA/VALE of 1000 for EID 7 on 2025-10-29.', '2025-10-29 12:20:50'),
(216, 7, 'CA_ADDED', 'Added CA/VALE of 500 for EID 7 on 2025-10-16.', '2025-10-29 12:21:29'),
(217, 7, 'PAYROLL_SKIP', 'Skipped EID 1: No active/valid pay rate.', '2025-10-29 12:21:52'),
(218, 7, 'PAYROLL_SKIP', 'Skipped EID 4: No active/valid pay rate.', '2025-10-29 12:21:52'),
(219, 7, 'PAYROLL_SKIP', 'Skipped EID 5: No active/valid pay rate.', '2025-10-29 12:21:52'),
(220, 7, 'CA_DEDUCTED', 'Ded. 1500 CA for EID 7 (PID 9). Details: Full ded. 0 (TID 2); Full ded. 1000 (TID 3); Full ded. 500 (TID 4)', '2025-10-29 12:21:52'),
(221, 7, 'PAYROLL_SKIP', 'Skipped EID 9: No active/valid pay rate.', '2025-10-29 12:21:52'),
(222, 7, 'PAYROLL_GENERATED', 'Payroll run completed for period 2025-10-11 to 2025-10-26. Processed 3 payslips.', '2025-10-29 12:21:52'),
(223, 7, 'PAYROLL_RUN_DELETED', 'Deleted payroll run for period 2025-10-11 to 2025-10-26. Removed 3 payslip records. Reset 3 CA/VALE transaction statuses.', '2025-10-29 12:22:30'),
(224, 7, 'CA_ADDED', 'Added CA/VALE of 1000 for EID 7 on 2025-10-16.', '2025-10-29 12:28:56'),
(229, 7, 'PAYROLL_SKIP', 'Skipped EID 1: No active/valid pay rate.', '2025-10-29 12:34:50'),
(230, 7, 'PAYROLL_SKIP', 'Skipped EID 4: No active/valid pay rate.', '2025-10-29 12:34:50'),
(231, 7, 'PAYROLL_SKIP', 'Skipped EID 5: No active/valid pay rate.', '2025-10-29 12:34:50'),
(232, 7, 'CA_DEDUCTED', 'Ded. 1000 CA for EID 7 (PID 12). Details: Full ded. 1000 (TID 5). Remaining: 0.00', '2025-10-29 12:34:50'),
(233, 7, 'PAYROLL_SKIP', 'Skipped EID 9: No active/valid pay rate.', '2025-10-29 12:34:50'),
(234, 7, 'PAYROLL_GENERATED', 'Payroll run completed for period 2025-09-26 to 2025-10-10. Processed 3 payslips.', '2025-10-29 12:34:50'),
(235, 7, 'PAYSLIP_VIEW_SUCCESS', 'EID 7 viewed PID 12 for EID 7.', '2025-10-29 12:35:12'),
(236, 7, 'LOGIN_SUCCESS', 'User rricamata (Super Admin) successfully logged in.', '2025-10-28 22:07:03'),
(237, 7, 'ADMIN_ANALYTICS_VIEWED', 'Admin loaded company-wide analytics dashboard.', '2025-10-28 22:07:05'),
(238, 9, 'LOGIN_SUCCESS', 'User rariola (Employee) successfully logged in.', '2025-10-28 22:08:05'),
(239, 7, 'LOGIN_SUCCESS', 'User rricamata (Super Admin) successfully logged in.', '2025-10-28 22:09:04'),
(240, 7, 'ADMIN_ANALYTICS_VIEWED', 'Admin loaded company-wide analytics dashboard.', '2025-10-28 22:09:06'),
(241, 7, 'ADMIN_ANALYTICS_VIEWED', 'Admin loaded company-wide analytics dashboard.', '2025-10-28 22:11:34'),
(242, 7, 'ADMIN_ANALYTICS_VIEWED', 'Admin loaded company-wide analytics dashboard.', '2025-10-28 22:11:53'),
(243, 9, 'CLOCK_IN_FAILED', 'Attempted clock-in when no shift was scheduled.', '2025-10-28 22:15:37'),
(244, 7, 'SCHEDULE_STANDARD_UPDATED', 'Updated standard schedule for EID 9.', '2025-10-28 22:16:12'),
(245, 9, 'CLOCK_IN_SUCCESS', 'Clocked in at 2025-10-29 13:16:26. Scheduled start: 2025-10-29 06:00:00. (Late Clock-in)', '2025-10-28 22:16:26'),
(246, 7, 'ADMIN_ANALYTICS_VIEWED', 'Admin loaded company-wide analytics dashboard.', '2025-10-28 22:57:32'),
(247, 7, 'LOGIN_SUCCESS', 'User rricamata (Super Admin) successfully logged in.', '2025-10-28 23:20:46'),
(248, 7, 'ADMIN_ANALYTICS_VIEWED', 'Admin loaded company-wide analytics dashboard.', '2025-10-28 23:20:47'),
(249, 7, 'LOGIN_SUCCESS', 'User rricamata (Super Admin) successfully logged in.', '2025-10-28 23:22:57'),
(250, 7, 'ADMIN_ANALYTICS_VIEWED', 'Admin loaded company-wide analytics dashboard.', '2025-10-28 23:22:59'),
(251, 7, 'ADMIN_ANALYTICS_VIEWED', 'Admin loaded company-wide analytics dashboard.', '2025-10-28 23:27:02'),
(252, 7, 'ADMIN_ANALYTICS_VIEWED', 'Admin loaded company-wide analytics dashboard.', '2025-10-28 23:29:47'),
(253, 7, 'LOGIN_SUCCESS', 'User rricamata (Super Admin) successfully logged in.', '2025-10-28 23:30:29'),
(254, 7, 'LOGIN_SUCCESS', 'User rricamata (Super Admin) successfully logged in.', '2025-10-28 23:30:30'),
(255, 7, 'LOGIN_SUCCESS', 'User rricamata (Super Admin) successfully logged in.', '2025-10-28 23:30:32'),
(256, 7, 'ADMIN_ANALYTICS_VIEWED', 'Admin loaded company-wide analytics dashboard.', '2025-10-28 23:30:34'),
(257, 7, 'ADMIN_ANALYTICS_VIEWED', 'Admin loaded company-wide analytics dashboard.', '2025-10-28 23:41:24'),
(258, 7, 'ADMIN_ANALYTICS_VIEWED', 'Admin loaded company-wide analytics dashboard.', '2025-10-28 23:41:41'),
(259, 9, 'LOGIN_SUCCESS', 'User rariola (Employee) successfully logged in.', '2025-10-28 23:42:02'),
(260, 9, 'LOGIN_SUCCESS', 'User rariola (Employee) successfully logged in.', '2025-10-28 23:54:59'),
(261, 7, 'LOGIN_SUCCESS', 'User rricamata (Super Admin) successfully logged in.', '2025-10-28 23:58:10'),
(262, 7, 'ADMIN_ANALYTICS_VIEWED', 'Admin loaded company-wide analytics dashboard.', '2025-10-28 23:58:11'),
(263, 7, 'ADMIN_ANALYTICS_VIEWED', 'Admin loaded company-wide analytics dashboard.', '2025-10-29 00:05:17'),
(264, 7, 'ADMIN_ANALYTICS_VIEWED', 'Admin loaded company-wide analytics dashboard.', '2025-10-29 00:18:50'),
(265, 7, 'LOGIN_SUCCESS', 'User rricamata (Super Admin) successfully logged in.', '2025-10-29 01:53:27'),
(266, 7, 'ADMIN_ANALYTICS_VIEWED', 'Admin loaded company-wide analytics dashboard.', '2025-10-29 01:53:30'),
(267, 7, 'LOGIN_SUCCESS', 'User rricamata (Super Admin) successfully logged in.', '2025-10-29 01:53:52'),
(268, 7, 'ADMIN_ANALYTICS_VIEWED', 'Admin loaded company-wide analytics dashboard.', '2025-10-29 01:53:54'),
(269, 7, 'ADMIN_ANALYTICS_VIEWED', 'Admin loaded company-wide analytics dashboard.', '2025-10-29 01:54:59'),
(270, 9, 'LOGIN_SUCCESS', 'User rariola (Employee) successfully logged in.', '2025-10-29 01:55:17'),
(271, 7, 'LOGIN_SUCCESS', 'User rricamata (Super Admin) successfully logged in.', '2025-10-29 01:58:27'),
(272, 7, 'ADMIN_ANALYTICS_VIEWED', 'Admin loaded company-wide analytics dashboard.', '2025-10-29 01:58:28'),
(273, 7, 'LOGIN_SUCCESS', 'User rricamata (Super Admin) successfully logged in.', '2025-10-29 01:59:19'),
(274, 7, 'ADMIN_ANALYTICS_VIEWED', 'Admin loaded company-wide analytics dashboard.', '2025-10-29 01:59:21'),
(275, 7, 'REPORT_GENERATED', 'Generated Payroll Summary (Sep 29, 2025 - Oct 29, 2025). Filters: Type=payroll_summary, Start=2025-09-29, End=2025-10-29, Dept=all', '2025-10-29 02:01:53'),
(276, 7, 'PAYSLIP_VIEW_SUCCESS', 'EID 7 viewed PID 10 for EID 2.', '2025-10-29 02:05:20'),
(277, 7, 'PAYSLIP_VIEW_SUCCESS', 'EID 7 viewed PID 10 for EID 2.', '2025-10-29 02:05:39'),
(278, 7, 'PAYSLIP_VIEW_SUCCESS', 'EID 7 viewed PID 10 for EID 2.', '2025-10-29 02:06:22'),
(279, 7, 'PAYSLIP_VIEW_SUCCESS', 'EID 7 viewed PID 10 for EID 2.', '2025-10-29 02:06:58'),
(280, 7, 'LOGIN_SUCCESS', 'User rricamata (Super Admin) successfully logged in.', '2025-10-29 03:06:39'),
(281, 7, 'ADMIN_ANALYTICS_VIEWED', 'Admin loaded company-wide analytics dashboard.', '2025-10-29 03:06:41'),
(282, 7, 'EMPLOYEE_DELETED', 'Employee Richard Ariola successfully deleted.', '2025-10-29 03:06:53'),
(283, 7, 'DEPT_DELETED', 'Deleted department \'Human Resources\' (ID 103). Unassigned 2 employees.', '2025-10-29 03:07:40'),
(284, 7, 'DEPT_DELETED', 'Deleted department \'Managerial\' (ID 104). Unassigned 0 employees.', '2025-10-29 03:07:44'),
(285, 7, 'DEPT_DELETED', 'Deleted department \'Marketing\' (ID 102). Unassigned 1 employees.', '2025-10-29 03:07:47'),
(286, 7, 'DEPT_ADDED', 'Added new department: \'BSports Gym\'. Manager EID: None.', '2025-10-29 03:08:03'),
(287, 7, 'DEPT_ADDED', 'Added new department: \'Infinite Radio\'. Manager EID: None.', '2025-10-29 03:08:17'),
(288, 7, 'EMPLOYEE_CREATED', 'New employee Krezel Kate Espiritu (EID: 10, Role: HR Admin) created by Admin EID 7.', '2025-10-29 03:10:07'),
(289, 7, 'SCHEDULE_STANDARD_UPDATED', 'Updated standard schedule for EID 10.', '2025-10-29 03:11:44'),
(290, 7, 'LOGIN_SUCCESS', 'User rricamata (Super Admin) successfully logged in.', '2025-10-29 03:13:00'),
(291, 7, 'ADMIN_ANALYTICS_VIEWED', 'Admin loaded company-wide analytics dashboard.', '2025-10-29 03:13:01'),
(292, 7, 'CLOCK_IN_SUCCESS', 'Clocked in at 2025-10-29 18:13:18. Scheduled start: 2025-10-29 09:00:00. (Late Clock-in)', '2025-10-29 03:13:18'),
(293, 7, 'LOG_ACTION_ATTENDANCE_DELETED', 'Super Admin deleted log ID 43 for EID 7 on 2025-10-29.', '2025-10-29 03:13:48'),
(294, 7, 'ATTENDANCE_UPDATED', 'Super Admin adjusted existing log ID 41 for EID 2.', '2025-10-29 03:14:10'),
(295, 7, 'PAY_RATE_UPDATED', 'Set new rate for EID 10: Daily @ 576.92 effective 2025-10-29.', '2025-10-29 03:15:01'),
(296, 7, 'EMPLOYEE_DELETED', 'Employee Jane Doe successfully deleted.', '2025-10-29 03:15:24'),
(297, 7, 'EMPLOYEE_DELETED', 'Employee Tony Stark successfully deleted.', '2025-10-29 03:15:32'),
(298, 7, 'EMPLOYEE_DELETE_ERROR', 'DB error deleting EID 4: SQLSTATE[23000]: Integrity constraint violation: 1451 Cannot delete or update a parent row: a foreign key constraint fails (`infinit2_employee_system`.`ca_transactions`, CONSTRAINT `ca_transactions_ibfk_1` FOREIGN KEY (`employee_id`) REFERENCES `employees` (`employee_id`))', '2025-10-29 03:15:36'),
(299, 7, 'EMPLOYEE_DELETED', 'Employee Mark Ruffalo successfully deleted.', '2025-10-29 03:15:41'),
(300, 7, 'EMPLOYEE_CREATED', 'New employee Ace Balugo (EID: 11, Role: Employee) created by Admin EID 7.', '2025-10-29 03:18:29'),
(301, 7, 'PAYROLL_RUN_DELETED', 'Deleted payroll run for period 2025-09-26 to 2025-10-10. Removed 1 payslip records. Reset 1 CA/VALE transaction statuses.', '2025-10-29 03:20:08'),
(302, 10, 'LOGIN_SUCCESS', 'User kespiritu (HR Admin) successfully logged in.', '2025-10-29 03:21:00'),
(303, 10, 'ADMIN_ANALYTICS_VIEWED', 'Admin loaded company-wide analytics dashboard.', '2025-10-29 03:21:02'),
(304, 10, 'SCHEDULE_EXCEPTION_DELETED', 'Deleted schedule exception (ID 1) for EID 11 on 2025-10-30.', '2025-10-29 03:21:52'),
(305, 7, 'LOGIN_SUCCESS', 'User rricamata (Super Admin) successfully logged in.', '2025-10-29 09:53:10'),
(306, 7, 'ADMIN_ANALYTICS_VIEWED', 'Admin loaded company-wide analytics dashboard.', '2025-10-29 09:53:11'),
(307, 7, 'ADMIN_ANALYTICS_VIEWED', 'Admin loaded company-wide analytics dashboard.', '2025-10-29 09:53:35'),
(308, 0, 'LOGIN_FAILED', 'Failed login attempt for email: infiniteradio@gmail.com from IP: 112.198.209.154', '2025-10-29 10:34:19'),
(309, 0, 'LOGIN_FAILED', 'Failed login attempt for email: infiniteradio@gmail.com from IP: 112.198.209.154', '2025-10-29 10:34:28'),
(310, 0, 'LOGIN_FAILED', 'Failed login attempt for email: infiniteradio@gmail.com from IP: 112.198.209.154', '2025-10-29 10:34:31'),
(311, 7, 'LOGIN_SUCCESS', 'User rricamata (Super Admin) successfully logged in.', '2025-10-31 00:05:45'),
(312, 7, 'ADMIN_ANALYTICS_VIEWED', 'Admin loaded company-wide analytics dashboard.', '2025-10-31 00:05:47'),
(313, 7, 'DEPT_ADDED', 'Added new department: \'Raymart Ricamata\'. Manager EID: None.', '2025-10-31 00:06:34'),
(314, 7, 'DEPT_DELETED', 'Deleted department \'Raymart Ricamata\' (ID 107). Unassigned 0 employees.', '2025-10-31 00:06:38'),
(315, 10, 'LOGIN_SUCCESS', 'User kespiritu (HR Admin) successfully logged in.', '2025-10-31 00:21:20'),
(316, 10, 'ADMIN_ANALYTICS_VIEWED', 'Admin loaded company-wide analytics dashboard.', '2025-10-31 00:21:21'),
(317, 7, 'EMPLOYEE_DELETE_ERROR', 'DB error deleting EID 4: SQLSTATE[23000]: Integrity constraint violation: 1451 Cannot delete or update a parent row: a foreign key constraint fails (`infinit2_employee_system`.`ca_transactions`, CONSTRAINT `ca_transactions_ibfk_1` FOREIGN KEY (`employee_id`) REFERENCES `employees` (`employee_id`))', '2025-10-31 00:21:26'),
(318, 10, 'EMPLOYEE_CREATED', 'New employee Richard Ariola (EID: 12, Role: Employee) created by Admin EID 10.', '2025-10-31 00:23:22'),
(319, 10, 'SCHEDULE_STANDARD_UPDATED', 'Updated standard schedule for EID 1.', '2025-10-31 00:24:58'),
(320, 10, 'SCHEDULE_STANDARD_UPDATED', 'Updated standard schedule for EID 12.', '2025-10-31 00:26:06'),
(321, 10, 'EMPLOYEE_CREATED', 'New employee Jarome Cahinde (EID: 13, Role: Employee) created by Admin EID 10.', '2025-10-31 00:28:43'),
(322, 10, 'CA_DELETED', 'Soft deleted pending CA transaction ID 5.', '2025-10-31 00:29:10'),
(323, 10, 'CA_DELETED', 'Soft deleted pending CA transaction ID 1.', '2025-10-31 00:29:13'),
(324, 10, 'CA_ADDED', 'Added CA/VALE of 100 for EID 7 on 2025-10-31.', '2025-10-31 00:29:23'),
(325, 10, 'LOG_ACTION_ATTENDANCE_DELETED', 'HR Admin deleted log ID 40 for EID 7 on 2025-10-24.', '2025-10-31 00:30:15'),
(326, 10, 'LOG_ACTION_ATTENDANCE_DELETED', 'HR Admin deleted log ID 39 for EID 7 on 2025-10-23.', '2025-10-31 00:30:18'),
(327, 10, 'LOG_ACTION_ATTENDANCE_DELETED', 'HR Admin deleted log ID 38 for EID 7 on 2025-10-22.', '2025-10-31 00:30:21'),
(328, 10, 'LOG_ACTION_ATTENDANCE_DELETED', 'HR Admin deleted log ID 37 for EID 7 on 2025-10-21.', '2025-10-31 00:30:24'),
(329, 10, 'LOG_ACTION_ATTENDANCE_DELETED', 'HR Admin deleted log ID 36 for EID 7 on 2025-10-20.', '2025-10-31 00:30:27'),
(330, 10, 'LOG_ACTION_ATTENDANCE_DELETED', 'HR Admin deleted log ID 16 for EID 7 on 2025-10-06.', '2025-10-31 00:30:32'),
(331, 10, 'LOG_ACTION_ATTENDANCE_DELETED', 'HR Admin deleted log ID 30 for EID 7 on 2025-10-17.', '2025-10-31 00:30:35'),
(332, 10, 'LOG_ACTION_ATTENDANCE_DELETED', 'HR Admin deleted log ID 29 for EID 7 on 2025-10-16.', '2025-10-31 00:30:39'),
(333, 10, 'LOG_ACTION_ATTENDANCE_DELETED', 'HR Admin deleted log ID 28 for EID 7 on 2025-10-15.', '2025-10-31 00:30:42'),
(334, 10, 'LOG_ACTION_ATTENDANCE_DELETED', 'HR Admin deleted log ID 27 for EID 7 on 2025-10-14.', '2025-10-31 00:30:45'),
(335, 10, 'LOG_ACTION_ATTENDANCE_DELETED', 'HR Admin deleted log ID 26 for EID 7 on 2025-10-13.', '2025-10-31 00:30:49'),
(336, 10, 'LOG_ACTION_ATTENDANCE_DELETED', 'HR Admin deleted log ID 6 for EID 7 on 2025-09-29.', '2025-10-31 00:30:53'),
(337, 10, 'LOG_ACTION_ATTENDANCE_DELETED', 'HR Admin deleted log ID 18 for EID 7 on 2025-10-08.', '2025-10-31 00:30:55'),
(338, 10, 'LOG_ACTION_ATTENDANCE_DELETED', 'HR Admin deleted log ID 20 for EID 7 on 2025-10-10.', '2025-10-31 00:30:57'),
(339, 10, 'LOG_ACTION_ATTENDANCE_DELETED', 'HR Admin deleted log ID 7 for EID 7 on 2025-09-30.', '2025-10-31 00:31:02'),
(340, 10, 'LOG_ACTION_ATTENDANCE_DELETED', 'HR Admin deleted log ID 8 for EID 7 on 2025-10-01.', '2025-10-31 00:31:06'),
(341, 10, 'LOG_ACTION_ATTENDANCE_DELETED', 'HR Admin deleted log ID 19 for EID 7 on 2025-10-09.', '2025-10-31 00:31:10'),
(342, 10, 'LOG_ACTION_ATTENDANCE_DELETED', 'HR Admin deleted log ID 17 for EID 7 on 2025-10-07.', '2025-10-31 00:31:13'),
(343, 10, 'LOG_ACTION_ATTENDANCE_DELETED', 'HR Admin deleted log ID 10 for EID 7 on 2025-10-03.', '2025-10-31 00:31:17'),
(344, 10, 'LOG_ACTION_ATTENDANCE_DELETED', 'HR Admin deleted log ID 9 for EID 7 on 2025-10-02.', '2025-10-31 00:31:20'),
(345, 10, 'SCHEDULE_STANDARD_UPDATED', 'Updated standard schedule for EID 11.', '2025-10-31 00:32:22'),
(346, 10, 'SCHEDULE_STANDARD_UPDATED', 'Updated standard schedule for EID 13.', '2025-10-31 00:33:29'),
(347, 10, 'SCHEDULE_STANDARD_UPDATED', 'Updated standard schedule for EID 10.', '2025-10-31 00:34:00'),
(348, 10, 'ADMIN_ANALYTICS_VIEWED', 'Admin loaded company-wide analytics dashboard.', '2025-10-31 00:34:16'),
(349, 10, 'ADMIN_ANALYTICS_VIEWED', 'Admin loaded company-wide analytics dashboard.', '2025-10-31 00:35:04'),
(350, 10, 'LOGIN_SUCCESS', 'User kespiritu (HR Admin) successfully logged in.', '2025-10-31 00:37:07'),
(351, 10, 'ADMIN_ANALYTICS_VIEWED', 'Admin loaded company-wide analytics dashboard.', '2025-10-31 00:37:09'),
(352, 0, 'LOGIN_FAILED', 'Failed login attempt for email: acebalugo13@gmail.com from IP: 216.247.84.117', '2025-10-31 00:37:49'),
(353, 10, 'CLOCK_IN_SUCCESS', 'Clocked in at 2025-10-31 15:38:01. Scheduled start: 2025-10-31 07:00:00. (Late Clock-in)', '2025-10-31 00:38:01'),
(354, 0, 'LOGIN_FAILED', 'Failed login attempt for email: acebalugo13@gmail.com from IP: 216.247.84.117', '2025-10-31 00:38:03'),
(355, 0, 'LOGIN_FAILED', 'Failed login attempt for email: acebalugo13@gmail.com from IP: 216.247.84.117', '2025-10-31 00:38:05'),
(356, 0, 'LOGIN_FAILED', 'Failed login attempt for email: acebalugo13@gmail.com from IP: 216.247.84.117', '2025-10-31 00:38:07'),
(357, 0, 'LOGIN_FAILED', 'Failed login attempt for email: acebalugo13@gmail.com from IP: 216.247.84.117', '2025-10-31 00:38:08'),
(358, 0, 'LOGIN_FAILED', 'Failed login attempt for email: acebalugo13@gmail.com from IP: 216.247.84.117', '2025-10-31 00:38:09'),
(359, 0, 'LOGIN_FAILED', 'Failed login attempt for email: acebalugo13@gmail.com from IP: 216.247.84.117', '2025-10-31 00:38:09'),
(360, 0, 'LOGIN_FAILED', 'Failed login attempt for email: acebalugo13@gmail.com from IP: 216.247.84.117', '2025-10-31 00:38:10'),
(361, 0, 'LOGIN_FAILED', 'Failed login attempt for email: acebalugo13@gmail.com from IP: 216.247.84.117', '2025-10-31 00:38:10'),
(362, 0, 'LOGIN_FAILED', 'Failed login attempt for email: acebalugo13@gmail.com from IP: 216.247.84.117', '2025-10-31 00:38:10'),
(363, 0, 'LOGIN_FAILED', 'Failed login attempt for email: acebalugo13@gmail.com from IP: 216.247.84.117', '2025-10-31 00:38:11'),
(364, 0, 'LOGIN_FAILED', 'Failed login attempt for email: acebalugo13@gmail.com from IP: 216.247.84.117', '2025-10-31 00:38:11'),
(365, 0, 'LOGIN_FAILED', 'Failed login attempt for email: acebalugo13@gmail.com from IP: 216.247.84.117', '2025-10-31 00:38:11'),
(366, 0, 'LOGIN_FAILED', 'Failed login attempt for email: acebalugo13@gmail.com from IP: 216.247.84.117', '2025-10-31 00:38:11'),
(367, 0, 'LOGIN_FAILED', 'Failed login attempt for email: acebalugo13@gmail.com from IP: 216.247.84.117', '2025-10-31 00:38:11'),
(368, 0, 'LOGIN_FAILED', 'Failed login attempt for email: acebalugo13@gmail.com from IP: 216.247.84.117', '2025-10-31 00:38:11'),
(369, 0, 'LOGIN_FAILED', 'Failed login attempt for email: acebalugo13@gmail.com from IP: 216.247.84.117', '2025-10-31 00:38:12'),
(370, 0, 'LOGIN_FAILED', 'Failed login attempt for email: acebalugo13@gmail.com from IP: 216.247.84.117', '2025-10-31 00:38:15'),
(371, 0, 'LOGIN_FAILED', 'Failed login attempt for email: acebalugo13@gmail.com from IP: 216.247.84.117', '2025-10-31 00:38:15'),
(372, 0, 'LOGIN_FAILED', 'Failed login attempt for email: acebalugo13@gmail.com from IP: 216.247.84.117', '2025-10-31 00:38:15'),
(373, 0, 'LOGIN_FAILED', 'Failed login attempt for email: acebalugo13@gmail.com from IP: 216.247.84.117', '2025-10-31 00:38:15'),
(374, 0, 'LOGIN_FAILED', 'Failed login attempt for email: acebalugo13@gmail.com from IP: 216.247.84.117', '2025-10-31 00:38:16'),
(375, 0, 'LOGIN_FAILED', 'Failed login attempt for email: acebalugo13@gmail.com from IP: 216.247.84.117', '2025-10-31 00:38:16'),
(376, 0, 'LOGIN_FAILED', 'Failed login attempt for email: acebalugo13@gmail.com from IP: 216.247.84.117', '2025-10-31 00:38:45'),
(377, 11, 'LOGIN_SUCCESS', 'User abalugo (Employee) successfully logged in.', '2025-10-31 00:39:00'),
(378, 11, 'LOGIN_SUCCESS', 'User abalugo (Employee) successfully logged in.', '2025-10-31 00:39:22'),
(379, 10, 'CLOCK_OUT_SUCCESS', 'Clocked out successfully from Kiosk. Log ID: 44. Duration: 0 hours, 1 minutes.', '2025-10-31 00:39:24'),
(380, 10, 'ADMIN_ANALYTICS_VIEWED', 'Admin loaded company-wide analytics dashboard.', '2025-10-31 00:39:37'),
(381, 12, 'LOGIN_SUCCESS', 'User rariola (Employee) successfully logged in.', '2025-10-31 00:39:45'),
(382, 10, 'ATTENDANCE_UPDATED', 'HR Admin adjusted existing log ID 44 for EID 10.', '2025-10-31 00:40:19'),
(383, 12, 'PROFILE_PICTURE_UPLOADED', 'Employee uploaded new picture: uploads/profiles/12_1761896442.jpg', '2025-10-31 00:40:42'),
(384, 12, 'EMPLOYEE_PROFILE_UPDATED', 'Employee updated their own profile details.', '2025-10-31 00:40:42'),
(385, 11, 'LOGIN_SUCCESS', 'User abalugo (Employee) successfully logged in.', '2025-10-31 00:41:42'),
(386, 11, 'PROFILE_PICTURE_UPLOADED', 'Employee uploaded new picture: uploads/profiles/11_1761896568.jpeg', '2025-10-31 00:42:48'),
(387, 11, 'EMPLOYEE_PROFILE_UPDATED', 'Employee updated their own profile details.', '2025-10-31 00:42:48'),
(388, 10, 'ADMIN_ANALYTICS_VIEWED', 'Admin loaded company-wide analytics dashboard.', '2025-10-31 00:43:02'),
(389, 11, 'LOGIN_SUCCESS', 'User abalugo (Employee) successfully logged in.', '2025-10-31 00:43:27'),
(390, 11, 'PROFILE_PICTURE_UPLOADED', 'Employee uploaded new picture: uploads/profiles/11_1761896675.jpeg', '2025-10-31 00:44:35'),
(391, 11, 'EMPLOYEE_PROFILE_UPDATED', 'Employee updated their own profile details.', '2025-10-31 00:44:35'),
(392, 11, 'CLOCK_IN_SUCCESS', 'Clocked in at 2025-10-31 15:45:20. Scheduled start: 2025-10-31 12:00:00. (Late Clock-in)', '2025-10-31 00:45:20'),
(393, 12, 'CLOCK_IN_SUCCESS', 'Clocked in at 2025-10-31 15:46:09. Scheduled start: 2025-10-31 06:00:00. (Late Clock-in)', '2025-10-31 00:46:09'),
(394, 12, 'CLOCK_OUT_SUCCESS', 'Clocked out successfully from Kiosk. Log ID: 46. Duration: 0 hours, 0 minutes.', '2025-10-31 00:46:20'),
(395, 10, 'ATTENDANCE_UPDATED', 'HR Admin adjusted existing log ID 46 for EID 12.', '2025-10-31 00:46:42'),
(396, 10, 'ADMIN_ANALYTICS_VIEWED', 'Admin loaded company-wide analytics dashboard.', '2025-10-31 00:46:49'),
(397, 7, 'ADMIN_ANALYTICS_VIEWED', 'Admin loaded company-wide analytics dashboard.', '2025-10-31 00:47:13'),
(398, 7, 'SCHEDULE_STANDARD_UPDATED', 'Updated standard schedule for EID 7.', '2025-10-31 00:50:21'),
(399, 10, 'PAY_RATE_UPDATED', 'Set new rate for EID 12: Daily @ 576.92 effective 2025-10-31.', '2025-10-31 00:52:39'),
(400, 10, 'PAY_RATE_UPDATED', 'Set new rate for EID 13: Hourly @ 576.92 effective 2025-10-31.', '2025-10-31 00:52:50'),
(401, 10, 'PAY_RATE_UPDATED', 'Set new rate for EID 11: Daily @ 461.53 effective 2025-10-31.', '2025-10-31 00:53:12'),
(402, 10, 'CA_DELETED', 'Soft deleted pending CA transaction ID 6.', '2025-10-31 00:53:42'),
(403, 10, 'JOURNAL_ENTRY_LOGGED', 'Logged a \'Warning\' journal entry for EID 11.', '2025-10-31 00:54:56'),
(404, 10, 'JOURNAL_ENTRY_LOGGED', 'Logged a \'Warning\' journal entry for EID 11.', '2025-10-31 00:55:16'),
(405, 10, 'JOURNAL_ENTRY_LOGGED', 'Logged a \'Warning\' journal entry for EID 12.', '2025-10-31 00:55:27'),
(406, 10, 'EMPLOYEE_CREATED', 'New employee Dino Mea (EID: 14, Role: Employee) created by Admin EID 10.', '2025-10-31 00:58:48'),
(407, 10, 'PAY_RATE_UPDATED', 'Set new rate for EID 14: Fix Rate @ 7500 effective 2025-10-31.', '2025-10-31 00:59:15'),
(408, 10, 'PAY_RATE_UPDATED', 'Updated pay rate (History ID 3) for EID 7: Fix Rate @ 12500 effective 2025-01-01.', '2025-10-31 00:59:45'),
(409, 10, 'PAY_RATE_UPDATED', 'Updated pay rate (History ID 3) for EID 7: Daily @ 961.53 effective 2025-01-01.', '2025-10-31 01:00:14'),
(410, 10, 'PAY_RATE_UPDATED', 'Updated pay rate (History ID 3) for EID 7: Fix Rate @ 12500 effective 2025-01-01.', '2025-10-31 01:00:27'),
(411, 10, 'PAY_RATE_UPDATED', 'Added new pay rate for EID 1: Fix Rate @ 0.00 effective 2025-10-31.', '2025-10-31 01:00:42'),
(412, 10, 'ADMIN_ANALYTICS_VIEWED', 'Admin loaded company-wide analytics dashboard.', '2025-10-31 01:02:57'),
(413, 11, 'LOGIN_SUCCESS', 'User abalugo (Employee) successfully logged in.', '2025-10-31 01:03:01'),
(414, 10, 'ADMIN_ANALYTICS_VIEWED', 'Admin loaded company-wide analytics dashboard.', '2025-10-31 01:03:41'),
(415, 11, 'PROFILE_PICTURE_UPLOADED', 'Employee uploaded new picture: uploads/profiles/11_1761897874.jpeg', '2025-10-31 01:04:34'),
(416, 11, 'EMPLOYEE_PROFILE_UPDATED', 'Employee updated their own profile details.', '2025-10-31 01:04:34'),
(417, 10, 'ATTENDANCE_UPDATED', 'HR Admin adjusted existing log ID 45 for EID 11.', '2025-10-31 01:04:40'),
(418, 7, 'ADMIN_ANALYTICS_VIEWED', 'Admin loaded company-wide analytics dashboard.', '2025-10-31 01:05:18'),
(419, 7, 'ATTENDANCE_ADDED', 'Super Admin manually added new log ID 47 for EID 7 on 2025-10-31.', '2025-10-31 01:37:45'),
(420, 7, 'LOGIN_SUCCESS', 'User rricamata (Super Admin) successfully logged in.', '2025-10-31 02:30:10'),
(421, 7, 'ADMIN_ANALYTICS_VIEWED', 'Admin loaded company-wide analytics dashboard.', '2025-10-31 02:30:12'),
(422, 7, 'REPORT_GENERATED', 'Generated Attendance Summary (Oct 1, 2025 - Oct 31, 2025). Filters: Type=attendance_summary, Start=2025-10-01, End=2025-10-31, Dept=all', '2025-10-31 02:32:59'),
(423, 7, 'LOGIN_SUCCESS', 'User rricamata (Super Admin) successfully logged in.', '2025-10-31 03:27:43'),
(424, 7, 'ADMIN_ANALYTICS_VIEWED', 'Admin loaded company-wide analytics dashboard.', '2025-10-31 03:27:44'),
(425, 7, 'LOGIN_SUCCESS', 'User rricamata (Super Admin) successfully logged in.', '2025-10-31 04:40:33'),
(426, 7, 'ADMIN_ANALYTICS_VIEWED', 'Admin loaded company-wide analytics dashboard.', '2025-10-31 04:40:35'),
(427, 7, 'ADMIN_ANALYTICS_VIEWED', 'Admin loaded company-wide analytics dashboard.', '2025-10-31 04:41:19'),
(428, 7, 'CA_ADDED', 'Added CA/VALE of 500 for EID 7 on 2025-10-31.', '2025-10-31 04:41:44'),
(429, 7, 'DEDUCTION_DELETED', 'Deleted deduction \'Medical Insurance\' (ID 2).', '2025-10-31 04:42:17'),
(430, 7, 'DEDUCTION_DELETED', 'Deleted deduction \'SSS\' (ID 1).', '2025-10-31 04:42:21'),
(431, 7, 'DEDUCTION_DELETED', 'Deleted deduction \'Taxes\' (ID 3).', '2025-10-31 04:42:24'),
(432, 7, 'PAY_RATE_UPDATED', 'Updated pay rate (History ID 6) for EID 13: Daily @ 576.92 effective 2025-10-31.', '2025-10-31 04:44:09'),
(433, 7, 'LOGIN_SUCCESS', 'User rricamata (Super Admin) successfully logged in.', '2025-10-31 06:26:28'),
(434, 7, 'ADMIN_ANALYTICS_VIEWED', 'Admin loaded company-wide analytics dashboard.', '2025-10-31 06:26:29'),
(435, 7, 'LOGIN_SUCCESS', 'User rricamata (Super Admin) successfully logged in.', '2025-10-31 07:28:06'),
(436, 7, 'ADMIN_ANALYTICS_VIEWED', 'Admin loaded company-wide analytics dashboard.', '2025-10-31 07:28:08');
INSERT INTO `audit_logs` (`log_id`, `employee_id`, `action`, `description`, `log_timestamp`) VALUES
(437, 7, 'ATTENDANCE_UPDATED', 'Super Admin adjusted existing log ID 47 for EID 7.', '2025-10-31 07:28:29'),
(438, 7, 'ADMIN_ANALYTICS_VIEWED', 'Admin loaded company-wide analytics dashboard.', '2025-10-31 07:29:29'),
(439, 7, 'ADMIN_ANALYTICS_VIEWED', 'Admin loaded company-wide analytics dashboard.', '2025-10-31 07:29:47'),
(440, 7, 'REPORT_GENERATED', 'Generated Attendance Summary (Oct 1, 2025 - Oct 31, 2025). Filters: Type=attendance_summary, Start=2025-10-01, End=2025-10-31, Dept=all', '2025-10-31 07:30:38'),
(441, 7, 'ATTENDANCE_UPDATED', 'Super Admin adjusted existing log ID 45 for EID 11.', '2025-10-31 07:31:08'),
(442, 7, 'ADMIN_ANALYTICS_VIEWED', 'Admin loaded company-wide analytics dashboard.', '2025-10-31 07:33:12'),
(443, 7, 'ADMIN_ANALYTICS_VIEWED', 'Admin loaded company-wide analytics dashboard.', '2025-10-31 07:37:49'),
(444, 7, 'ADMIN_ANALYTICS_VIEWED', 'Admin loaded company-wide analytics dashboard.', '2025-10-31 07:38:04'),
(445, 7, 'ADMIN_ANALYTICS_VIEWED', 'Admin loaded company-wide analytics dashboard.', '2025-10-31 07:43:45'),
(446, 7, 'LOGIN_SUCCESS', 'User rricamata (Super Admin) successfully logged in.', '2025-10-31 08:01:37'),
(447, 7, 'ADMIN_ANALYTICS_VIEWED', 'Admin loaded company-wide analytics dashboard.', '2025-10-31 08:01:38'),
(448, 7, 'LOGIN_SUCCESS', 'User rricamata (Super Admin) successfully logged in.', '2025-10-31 08:05:28'),
(449, 7, 'ADMIN_ANALYTICS_VIEWED', 'Admin loaded company-wide analytics dashboard.', '2025-10-31 08:05:30'),
(450, 7, 'ADMIN_ANALYTICS_VIEWED', 'Admin loaded company-wide analytics dashboard.', '2025-10-31 08:06:00'),
(451, 7, 'LOGIN_SUCCESS', 'User rricamata (Super Admin) successfully logged in.', '2025-10-31 18:44:55'),
(452, 7, 'ADMIN_ANALYTICS_VIEWED', 'Admin loaded company-wide analytics dashboard.', '2025-10-31 18:44:57'),
(453, 7, 'LOGIN_SUCCESS', 'User rricamata (Super Admin) successfully logged in.', '2025-10-31 18:45:29'),
(454, 7, 'ADMIN_ANALYTICS_VIEWED', 'Admin loaded company-wide analytics dashboard.', '2025-10-31 18:45:31'),
(455, 7, 'CLOCK_IN_SUCCESS', 'Clocked in at 2025-11-01 09:45:42. Scheduled start: 2025-11-01 09:00:00. (Late Clock-in)', '2025-10-31 18:45:42'),
(456, 7, 'ADMIN_ANALYTICS_VIEWED', 'Admin loaded company-wide analytics dashboard.', '2025-10-31 18:46:14'),
(457, 7, 'ADMIN_ANALYTICS_VIEWED', 'Admin loaded company-wide analytics dashboard.', '2025-10-31 19:11:40'),
(458, 7, 'ADMIN_ANALYTICS_VIEWED', 'Admin loaded company-wide analytics dashboard.', '2025-10-31 19:12:10'),
(459, 7, 'LOGIN_SUCCESS', 'User rricamata (Super Admin) successfully logged in.', '2025-10-31 23:47:09'),
(460, 7, 'ADMIN_ANALYTICS_VIEWED', 'Admin loaded company-wide analytics dashboard.', '2025-10-31 23:47:10'),
(461, 7, 'REPORT_GENERATED', 'Generated Attendance Summary (Oct 2, 2025 - Nov 1, 2025). Filters: Type=attendance_summary, Start=2025-10-02, End=2025-11-01, Dept=all', '2025-10-31 23:49:44'),
(462, 7, 'REPORT_GENERATED', 'Generated Attendance Summary (Oct 2, 2025 - Nov 1, 2025). Filters: Type=attendance_summary, Start=2025-10-02, End=2025-11-01, Dept=all', '2025-10-31 23:49:55'),
(463, 7, 'ADMIN_ANALYTICS_VIEWED', 'Admin loaded company-wide analytics dashboard.', '2025-10-31 23:50:32'),
(464, 10, 'LOGIN_SUCCESS', 'User kespiritu (HR Admin) successfully logged in.', '2025-11-02 16:25:39'),
(465, 10, 'ADMIN_ANALYTICS_VIEWED', 'Admin loaded company-wide analytics dashboard.', '2025-11-02 16:25:42'),
(466, 0, 'LOGIN_FAILED', 'Failed login attempt for email: krezelbandiola17@gmail.com from IP: 112.198.209.154', '2025-11-02 16:26:19'),
(467, 10, 'LOGIN_SUCCESS', 'User kespiritu (HR Admin) successfully logged in.', '2025-11-02 16:26:27'),
(468, 10, 'ADMIN_ANALYTICS_VIEWED', 'Admin loaded company-wide analytics dashboard.', '2025-11-02 16:26:29'),
(469, 10, 'CLOCK_IN_SUCCESS', 'Clocked in at 2025-11-03 07:26:44. Scheduled start: 2025-11-03 07:00:00. (Late Clock-in)', '2025-11-02 16:26:44'),
(470, 10, 'ADMIN_ANALYTICS_VIEWED', 'Admin loaded company-wide analytics dashboard.', '2025-11-02 16:26:50'),
(471, 0, 'LOGIN_FAILED', 'Failed login attempt for email: romecoach001@gmail.com from IP: 112.198.209.154', '2025-11-02 16:57:52'),
(472, 0, 'LOGIN_FAILED', 'Failed login attempt for email: romecoach001@gmail.com from IP: 112.198.209.154', '2025-11-02 16:57:54'),
(473, 10, 'ADMIN_ANALYTICS_VIEWED', 'Admin loaded company-wide analytics dashboard.', '2025-11-02 16:58:04'),
(474, 0, 'LOGIN_FAILED', 'Failed login attempt for email: romecoach001@gmail.com from IP: 112.198.209.154', '2025-11-02 16:58:07'),
(475, 0, 'LOGIN_FAILED', 'Failed login attempt for email: romecoach001@gmail.com from IP: 112.198.209.154', '2025-11-02 16:58:08'),
(476, 0, 'LOGIN_FAILED', 'Failed login attempt for email: romecoach001@gmail.com from IP: 112.198.209.154', '2025-11-02 16:58:09'),
(477, 13, 'LOGIN_SUCCESS', 'User jcahinde (Employee) successfully logged in.', '2025-11-02 16:58:28'),
(478, 13, 'CLOCK_IN_SUCCESS', 'Clocked in at 2025-11-03 07:59:52. Scheduled start: 2025-11-03 07:00:00. (Late Clock-in)', '2025-11-02 16:59:52'),
(479, 10, 'ADMIN_ANALYTICS_VIEWED', 'Admin loaded company-wide analytics dashboard.', '2025-11-02 17:00:12'),
(480, 7, 'LOGIN_SUCCESS', 'User rricamata (Super Admin) successfully logged in.', '2025-11-02 17:30:22'),
(481, 7, 'ADMIN_ANALYTICS_VIEWED', 'Admin loaded company-wide analytics dashboard.', '2025-11-02 17:30:24'),
(482, 7, 'ADMIN_ANALYTICS_VIEWED', 'Admin loaded company-wide analytics dashboard.', '2025-11-02 17:31:49'),
(483, 7, 'CLOCK_OUT_SUCCESS', 'Clocked out successfully from Kiosk. Log ID: 48. Duration: 46 hours, 58 minutes.', '2025-11-02 17:44:41'),
(484, 10, 'LOGIN_SUCCESS', 'User kespiritu (HR Admin) successfully logged in.', '2025-11-02 17:44:53'),
(485, 10, 'ADMIN_ANALYTICS_VIEWED', 'Admin loaded company-wide analytics dashboard.', '2025-11-02 17:44:55'),
(486, 10, 'ATTENDANCE_UPDATED', 'HR Admin adjusted existing log ID 48 for EID 7.', '2025-11-02 17:45:33'),
(487, 7, 'CLOCK_IN_SUCCESS', 'Clocked in at 2025-11-03 08:45:47. Scheduled start: 2025-11-03 09:00:00. (Early Clock-in)', '2025-11-02 17:45:47'),
(488, 10, 'ADMIN_ANALYTICS_VIEWED', 'Admin loaded company-wide analytics dashboard.', '2025-11-02 17:46:30'),
(489, 10, 'ADMIN_ANALYTICS_VIEWED', 'Admin loaded company-wide analytics dashboard.', '2025-11-02 17:46:52'),
(490, 12, 'LOGIN_SUCCESS', 'User rariola (Employee) successfully logged in.', '2025-11-02 18:03:10'),
(491, 12, 'CLOCK_IN_SUCCESS', 'Clocked in at 2025-11-03 09:04:03. Scheduled start: 2025-11-03 06:00:00. (Late Clock-in)', '2025-11-02 18:04:03'),
(492, 10, 'ADMIN_ANALYTICS_VIEWED', 'Admin loaded company-wide analytics dashboard.', '2025-11-02 18:04:30'),
(493, 11, 'LOGIN_SUCCESS', 'User abalugo (Employee) successfully logged in.', '2025-11-02 20:43:54'),
(494, 11, 'CLOCK_IN_SUCCESS', 'Clocked in at 2025-11-03 11:45:30. Scheduled start: 2025-11-03 12:00:00. (Early Clock-in)', '2025-11-02 20:45:30'),
(495, 10, 'LOGIN_SUCCESS', 'User kespiritu (HR Admin) successfully logged in.', '2025-11-02 20:52:26'),
(496, 10, 'ADMIN_ANALYTICS_VIEWED', 'Admin loaded company-wide analytics dashboard.', '2025-11-02 20:52:27'),
(497, 7, 'LOGIN_SUCCESS', 'User rricamata (Super Admin) successfully logged in.', '2025-11-02 21:28:43'),
(498, 7, 'ADMIN_ANALYTICS_VIEWED', 'Admin loaded company-wide analytics dashboard.', '2025-11-02 21:28:44'),
(499, 7, 'EMPLOYEE_CREATED', 'New employee Raymond De Castro (EID: 15, Role: Employee) created by Admin EID 7.', '2025-11-02 21:29:56'),
(500, 7, 'ADMIN_ANALYTICS_VIEWED', 'Admin loaded company-wide analytics dashboard.', '2025-11-02 21:31:47'),
(501, 7, 'SCHEDULE_STANDARD_UPDATED', 'Updated standard schedule for EID 15.', '2025-11-02 21:34:46'),
(502, 7, 'ADMIN_ANALYTICS_VIEWED', 'Admin loaded company-wide analytics dashboard.', '2025-11-02 21:35:54'),
(503, 7, 'LOGIN_SUCCESS', 'User rricamata (Super Admin) successfully logged in.', '2025-11-02 21:37:40'),
(504, 0, 'LOGIN_FAILED', 'Failed login attempt for email: djmon_rock13@yahoo.com from IP: 112.198.209.154', '2025-11-02 21:37:41'),
(505, 7, 'ADMIN_ANALYTICS_VIEWED', 'Admin loaded company-wide analytics dashboard.', '2025-11-02 21:37:41'),
(506, 15, 'LOGIN_SUCCESS', 'User rdecastro (Employee) successfully logged in.', '2025-11-02 21:38:03'),
(507, 15, 'CLOCK_IN_SUCCESS', 'Clocked in at 2025-11-03 12:38:28. Scheduled start: 2025-11-03 13:00:00. (Early Clock-in)', '2025-11-02 21:38:28'),
(508, 7, 'PAY_RATE_UPDATED', 'Set new rate for EID 15: Daily @ 576.92 effective 2025-11-03.', '2025-11-02 21:46:52'),
(509, 7, 'REPORT_GENERATED', 'Generated Payroll Summary (Oct 4, 2025 - Nov 3, 2025). Filters: Type=payroll_summary, Start=2025-10-04, End=2025-11-03, Dept=all', '2025-11-02 21:53:53'),
(510, 7, 'REPORT_GENERATED', 'Generated Attendance Summary (Oct 4, 2025 - Nov 3, 2025). Filters: Type=attendance_summary, Start=2025-10-04, End=2025-11-03, Dept=all', '2025-11-02 21:53:59'),
(511, 7, 'ADMIN_ANALYTICS_VIEWED', 'Admin loaded company-wide analytics dashboard.', '2025-11-02 21:59:20'),
(512, 15, 'LOGIN_SUCCESS', 'User rdecastro (Employee) successfully logged in.', '2025-11-02 22:22:42'),
(513, 7, 'LOGIN_SUCCESS', 'User rricamata (Super Admin) successfully logged in.', '2025-11-02 22:26:32'),
(514, 7, 'ADMIN_ANALYTICS_VIEWED', 'Admin loaded company-wide analytics dashboard.', '2025-11-02 22:26:37'),
(515, 7, 'ADMIN_ANALYTICS_VIEWED', 'Admin loaded company-wide analytics dashboard.', '2025-11-02 22:53:41'),
(516, 7, 'DEPT_UPDATED', 'Updated department ID 105 to \'BSports Gym\'. New Manager EID: 10.', '2025-11-02 22:54:09'),
(517, 7, 'DEPT_UPDATED', 'Updated department ID 106 to \'Infinite Radio\'. New Manager EID: 7.', '2025-11-02 22:54:15'),
(518, 7, 'ADMIN_ANALYTICS_VIEWED', 'Admin loaded company-wide analytics dashboard.', '2025-11-02 22:54:20'),
(519, 7, 'SCHEDULE_STANDARD_UPDATED', 'Updated standard schedule for EID 15.', '2025-11-02 22:56:07'),
(520, 7, 'SCHEDULE_STANDARD_UPDATED', 'Updated standard schedule for EID 15.', '2025-11-02 22:57:05'),
(521, 10, 'LOGIN_SUCCESS', 'User kespiritu (HR Admin) successfully logged in.', '2025-11-02 23:09:55'),
(522, 10, 'ADMIN_ANALYTICS_VIEWED', 'Admin loaded company-wide analytics dashboard.', '2025-11-02 23:09:56'),
(523, 10, 'CA_ADDED', 'Added CA/VALE of 150 for EID 13 on 2025-11-03.', '2025-11-02 23:10:45'),
(524, 10, 'CA_ADDED', 'Added CA/VALE of 2000 for EID 7 on 2025-11-03.', '2025-11-02 23:10:55'),
(525, 7, 'ADMIN_ANALYTICS_VIEWED', 'Admin loaded company-wide analytics dashboard.', '2025-11-02 23:11:08'),
(526, 10, 'CA_DELETED', 'Soft deleted pending CA transaction ID 7.', '2025-11-02 23:11:20'),
(527, 10, 'CA_ADDED', 'Added CA/VALE of 7500 for EID 15 on 2025-11-03.', '2025-11-02 23:12:35'),
(528, 10, 'ADMIN_ANALYTICS_VIEWED', 'Admin loaded company-wide analytics dashboard.', '2025-11-02 23:12:42'),
(529, 10, 'ADMIN_ANALYTICS_VIEWED', 'Admin loaded company-wide analytics dashboard.', '2025-11-02 23:13:36'),
(530, 10, 'ADMIN_ANALYTICS_VIEWED', 'Admin loaded company-wide analytics dashboard.', '2025-11-02 23:15:26'),
(531, 7, 'ADMIN_ANALYTICS_VIEWED', 'Admin loaded company-wide analytics dashboard.', '2025-11-02 23:16:25'),
(532, 10, 'ATTENDANCE_UPDATED', 'HR Admin adjusted existing log ID 44 for EID 10.', '2025-11-02 23:17:36'),
(533, 10, 'ADMIN_ANALYTICS_VIEWED', 'Admin loaded company-wide analytics dashboard.', '2025-11-02 23:36:29'),
(534, 7, 'ADMIN_ANALYTICS_VIEWED', 'Admin loaded company-wide analytics dashboard.', '2025-11-02 23:38:34'),
(535, 7, 'REPORT_GENERATED', 'Generated Attendance Summary (Oct 4, 2025 - Nov 3, 2025). Filters: Type=attendance_summary, Start=2025-10-04, End=2025-11-03, Dept=all', '2025-11-02 23:38:50'),
(536, 7, 'ADMIN_ANALYTICS_VIEWED', 'Admin loaded company-wide analytics dashboard.', '2025-11-02 23:39:07'),
(537, 7, 'LOGIN_SUCCESS', 'User rricamata (Super Admin) successfully logged in.', '2025-11-02 23:42:14'),
(538, 7, 'ADMIN_ANALYTICS_VIEWED', 'Admin loaded company-wide analytics dashboard.', '2025-11-02 23:44:00'),
(539, 10, 'ADMIN_ANALYTICS_VIEWED', 'Admin loaded company-wide analytics dashboard.', '2025-11-03 00:19:41'),
(540, 10, 'ADMIN_ANALYTICS_VIEWED', 'Admin loaded company-wide analytics dashboard.', '2025-11-03 00:20:02'),
(541, 10, 'ADMIN_ANALYTICS_VIEWED', 'Admin loaded company-wide analytics dashboard.', '2025-11-03 00:20:13'),
(542, 10, 'LOGIN_SUCCESS', 'User kespiritu (HR Admin) successfully logged in.', '2025-11-03 02:53:48'),
(543, 10, 'ADMIN_ANALYTICS_VIEWED', 'Admin loaded company-wide analytics dashboard.', '2025-11-03 02:53:51'),
(544, 10, 'CLOCK_OUT_SUCCESS', 'Clocked out successfully from Kiosk. Log ID: 49. Duration: 10 hours, 27 minutes.', '2025-11-03 02:54:15'),
(545, 12, 'LOGIN_SUCCESS', 'User rariola (Employee) successfully logged in.', '2025-11-03 02:58:18'),
(546, 12, 'CLOCK_OUT_SUCCESS', 'Clocked out successfully from Kiosk. Log ID: 52. Duration: 8 hours, 57 minutes.', '2025-11-03 03:01:16'),
(547, 13, 'LOGIN_SUCCESS', 'User jcahinde (Employee) successfully logged in.', '2025-11-03 03:06:36'),
(548, 13, 'LOGIN_SUCCESS', 'User jcahinde (Employee) successfully logged in.', '2025-11-03 03:12:52'),
(549, 13, 'LOGIN_SUCCESS', 'User jcahinde (Employee) successfully logged in.', '2025-11-03 06:31:06'),
(550, 7, 'LOGIN_SUCCESS', 'User rricamata (Super Admin) successfully logged in.', '2025-11-03 06:33:30'),
(551, 7, 'ADMIN_ANALYTICS_VIEWED', 'Admin loaded company-wide analytics dashboard.', '2025-11-03 06:33:32'),
(552, 13, 'CLOCK_OUT_SUCCESS', 'Clocked out successfully from Kiosk. Log ID: 50. Duration: 13 hours, 34 minutes.', '2025-11-03 06:33:54'),
(553, 7, 'ADMIN_ANALYTICS_VIEWED', 'Admin loaded company-wide analytics dashboard.', '2025-11-03 06:35:16'),
(554, 11, 'LOGIN_SUCCESS', 'User abalugo (Employee) successfully logged in.', '2025-11-03 06:58:47'),
(555, 11, 'LOGIN_SUCCESS', 'User abalugo (Employee) successfully logged in.', '2025-11-03 06:59:38'),
(556, 11, 'CLOCK_OUT_SUCCESS', 'Clocked out successfully from Kiosk. Log ID: 53. Duration: 10 hours, 0 minutes.', '2025-11-03 07:00:24'),
(557, 7, 'LOGIN_SUCCESS', 'User rricamata (Super Admin) successfully logged in.', '2025-11-03 07:01:29'),
(558, 7, 'ADMIN_ANALYTICS_VIEWED', 'Admin loaded company-wide analytics dashboard.', '2025-11-03 07:01:30'),
(559, 7, 'LOGIN_SUCCESS', 'User rricamata (Super Admin) successfully logged in.', '2025-11-03 07:36:25'),
(560, 7, 'ADMIN_ANALYTICS_VIEWED', 'Admin loaded company-wide analytics dashboard.', '2025-11-03 07:36:26'),
(561, 7, 'ADMIN_ANALYTICS_VIEWED', 'Admin loaded company-wide analytics dashboard.', '2025-11-03 07:37:07'),
(562, 7, 'LOGIN_SUCCESS', 'User rricamata (Super Admin) successfully logged in.', '2025-11-03 08:46:18'),
(563, 7, 'ADMIN_ANALYTICS_VIEWED', 'Admin loaded company-wide analytics dashboard.', '2025-11-03 08:46:20'),
(564, 15, 'LOGIN_SUCCESS', 'User rdecastro (Employee) successfully logged in.', '2025-11-03 08:47:41'),
(565, 15, 'CLOCK_OUT_SUCCESS', 'Clocked out successfully from Kiosk. Log ID: 54. Duration: 10 hours, 48 minutes.', '2025-11-03 08:48:31'),
(566, 7, 'REPORT_GENERATED', 'Generated Attendance Summary (Oct 4, 2025 - Nov 3, 2025). Filters: Type=attendance_summary, Start=2025-10-04, End=2025-11-03, Dept=all', '2025-11-03 08:53:03'),
(567, 7, 'ADMIN_ANALYTICS_VIEWED', 'Admin loaded company-wide analytics dashboard.', '2025-11-03 08:53:54'),
(568, 7, 'EMPLOYEE_DELETE_ERROR', 'DB error deleting EID 4: SQLSTATE[23000]: Integrity constraint violation: 1451 Cannot delete or update a parent row: a foreign key constraint fails (`infinit2_employee_system`.`ca_transactions`, CONSTRAINT `ca_transactions_ibfk_1` FOREIGN KEY (`employee_id`) REFERENCES `employees` (`employee_id`))', '2025-11-03 08:54:40'),
(569, 7, 'ADMIN_ANALYTICS_VIEWED', 'Admin loaded company-wide analytics dashboard.', '2025-11-03 08:55:07'),
(570, 7, 'CLOCK_OUT_SUCCESS', 'Clocked out successfully from Kiosk. Log ID: 51. Duration: 14 hours, 55 minutes.', '2025-11-03 08:55:54'),
(571, 7, 'CLOCK_IN_FAILED', 'Attempted double clock-in on 2025-11-03.', '2025-11-03 08:55:57'),
(572, 7, 'CLOCK_IN_FAILED', 'Attempted double clock-in on 2025-11-03.', '2025-11-03 08:56:00'),
(573, 7, 'CLOCK_IN_FAILED', 'Attempted double clock-in on 2025-11-03.', '2025-11-03 08:56:10'),
(574, 7, 'REPORT_GENERATED', 'Generated Attendance Summary (Oct 4, 2025 - Nov 3, 2025). Filters: Type=attendance_summary, Start=2025-10-04, End=2025-11-03, Dept=all', '2025-11-03 08:57:53'),
(575, 7, 'LOGIN_SUCCESS', 'User rricamata (Super Admin) successfully logged in.', '2025-11-03 10:20:15'),
(576, 7, 'ADMIN_ANALYTICS_VIEWED', 'Admin loaded company-wide analytics dashboard.', '2025-11-03 10:20:16'),
(577, 7, 'GLOBAL_SETTINGS_UPDATED', 'Global settings updated. Changes: company_name: \'EMC\', timezone: \'Asia/Manila\', currency_symbol: \'₱\', system_ca_deduction_name: \'Cash Advance\'', '2025-11-03 10:20:21'),
(578, 7, 'LOGIN_SUCCESS', 'User rricamata (Super Admin) successfully logged in.', '2025-11-03 12:39:19'),
(579, 7, 'ADMIN_ANALYTICS_VIEWED', 'Admin loaded company-wide analytics dashboard.', '2025-11-03 12:39:20'),
(580, 13, 'LOGIN_SUCCESS', 'User jcahinde (Employee) successfully logged in.', '2025-11-03 15:58:26'),
(581, 10, 'LOGIN_SUCCESS', 'User kespiritu (HR Admin) successfully logged in.', '2025-11-03 16:01:13'),
(582, 10, 'ADMIN_ANALYTICS_VIEWED', 'Admin loaded company-wide analytics dashboard.', '2025-11-03 16:01:15'),
(583, 13, 'CLOCK_IN_SUCCESS', 'Clocked in at 2025-11-04 07:01:59. Scheduled start: 2025-11-04 07:00:00.', '2025-11-03 16:01:59'),
(584, 10, 'LOGIN_SUCCESS', 'User kespiritu (HR Admin) successfully logged in.', '2025-11-03 16:13:50'),
(585, 10, 'ADMIN_ANALYTICS_VIEWED', 'Admin loaded company-wide analytics dashboard.', '2025-11-03 16:13:52'),
(586, 10, 'CLOCK_IN_SUCCESS', 'Clocked in at 2025-11-04 07:14:03. Scheduled start: 2025-11-04 07:00:00. (Late Clock-in)', '2025-11-03 16:14:03'),
(587, 10, 'LOGIN_SUCCESS', 'User kespiritu (HR Admin) successfully logged in.', '2025-11-03 16:23:35'),
(588, 10, 'ADMIN_ANALYTICS_VIEWED', 'Admin loaded company-wide analytics dashboard.', '2025-11-03 16:23:37'),
(589, 10, 'ADMIN_ANALYTICS_VIEWED', 'Admin loaded company-wide analytics dashboard.', '2025-11-03 16:23:42'),
(590, 7, 'LOGIN_SUCCESS', 'User rricamata (Super Admin) successfully logged in.', '2025-11-03 19:01:36'),
(591, 7, 'ADMIN_ANALYTICS_VIEWED', 'Admin loaded company-wide analytics dashboard.', '2025-11-03 19:01:38'),
(592, 7, 'ADMIN_ANALYTICS_VIEWED', 'Admin loaded company-wide analytics dashboard.', '2025-11-03 19:02:16'),
(593, 10, 'LOGIN_SUCCESS', 'User kespiritu (HR Admin) successfully logged in.', '2025-11-03 19:16:55'),
(594, 10, 'ADMIN_ANALYTICS_VIEWED', 'Admin loaded company-wide analytics dashboard.', '2025-11-03 19:16:57'),
(595, 10, 'ADMIN_ANALYTICS_VIEWED', 'Admin loaded company-wide analytics dashboard.', '2025-11-03 19:17:02'),
(596, 10, 'ADMIN_ANALYTICS_VIEWED', 'Admin loaded company-wide analytics dashboard.', '2025-11-03 19:17:55'),
(597, 10, 'ATTENDANCE_UPDATED', 'HR Admin adjusted existing log ID 55 for EID 13.', '2025-11-03 19:19:27'),
(598, 10, 'LOGIN_SUCCESS', 'User kespiritu (HR Admin) successfully logged in.', '2025-11-03 20:49:57'),
(599, 10, 'ADMIN_ANALYTICS_VIEWED', 'Admin loaded company-wide analytics dashboard.', '2025-11-03 20:49:59'),
(600, 11, 'LOGIN_SUCCESS', 'User abalugo (Employee) successfully logged in.', '2025-11-03 20:50:22'),
(601, 11, 'LOGIN_SUCCESS', 'User abalugo (Employee) successfully logged in.', '2025-11-03 20:50:23'),
(602, 11, 'LOGIN_SUCCESS', 'User abalugo (Employee) successfully logged in.', '2025-11-03 20:50:28'),
(603, 11, 'CLOCK_IN_SUCCESS', 'Clocked in at 2025-11-04 11:51:02. Scheduled start: 2025-11-04 12:00:00. (Early Clock-in)', '2025-11-03 20:51:02'),
(604, 15, 'LOGIN_SUCCESS', 'User rdecastro (Employee) successfully logged in.', '2025-11-03 21:24:42'),
(605, 15, 'CLOCK_IN_SUCCESS', 'Clocked in at 2025-11-04 12:25:18. Scheduled start: 2025-11-04 13:00:00. (Early Clock-in)', '2025-11-03 21:25:18'),
(606, 7, 'LOGIN_SUCCESS', 'User rricamata (Super Admin) successfully logged in.', '2025-11-03 21:25:29'),
(607, 7, 'ADMIN_ANALYTICS_VIEWED', 'Admin loaded company-wide analytics dashboard.', '2025-11-03 21:25:30'),
(608, 7, 'LOGIN_SUCCESS', 'User rricamata (Super Admin) successfully logged in.', '2025-11-03 21:25:46'),
(609, 7, 'ADMIN_ANALYTICS_VIEWED', 'Admin loaded company-wide analytics dashboard.', '2025-11-03 21:25:48'),
(610, 7, 'CLOCK_IN_SUCCESS', 'Clocked in at 2025-11-04 12:26:05. Scheduled start: 2025-11-04 09:00:00. (Late Clock-in)', '2025-11-03 21:26:05'),
(611, 7, 'ADMIN_ANALYTICS_VIEWED', 'Admin loaded company-wide analytics dashboard.', '2025-11-03 21:26:14'),
(612, 7, 'ADMIN_ANALYTICS_VIEWED', 'Admin loaded company-wide analytics dashboard.', '2025-11-03 22:22:32'),
(613, 10, 'LOGIN_SUCCESS', 'User kespiritu (HR Admin) successfully logged in.', '2025-11-04 01:28:13'),
(614, 10, 'LOGIN_SUCCESS', 'User kespiritu (HR Admin) successfully logged in.', '2025-11-04 01:28:14'),
(615, 10, 'ADMIN_ANALYTICS_VIEWED', 'Admin loaded company-wide analytics dashboard.', '2025-11-04 01:28:18'),
(616, 10, 'CLOCK_OUT_SUCCESS', 'Clocked out successfully from Kiosk. Log ID: 56. Duration: 9 hours, 14 minutes.', '2025-11-04 01:28:48'),
(617, 13, 'LOGIN_SUCCESS', 'User jcahinde (Employee) successfully logged in.', '2025-11-04 06:27:10'),
(618, 10, 'ADMIN_ANALYTICS_VIEWED', 'Admin loaded company-wide analytics dashboard.', '2025-11-04 06:28:16'),
(619, 10, 'ATTENDANCE_UPDATED', 'HR Admin adjusted existing log ID 55 for EID 13.', '2025-11-04 06:28:55'),
(620, 10, 'ADMIN_ANALYTICS_VIEWED', 'Admin loaded company-wide analytics dashboard.', '2025-11-04 06:35:31'),
(621, 10, 'ADMIN_ANALYTICS_VIEWED', 'Admin loaded company-wide analytics dashboard.', '2025-11-04 06:36:31'),
(622, 10, 'ADMIN_ANALYTICS_VIEWED', 'Admin loaded company-wide analytics dashboard.', '2025-11-04 06:36:39'),
(623, 10, 'ADMIN_ANALYTICS_VIEWED', 'Admin loaded company-wide analytics dashboard.', '2025-11-04 06:36:41'),
(624, 11, 'LOGIN_SUCCESS', 'User abalugo (Employee) successfully logged in.', '2025-11-04 07:00:31'),
(625, 11, 'LOGIN_SUCCESS', 'User abalugo (Employee) successfully logged in.', '2025-11-04 07:00:44'),
(626, 11, 'LOGIN_SUCCESS', 'User abalugo (Employee) successfully logged in.', '2025-11-04 07:01:28'),
(627, 11, 'CLOCK_OUT_SUCCESS', 'Clocked out successfully from Kiosk. Log ID: 57. Duration: 10 hours, 2 minutes.', '2025-11-04 07:02:24'),
(628, 11, 'CLOCK_IN_FAILED', 'Attempted double clock-in on 2025-11-04.', '2025-11-04 07:02:52'),
(629, 15, 'LOGIN_SUCCESS', 'User rdecastro (Employee) successfully logged in.', '2025-11-04 09:45:32'),
(630, 15, 'CLOCK_OUT_SUCCESS', 'Clocked out successfully from Kiosk. Log ID: 58. Duration: 11 hours, 45 minutes.', '2025-11-04 09:45:44'),
(631, 10, 'LOGIN_SUCCESS', 'User kespiritu (HR Admin) successfully logged in.', '2025-11-04 16:38:21'),
(632, 10, 'ADMIN_ANALYTICS_VIEWED', 'Admin loaded company-wide analytics dashboard.', '2025-11-04 16:38:23'),
(633, 10, 'CLOCK_IN_SUCCESS', 'Clocked in at 2025-11-05 07:38:34. Scheduled start: 2025-11-05 07:00:00. (Late Clock-in)', '2025-11-04 16:38:34'),
(634, 10, 'ATTENDANCE_UPDATED', 'HR Admin adjusted existing log ID 60 for EID 10.', '2025-11-04 16:39:47'),
(635, 10, 'ADMIN_ANALYTICS_VIEWED', 'Admin loaded company-wide analytics dashboard.', '2025-11-04 16:45:24'),
(636, 10, 'ADMIN_ANALYTICS_VIEWED', 'Admin loaded company-wide analytics dashboard.', '2025-11-04 16:45:29'),
(637, 13, 'LOGIN_SUCCESS', 'User jcahinde (Employee) successfully logged in.', '2025-11-04 17:03:57'),
(638, 10, 'ADMIN_ANALYTICS_VIEWED', 'Admin loaded company-wide analytics dashboard.', '2025-11-04 17:04:31'),
(639, 10, 'ADMIN_ANALYTICS_VIEWED', 'Admin loaded company-wide analytics dashboard.', '2025-11-04 17:04:40'),
(640, 10, 'ADMIN_ANALYTICS_VIEWED', 'Admin loaded company-wide analytics dashboard.', '2025-11-04 17:04:44'),
(641, 10, 'ADMIN_ANALYTICS_VIEWED', 'Admin loaded company-wide analytics dashboard.', '2025-11-04 17:04:46'),
(642, 10, 'ADMIN_ANALYTICS_VIEWED', 'Admin loaded company-wide analytics dashboard.', '2025-11-04 17:05:08'),
(643, 10, 'ADMIN_ANALYTICS_VIEWED', 'Admin loaded company-wide analytics dashboard.', '2025-11-04 17:05:12'),
(644, 10, 'ADMIN_ANALYTICS_VIEWED', 'Admin loaded company-wide analytics dashboard.', '2025-11-04 17:05:27'),
(645, 13, 'CLOCK_IN_SUCCESS', 'Clocked in at 2025-11-05 08:07:13. Scheduled start: 2025-11-05 07:00:00. (Late Clock-in)', '2025-11-04 17:07:13'),
(646, 10, 'ADMIN_ANALYTICS_VIEWED', 'Admin loaded company-wide analytics dashboard.', '2025-11-04 17:07:16'),
(647, 10, 'ADMIN_ANALYTICS_VIEWED', 'Admin loaded company-wide analytics dashboard.', '2025-11-04 17:28:23'),
(648, 10, 'ADMIN_ANALYTICS_VIEWED', 'Admin loaded company-wide analytics dashboard.', '2025-11-04 17:48:27'),
(649, 10, 'CA_ADDED', 'Added CA/VALE of 1000 for EID 14 on 2025-11-04.', '2025-11-04 17:48:52'),
(650, 10, 'ADMIN_ANALYTICS_VIEWED', 'Admin loaded company-wide analytics dashboard.', '2025-11-04 17:49:07'),
(651, 10, 'PAYROLL_SKIP', 'Skipped EID 1: No active/valid pay rate.', '2025-11-04 17:49:43'),
(652, 10, 'PAYROLL_SKIP', 'Skipped EID 4: No active/valid pay rate.', '2025-11-04 17:49:43'),
(653, 10, 'CA_DEDUCTED', 'Ded. 2000 CA for EID 7 (PID 13). Details: Full ded. 2000 (TID 9). Remaining: 0.00', '2025-11-04 17:49:43'),
(654, 10, 'CA_DEDUCTED', 'Ded. 150 CA for EID 13 (PID 17). Details: Full ded. 150 (TID 8). Remaining: 0.00', '2025-11-04 17:49:43'),
(655, 10, 'CA_DEDUCTED', 'Ded. 1000 CA for EID 14 (PID 18). Details: Full ded. 1000 (TID 11). Remaining: 0.00', '2025-11-04 17:49:43'),
(656, 10, 'CA_DEDUCTED', 'Ded. 1153.84 CA for EID 15 (PID 19). Details: Partial ded. 1153.84 (TID 10). Remaining: 6,346.16', '2025-11-04 17:49:43'),
(657, 10, 'PAYROLL_GENERATED', 'Payroll run completed for period 2025-10-26 to 2025-11-10. Processed 7 payslips.', '2025-11-04 17:49:43'),
(658, 10, 'LOGIN_SUCCESS', 'User kespiritu (HR Admin) successfully logged in.', '2025-11-04 18:57:18'),
(659, 10, 'ADMIN_ANALYTICS_VIEWED', 'Admin loaded company-wide analytics dashboard.', '2025-11-04 18:57:19'),
(660, 10, 'ADMIN_ANALYTICS_VIEWED', 'Admin loaded company-wide analytics dashboard.', '2025-11-04 18:58:15'),
(661, 11, 'LOGIN_SUCCESS', 'User abalugo (Employee) successfully logged in.', '2025-11-04 20:41:10'),
(662, 10, 'LOGIN_SUCCESS', 'User kespiritu (HR Admin) successfully logged in.', '2025-11-04 23:18:30'),
(663, 10, 'ADMIN_ANALYTICS_VIEWED', 'Admin loaded company-wide analytics dashboard.', '2025-11-04 23:18:31'),
(664, 11, 'LOGIN_SUCCESS', 'User abalugo (Employee) successfully logged in.', '2025-11-04 23:18:42'),
(665, 11, 'CLOCK_IN_SUCCESS', 'Clocked in at 2025-11-05 14:19:17. Scheduled start: 2025-11-05 12:00:00. (Late Clock-in)', '2025-11-04 23:19:17'),
(666, 11, 'CLOCK_OUT_SUCCESS', 'Clocked out successfully from Kiosk. Log ID: 62. Duration: 0 hours, 0 minutes.', '2025-11-04 23:19:20'),
(667, 10, 'LOGIN_SUCCESS', 'User kespiritu (HR Admin) successfully logged in.', '2025-11-05 01:15:33'),
(668, 10, 'ADMIN_ANALYTICS_VIEWED', 'Admin loaded company-wide analytics dashboard.', '2025-11-05 01:15:34'),
(669, 15, 'LOGIN_SUCCESS', 'User rdecastro (Employee) successfully logged in.', '2025-11-05 01:15:58'),
(670, 15, 'CLOCK_IN_SUCCESS', 'Clocked in at 2025-11-05 16:16:48. Scheduled start: 2025-11-05 13:00:00. (Late Clock-in)', '2025-11-05 01:16:48'),
(671, 10, 'ATTENDANCE_UPDATED', 'HR Admin adjusted existing log ID 63 for EID 15.', '2025-11-05 01:17:03'),
(672, 10, 'ADMIN_ANALYTICS_VIEWED', 'Admin loaded company-wide analytics dashboard.', '2025-11-05 01:17:32'),
(673, 10, 'LOGIN_SUCCESS', 'User kespiritu (HR Admin) successfully logged in.', '2025-11-05 02:58:26'),
(674, 10, 'ADMIN_ANALYTICS_VIEWED', 'Admin loaded company-wide analytics dashboard.', '2025-11-05 02:58:32'),
(675, 10, 'ADMIN_ANALYTICS_VIEWED', 'Admin loaded company-wide analytics dashboard.', '2025-11-05 02:59:28'),
(676, 10, 'CLOCK_OUT_SUCCESS', 'Clocked out successfully from Kiosk. Log ID: 60. Duration: 10 hours, 41 minutes.', '2025-11-05 03:01:51'),
(677, 10, 'LOGIN_SUCCESS', 'User kespiritu (HR Admin) successfully logged in.', '2025-11-05 03:05:18'),
(678, 10, 'ADMIN_ANALYTICS_VIEWED', 'Admin loaded company-wide analytics dashboard.', '2025-11-05 03:05:19'),
(679, 13, 'LOGIN_SUCCESS', 'User jcahinde (Employee) successfully logged in.', '2025-11-05 05:57:23'),
(680, 7, 'LOGIN_SUCCESS', 'User rricamata (Super Admin) successfully logged in.', '2025-11-05 06:02:01'),
(681, 7, 'ADMIN_ANALYTICS_VIEWED', 'Admin loaded company-wide analytics dashboard.', '2025-11-05 06:02:03'),
(682, 13, 'CLOCK_OUT_SUCCESS', 'Clocked out successfully from Kiosk. Log ID: 61. Duration: 12 hours, 55 minutes.', '2025-11-05 06:02:20'),
(683, 11, 'LOGIN_SUCCESS', 'User abalugo (Employee) successfully logged in.', '2025-11-05 07:06:37'),
(684, 11, 'CLOCK_IN_FAILED', 'Attempted double clock-in on 2025-11-05.', '2025-11-05 07:07:00'),
(685, 11, 'LOGIN_SUCCESS', 'User abalugo (Employee) successfully logged in.', '2025-11-05 07:07:11'),
(686, 11, 'LOGIN_SUCCESS', 'User abalugo (Employee) successfully logged in.', '2025-11-05 07:07:22'),
(687, 11, 'CLOCK_IN_FAILED', 'Attempted double clock-in on 2025-11-05.', '2025-11-05 07:07:42'),
(688, 11, 'LOGIN_SUCCESS', 'User abalugo (Employee) successfully logged in.', '2025-11-05 07:08:13'),
(689, 7, 'LOGIN_SUCCESS', 'User rricamata (Super Admin) successfully logged in.', '2025-11-05 07:08:22'),
(690, 7, 'ADMIN_ANALYTICS_VIEWED', 'Admin loaded company-wide analytics dashboard.', '2025-11-05 07:08:23'),
(691, 10, 'LOGIN_SUCCESS', 'User kespiritu (HR Admin) successfully logged in.', '2025-11-05 07:08:59'),
(692, 10, 'ADMIN_ANALYTICS_VIEWED', 'Admin loaded company-wide analytics dashboard.', '2025-11-05 07:09:01'),
(693, 10, 'ATTENDANCE_UPDATED', 'HR Admin adjusted existing log ID 62 for EID 11.', '2025-11-05 07:10:18'),
(694, 7, 'ADMIN_ANALYTICS_VIEWED', 'Admin loaded company-wide analytics dashboard.', '2025-11-05 07:12:24'),
(695, 7, 'ADMIN_ANALYTICS_VIEWED', 'Admin loaded company-wide analytics dashboard.', '2025-11-05 07:13:02'),
(696, 12, 'LOGIN_SUCCESS', 'User rariola (Employee) successfully logged in.', '2025-11-05 14:34:46'),
(697, 12, 'CLOCK_IN_SUCCESS', 'Clocked in at 2025-11-06 05:35:46. Scheduled start: 2025-11-06 06:00:00. (Early Clock-in)', '2025-11-05 14:35:46'),
(698, 10, 'LOGIN_SUCCESS', 'User kespiritu (HR Admin) successfully logged in.', '2025-11-05 16:08:05'),
(699, 10, 'LOGIN_SUCCESS', 'User kespiritu (HR Admin) successfully logged in.', '2025-11-05 16:08:05'),
(700, 10, 'LOGIN_SUCCESS', 'User kespiritu (HR Admin) successfully logged in.', '2025-11-05 16:08:07'),
(701, 10, 'LOGIN_SUCCESS', 'User kespiritu (HR Admin) successfully logged in.', '2025-11-05 16:08:08'),
(702, 10, 'LOGIN_SUCCESS', 'User kespiritu (HR Admin) successfully logged in.', '2025-11-05 16:08:09'),
(703, 10, 'LOGIN_SUCCESS', 'User kespiritu (HR Admin) successfully logged in.', '2025-11-05 16:08:09'),
(704, 10, 'ADMIN_ANALYTICS_VIEWED', 'Admin loaded company-wide analytics dashboard.', '2025-11-05 16:08:27'),
(705, 10, 'CLOCK_IN_SUCCESS', 'Clocked in at 2025-11-06 07:12:40. Scheduled start: 2025-11-06 07:00:00. (Late Clock-in)', '2025-11-05 16:12:40'),
(706, 10, 'LOGIN_SUCCESS', 'User kespiritu (HR Admin) successfully logged in.', '2025-11-05 16:44:19'),
(707, 10, 'ADMIN_ANALYTICS_VIEWED', 'Admin loaded company-wide analytics dashboard.', '2025-11-05 16:44:20'),
(708, 10, 'CA_ADDED', 'Added CA/VALE of 100 for EID 7 on 2025-11-04.', '2025-11-05 16:45:32'),
(709, 10, 'CA_ADDED', 'Added CA/VALE of 169 for EID 15 on 2025-11-05.', '2025-11-05 16:45:48'),
(710, 10, 'CA_ADDED', 'Added CA/VALE of 200 for EID 7 on 2025-11-05.', '2025-11-05 16:46:09'),
(711, 10, 'ADMIN_ANALYTICS_VIEWED', 'Admin loaded company-wide analytics dashboard.', '2025-11-05 16:46:15'),
(712, 10, 'ADMIN_ANALYTICS_VIEWED', 'Admin loaded company-wide analytics dashboard.', '2025-11-05 16:46:38'),
(713, 13, 'LOGIN_SUCCESS', 'User jcahinde (Employee) successfully logged in.', '2025-11-05 16:46:41'),
(714, 13, 'CLOCK_IN_SUCCESS', 'Clocked in at 2025-11-06 07:47:09. Scheduled start: 2025-11-06 07:00:00. (Late Clock-in)', '2025-11-05 16:47:09'),
(715, 10, 'ADMIN_ANALYTICS_VIEWED', 'Admin loaded company-wide analytics dashboard.', '2025-11-05 16:48:04'),
(716, 7, 'LOGIN_SUCCESS', 'User rricamata (Super Admin) successfully logged in.', '2025-11-05 16:54:34'),
(717, 7, 'ADMIN_ANALYTICS_VIEWED', 'Admin loaded company-wide analytics dashboard.', '2025-11-05 16:54:35'),
(718, 10, 'PAYROLL_RUN_DELETED', 'Deleted payroll run for period 2025-10-26 to 2025-11-10. Removed 7 payslip records. Reset 4 CA/VALE transaction statuses.', '2025-11-05 16:55:55'),
(719, 10, 'CA_ADDED', 'Added CA/VALE of 50 for EID 7 on 2025-11-05.', '2025-11-05 16:58:37'),
(720, 10, 'ADMIN_ANALYTICS_VIEWED', 'Admin loaded company-wide analytics dashboard.', '2025-11-05 16:58:41'),
(721, 10, 'ATTENDANCE_ADDED', 'HR Admin manually added new log ID 67 for EID 12 on 2025-10-27.', '2025-11-05 17:03:25'),
(722, 10, 'ATTENDANCE_ADDED', 'HR Admin manually added new log ID 68 for EID 11 on 2025-10-27.', '2025-11-05 17:03:53'),
(723, 10, 'ATTENDANCE_ADDED', 'HR Admin manually added new log ID 69 for EID 13 on 2025-10-27.', '2025-11-05 17:04:33'),
(724, 10, 'ATTENDANCE_ADDED', 'HR Admin manually added new log ID 70 for EID 10 on 2025-10-27.', '2025-11-05 17:05:02'),
(725, 10, 'ADMIN_ANALYTICS_VIEWED', 'Admin loaded company-wide analytics dashboard.', '2025-11-05 17:05:33'),
(726, 10, 'ATTENDANCE_ADDED', 'HR Admin manually added new log ID 71 for EID 12 on 2025-10-28.', '2025-11-05 17:06:15'),
(727, 10, 'ATTENDANCE_ADDED', 'HR Admin manually added new log ID 72 for EID 11 on 2025-10-28.', '2025-11-05 17:06:41'),
(728, 10, 'ATTENDANCE_ADDED', 'HR Admin manually added new log ID 73 for EID 13 on 2025-10-28.', '2025-11-05 17:07:08'),
(729, 10, 'ATTENDANCE_ADDED', 'HR Admin manually added new log ID 74 for EID 10 on 2025-10-28.', '2025-11-05 17:07:31'),
(730, 10, 'ATTENDANCE_ADDED', 'HR Admin manually added new log ID 75 for EID 12 on 2025-10-29.', '2025-11-05 17:07:52'),
(731, 10, 'ATTENDANCE_ADDED', 'HR Admin manually added new log ID 76 for EID 11 on 2025-10-29.', '2025-11-05 17:08:13'),
(732, 10, 'ADMIN_ANALYTICS_VIEWED', 'Admin loaded company-wide analytics dashboard.', '2025-11-05 17:08:41'),
(733, 10, 'ATTENDANCE_ADDED', 'HR Admin manually added new log ID 77 for EID 13 on 2025-10-29.', '2025-11-05 17:10:21'),
(734, 10, 'ATTENDANCE_ADDED', 'HR Admin manually added new log ID 78 for EID 10 on 2025-10-29.', '2025-11-05 17:11:01'),
(735, 10, 'ATTENDANCE_ADDED', 'HR Admin manually added new log ID 79 for EID 12 on 2025-10-30.', '2025-11-05 17:11:53'),
(736, 10, 'ATTENDANCE_ADDED', 'HR Admin manually added new log ID 80 for EID 11 on 2025-10-30.', '2025-11-05 17:12:14'),
(737, 10, 'ATTENDANCE_ADDED', 'HR Admin manually added new log ID 81 for EID 13 on 2025-10-30.', '2025-11-05 17:12:44'),
(738, 10, 'ATTENDANCE_ADDED', 'HR Admin manually added new log ID 82 for EID 10 on 2025-10-30.', '2025-11-05 17:14:11'),
(739, 10, 'ADMIN_ANALYTICS_VIEWED', 'Admin loaded company-wide analytics dashboard.', '2025-11-05 17:15:03'),
(740, 10, 'ADMIN_ANALYTICS_VIEWED', 'Admin loaded company-wide analytics dashboard.', '2025-11-05 17:15:14'),
(741, 11, 'LOGIN_SUCCESS', 'User abalugo (Employee) successfully logged in.', '2025-11-05 20:50:27'),
(742, 11, 'LOGIN_SUCCESS', 'User abalugo (Employee) successfully logged in.', '2025-11-05 20:50:28'),
(743, 11, 'LOGIN_SUCCESS', 'User abalugo (Employee) successfully logged in.', '2025-11-05 20:50:32'),
(744, 11, 'CLOCK_IN_SUCCESS', 'Clocked in at 2025-11-06 11:50:54. Scheduled start: 2025-11-06 12:00:00. (Early Clock-in)', '2025-11-05 20:50:54'),
(745, 10, 'LOGIN_SUCCESS', 'User kespiritu (HR Admin) successfully logged in.', '2025-11-05 20:57:53'),
(746, 10, 'ADMIN_ANALYTICS_VIEWED', 'Admin loaded company-wide analytics dashboard.', '2025-11-05 20:57:55'),
(747, 10, 'ADMIN_ANALYTICS_VIEWED', 'Admin loaded company-wide analytics dashboard.', '2025-11-05 20:58:46'),
(748, 7, 'LOGIN_SUCCESS', 'User rricamata (Super Admin) successfully logged in.', '2025-11-05 21:42:03'),
(749, 7, 'ADMIN_ANALYTICS_VIEWED', 'Admin loaded company-wide analytics dashboard.', '2025-11-05 21:42:05'),
(750, 15, 'LOGIN_SUCCESS', 'User rdecastro (Employee) successfully logged in.', '2025-11-05 21:42:23'),
(751, 15, 'CLOCK_OUT_SUCCESS', 'Clocked out successfully from Kiosk. Log ID: 63. Duration: 23 hours, 42 minutes.', '2025-11-05 21:42:34'),
(752, 10, 'LOGIN_SUCCESS', 'User kespiritu (HR Admin) successfully logged in.', '2025-11-06 00:23:17'),
(753, 10, 'ADMIN_ANALYTICS_VIEWED', 'Admin loaded company-wide analytics dashboard.', '2025-11-06 00:23:19'),
(754, 10, 'ADMIN_ANALYTICS_VIEWED', 'Admin loaded company-wide analytics dashboard.', '2025-11-06 00:29:26'),
(755, 10, 'ADMIN_ANALYTICS_VIEWED', 'Admin loaded company-wide analytics dashboard.', '2025-11-06 00:36:24'),
(756, 10, 'ADMIN_ANALYTICS_VIEWED', 'Admin loaded company-wide analytics dashboard.', '2025-11-06 00:47:36'),
(757, 10, 'ADMIN_ANALYTICS_VIEWED', 'Admin loaded company-wide analytics dashboard.', '2025-11-06 01:01:14'),
(758, 10, 'ADMIN_ANALYTICS_VIEWED', 'Admin loaded company-wide analytics dashboard.', '2025-11-06 01:01:27'),
(759, 10, 'LOGIN_SUCCESS', 'User kespiritu (HR Admin) successfully logged in.', '2025-11-06 01:13:04'),
(760, 10, 'ADMIN_ANALYTICS_VIEWED', 'Admin loaded company-wide analytics dashboard.', '2025-11-06 01:13:07'),
(761, 10, 'CLOCK_OUT_SUCCESS', 'Clocked out successfully from Kiosk. Log ID: 65. Duration: 9 hours, 0 minutes.', '2025-11-06 01:13:18'),
(762, 7, 'LOGIN_SUCCESS', 'User rricamata (Super Admin) successfully logged in.', '2025-11-06 01:44:49'),
(763, 7, 'LOGIN_SUCCESS', 'User rricamata (Super Admin) successfully logged in.', '2025-11-06 01:44:50'),
(764, 7, 'ADMIN_ANALYTICS_VIEWED', 'Admin loaded company-wide analytics dashboard.', '2025-11-06 01:44:51'),
(765, 11, 'LOGIN_SUCCESS', 'User abalugo (Employee) successfully logged in.', '2025-11-06 07:06:23'),
(766, 11, 'LOGIN_SUCCESS', 'User abalugo (Employee) successfully logged in.', '2025-11-06 07:06:33'),
(767, 11, 'CLOCK_OUT_SUCCESS', 'Clocked out successfully from Kiosk. Log ID: 83. Duration: 10 hours, 7 minutes.', '2025-11-06 07:07:16'),
(768, 7, 'LOGIN_SUCCESS', 'User rricamata (Super Admin) successfully logged in.', '2025-11-06 08:11:44'),
(769, 7, 'ADMIN_ANALYTICS_VIEWED', 'Admin loaded company-wide analytics dashboard.', '2025-11-06 08:11:46'),
(770, 12, 'LOGIN_SUCCESS', 'User rariola (Employee) successfully logged in.', '2025-11-06 14:37:02'),
(771, 12, 'CLOCK_OUT_SUCCESS', 'Clocked out successfully from Kiosk. Log ID: 64. Duration: 23 hours, 37 minutes.', '2025-11-06 14:37:29'),
(772, 10, 'LOGIN_SUCCESS', 'User kespiritu (HR Admin) successfully logged in.', '2025-11-06 16:11:25'),
(773, 10, 'ADMIN_ANALYTICS_VIEWED', 'Admin loaded company-wide analytics dashboard.', '2025-11-06 16:11:27'),
(774, 10, 'CLOCK_IN_SUCCESS', 'Clocked in at 2025-11-07 07:12:02. Scheduled start: 2025-11-07 07:00:00. (Late Clock-in)', '2025-11-06 16:12:02'),
(775, 10, 'LOGIN_SUCCESS', 'User kespiritu (HR Admin) successfully logged in.', '2025-11-06 16:15:31'),
(776, 10, 'ADMIN_ANALYTICS_VIEWED', 'Admin loaded company-wide analytics dashboard.', '2025-11-06 16:15:33'),
(777, 10, 'CA_ADDED', 'Added CA/VALE of 200 for EID 7 on 2025-11-06.', '2025-11-06 16:15:43'),
(778, 10, 'ADMIN_ANALYTICS_VIEWED', 'Admin loaded company-wide analytics dashboard.', '2025-11-06 16:15:58'),
(779, 10, 'ADMIN_ANALYTICS_VIEWED', 'Admin loaded company-wide analytics dashboard.', '2025-11-06 16:16:00'),
(780, 10, 'ADMIN_ANALYTICS_VIEWED', 'Admin loaded company-wide analytics dashboard.', '2025-11-06 16:24:27'),
(781, 10, 'ADMIN_ANALYTICS_VIEWED', 'Admin loaded company-wide analytics dashboard.', '2025-11-06 16:24:28'),
(782, 10, 'ATTENDANCE_ADDED', 'HR Admin manually added new log ID 85 for EID 12 on 2025-11-07.', '2025-11-06 16:24:56'),
(783, 10, 'ADMIN_ANALYTICS_VIEWED', 'Admin loaded company-wide analytics dashboard.', '2025-11-06 16:29:55'),
(784, 10, 'LOGIN_SUCCESS', 'User kespiritu (HR Admin) successfully logged in.', '2025-11-06 17:07:25'),
(785, 10, 'ADMIN_ANALYTICS_VIEWED', 'Admin loaded company-wide analytics dashboard.', '2025-11-06 17:07:26'),
(786, 10, 'CA_ADDED', 'Added CA/VALE of 200 for EID 15 on 2025-11-06.', '2025-11-06 17:07:51'),
(787, 10, 'ADMIN_ANALYTICS_VIEWED', 'Admin loaded company-wide analytics dashboard.', '2025-11-06 17:50:42'),
(788, 10, 'LOGIN_SUCCESS', 'User kespiritu (HR Admin) successfully logged in.', '2025-11-06 20:16:05'),
(789, 10, 'ADMIN_ANALYTICS_VIEWED', 'Admin loaded company-wide analytics dashboard.', '2025-11-06 20:16:07'),
(790, 11, 'LOGIN_SUCCESS', 'User abalugo (Employee) successfully logged in.', '2025-11-06 20:46:38'),
(791, 11, 'CLOCK_IN_SUCCESS', 'Clocked in at 2025-11-07 11:47:27. Scheduled start: 2025-11-07 12:00:00. (Early Clock-in)', '2025-11-06 20:47:27'),
(792, 10, 'LOGIN_SUCCESS', 'User kespiritu (HR Admin) successfully logged in.', '2025-11-07 01:38:18'),
(793, 10, 'ADMIN_ANALYTICS_VIEWED', 'Admin loaded company-wide analytics dashboard.', '2025-11-07 01:38:20'),
(794, 10, 'ADMIN_ANALYTICS_VIEWED', 'Admin loaded company-wide analytics dashboard.', '2025-11-07 01:38:34'),
(795, 10, 'ADMIN_ANALYTICS_VIEWED', 'Admin loaded company-wide analytics dashboard.', '2025-11-07 01:38:35'),
(796, 10, 'ADMIN_ANALYTICS_VIEWED', 'Admin loaded company-wide analytics dashboard.', '2025-11-07 01:38:36'),
(797, 10, 'LOGIN_SUCCESS', 'User kespiritu (HR Admin) successfully logged in.', '2025-11-07 05:00:15'),
(798, 10, 'ADMIN_ANALYTICS_VIEWED', 'Admin loaded company-wide analytics dashboard.', '2025-11-07 05:00:16'),
(799, 11, 'LOGIN_SUCCESS', 'User abalugo (Employee) successfully logged in.', '2025-11-07 07:07:17'),
(800, 11, 'CLOCK_OUT_SUCCESS', 'Clocked out successfully from Kiosk. Log ID: 86. Duration: 10 hours, 8 minutes.', '2025-11-07 07:08:29'),
(801, 11, 'CLOCK_IN_FAILED', 'Attempted double clock-in on 2025-11-07.', '2025-11-07 07:08:31'),
(802, 11, 'LOGIN_SUCCESS', 'User abalugo (Employee) successfully logged in.', '2025-11-07 07:08:47'),
(803, 11, 'LOGIN_SUCCESS', 'User abalugo (Employee) successfully logged in.', '2025-11-07 07:08:53'),
(804, 11, 'CLOCK_IN_FAILED', 'Attempted double clock-in on 2025-11-07.', '2025-11-07 07:09:29'),
(805, 10, 'LOGIN_SUCCESS', 'User kespiritu (HR Admin) successfully logged in.', '2025-11-07 16:10:01'),
(806, 10, 'ADMIN_ANALYTICS_VIEWED', 'Admin loaded company-wide analytics dashboard.', '2025-11-07 16:10:05'),
(807, 10, 'CLOCK_OUT_SUCCESS', 'Clocked out successfully from Kiosk. Log ID: 84. Duration: 24 hours, 0 minutes.', '2025-11-07 16:12:08'),
(808, 10, 'LOGIN_SUCCESS', 'User kespiritu (HR Admin) successfully logged in.', '2025-11-07 16:12:57'),
(809, 10, 'ADMIN_ANALYTICS_VIEWED', 'Admin loaded company-wide analytics dashboard.', '2025-11-07 16:12:59'),
(810, 10, 'ATTENDANCE_UPDATED', 'HR Admin adjusted existing log ID 84 for EID 10.', '2025-11-07 16:13:37'),
(811, 10, 'ATTENDANCE_ADDED', 'HR Admin manually added new log ID 87 for EID 10 on 2025-11-07.', '2025-11-07 16:13:51'),
(812, 10, 'ATTENDANCE_UPDATED', 'HR Admin adjusted existing log ID 87 for EID 10.', '2025-11-07 16:14:01'),
(813, 10, 'CA_ADDED', 'Added CA/VALE of 1500 for EID 10 on 2025-11-07.', '2025-11-07 16:15:39'),
(814, 10, 'CA_ADDED', 'Added CA/VALE of 2500 for EID 7 on 2025-11-07.', '2025-11-07 16:15:50'),
(815, 10, 'CA_ADDED', 'Added CA/VALE of 1000 for EID 15 on 2025-11-07.', '2025-11-07 16:16:10'),
(816, 10, 'CA_ADDED', 'Added CA/VALE of 100 for EID 7 on 2025-11-07.', '2025-11-07 16:16:18'),
(817, 10, 'LOGIN_SUCCESS', 'User kespiritu (HR Admin) successfully logged in.', '2025-11-07 17:04:17'),
(818, 10, 'ADMIN_ANALYTICS_VIEWED', 'Admin loaded company-wide analytics dashboard.', '2025-11-07 17:04:18'),
(819, 10, 'ADMIN_ANALYTICS_VIEWED', 'Admin loaded company-wide analytics dashboard.', '2025-11-07 17:04:23'),
(820, 13, 'LOGIN_SUCCESS', 'User jcahinde (Employee) successfully logged in.', '2025-11-07 17:04:29'),
(821, 10, 'ADMIN_ANALYTICS_VIEWED', 'Admin loaded company-wide analytics dashboard.', '2025-11-07 17:04:31'),
(822, 10, 'ATTENDANCE_UPDATED', 'HR Admin adjusted existing log ID 66 for EID 13.', '2025-11-07 17:05:09'),
(823, 13, 'CLOCK_IN_SUCCESS', 'Clocked in at 2025-11-08 08:05:23. Scheduled start: 2025-11-08 07:00:00. (Late Clock-in)', '2025-11-07 17:05:23'),
(824, 10, 'ADMIN_ANALYTICS_VIEWED', 'Admin loaded company-wide analytics dashboard.', '2025-11-07 17:06:27'),
(825, 10, 'ADMIN_ANALYTICS_VIEWED', 'Admin loaded company-wide analytics dashboard.', '2025-11-07 17:06:33'),
(826, 10, 'LOGIN_SUCCESS', 'User kespiritu (HR Admin) successfully logged in.', '2025-11-07 19:37:01'),
(827, 10, 'ADMIN_ANALYTICS_VIEWED', 'Admin loaded company-wide analytics dashboard.', '2025-11-07 19:37:03'),
(828, 10, 'CA_ADDED', 'Added CA/VALE of 160 for EID 12 on 2025-11-08.', '2025-11-07 19:37:19'),
(829, 10, 'ADMIN_ANALYTICS_VIEWED', 'Admin loaded company-wide analytics dashboard.', '2025-11-07 19:45:38'),
(830, 10, 'ADMIN_ANALYTICS_VIEWED', 'Admin loaded company-wide analytics dashboard.', '2025-11-07 19:46:20'),
(831, 10, 'LOGIN_SUCCESS', 'User kespiritu (HR Admin) successfully logged in.', '2025-11-07 20:43:56'),
(832, 10, 'ADMIN_ANALYTICS_VIEWED', 'Admin loaded company-wide analytics dashboard.', '2025-11-07 20:43:58'),
(833, 11, 'LOGIN_SUCCESS', 'User abalugo (Employee) successfully logged in.', '2025-11-07 20:44:09'),
(834, 11, 'CLOCK_IN_SUCCESS', 'Clocked in at 2025-11-08 11:44:29. Scheduled start: 2025-11-08 12:00:00. (Early Clock-in)', '2025-11-07 20:44:29'),
(835, 10, 'ADMIN_ANALYTICS_VIEWED', 'Admin loaded company-wide analytics dashboard.', '2025-11-07 20:47:12'),
(836, 10, 'CA_ADDED', 'Added CA/VALE of 1000 for EID 14 on 2025-11-08.', '2025-11-07 20:54:50'),
(837, 10, 'CA_ADDED', 'Added CA/VALE of 1000 for EID 15 on 2025-11-08.', '2025-11-07 20:57:33'),
(838, 10, 'ADMIN_ANALYTICS_VIEWED', 'Admin loaded company-wide analytics dashboard.', '2025-11-07 21:26:10'),
(839, 10, 'CA_ADDED', 'Added CA/VALE of 100 for EID 11 on 2025-11-08.', '2025-11-07 21:27:02'),
(840, 10, 'LOGIN_SUCCESS', 'User kespiritu (HR Admin) successfully logged in.', '2025-11-07 21:29:08'),
(841, 10, 'LOGIN_SUCCESS', 'User kespiritu (HR Admin) successfully logged in.', '2025-11-07 21:29:08'),
(842, 10, 'ADMIN_ANALYTICS_VIEWED', 'Admin loaded company-wide analytics dashboard.', '2025-11-07 21:29:10'),
(843, 10, 'CLOCK_OUT_SUCCESS', 'Clocked out successfully from Kiosk. Log ID: 87. Duration: 5 hours, 18 minutes.', '2025-11-07 21:30:11'),
(844, 10, 'LOGIN_SUCCESS', 'User kespiritu (HR Admin) successfully logged in.', '2025-11-08 05:29:14'),
(845, 10, 'ADMIN_ANALYTICS_VIEWED', 'Admin loaded company-wide analytics dashboard.', '2025-11-08 05:29:16'),
(846, 13, 'LOGIN_SUCCESS', 'User jcahinde (Employee) successfully logged in.', '2025-11-08 06:02:15'),
(847, 13, 'CLOCK_OUT_SUCCESS', 'Clocked out successfully from Kiosk. Log ID: 88. Duration: 12 hours, 58 minutes.', '2025-11-08 06:03:39'),
(848, 7, 'LOGIN_SUCCESS', 'User rricamata (Super Admin) successfully logged in.', '2025-11-08 07:03:33'),
(849, 7, 'ADMIN_ANALYTICS_VIEWED', 'Admin loaded company-wide analytics dashboard.', '2025-11-08 07:03:35'),
(850, 11, 'LOGIN_SUCCESS', 'User abalugo (Employee) successfully logged in.', '2025-11-08 07:10:22'),
(851, 11, 'LOGIN_SUCCESS', 'User abalugo (Employee) successfully logged in.', '2025-11-08 07:11:58'),
(852, 11, 'CLOCK_OUT_SUCCESS', 'Clocked out successfully from Kiosk. Log ID: 89. Duration: 10 hours, 12 minutes.', '2025-11-08 07:12:14'),
(853, 7, 'LOGIN_SUCCESS', 'User rricamata (Super Admin) successfully logged in.', '2025-11-09 17:18:55'),
(854, 7, 'ADMIN_ANALYTICS_VIEWED', 'Admin loaded company-wide analytics dashboard.', '2025-11-09 17:18:57'),
(855, 7, 'ATTENDANCE_ADDED', 'Super Admin manually added new log ID 90 for EID 11 on 2025-11-10.', '2025-11-09 17:19:14'),
(856, 10, 'LOGIN_SUCCESS', 'User kespiritu (HR Admin) successfully logged in.', '2025-11-09 22:44:56'),
(857, 10, 'ADMIN_ANALYTICS_VIEWED', 'Admin loaded company-wide analytics dashboard.', '2025-11-09 22:44:57'),
(858, 10, 'CA_ADDED', 'Added CA/VALE of 1500 for EID 7 on 2025-11-08.', '2025-11-09 22:45:27'),
(859, 10, 'CA_ADDED', 'Added CA/VALE of 1000 for EID 7 on 2025-11-09.', '2025-11-09 22:45:41'),
(860, 10, 'ADMIN_ANALYTICS_VIEWED', 'Admin loaded company-wide analytics dashboard.', '2025-11-09 22:46:11'),
(861, 10, 'CA_ADDED', 'Added CA/VALE of 160 for EID 12 on 2025-11-08.', '2025-11-09 22:48:47'),
(862, 10, 'CA_ADDED', 'Added CA/VALE of 100 for EID 11 on 2025-11-10.', '2025-11-09 22:50:27'),
(863, 10, 'LOGIN_SUCCESS', 'User kespiritu (HR Admin) successfully logged in.', '2025-11-10 04:54:39'),
(864, 10, 'ADMIN_ANALYTICS_VIEWED', 'Admin loaded company-wide analytics dashboard.', '2025-11-10 04:54:40'),
(865, 10, 'CA_ADDED', 'Added CA/VALE of 1000 for EID 7 on 2025-11-10.', '2025-11-10 04:54:58'),
(866, 10, 'LOGIN_SUCCESS', 'User kespiritu (HR Admin) successfully logged in.', '2025-11-10 15:34:31'),
(867, 10, 'ADMIN_ANALYTICS_VIEWED', 'Admin loaded company-wide analytics dashboard.', '2025-11-10 15:34:33'),
(868, 13, 'LOGIN_SUCCESS', 'User jcahinde (Employee) successfully logged in.', '2025-11-10 15:35:12'),
(869, 13, 'CLOCK_IN_SUCCESS', 'Clocked in at 2025-11-11 06:35:43. Scheduled start: 2025-11-11 07:00:00. (Early Clock-in)', '2025-11-10 15:35:43'),
(870, 10, 'ADMIN_ANALYTICS_VIEWED', 'Admin loaded company-wide analytics dashboard.', '2025-11-10 15:36:50'),
(871, 10, 'ADMIN_ANALYTICS_VIEWED', 'Admin loaded company-wide analytics dashboard.', '2025-11-10 15:37:02'),
(872, 10, 'LOGIN_SUCCESS', 'User kespiritu (HR Admin) successfully logged in.', '2025-11-10 16:05:36'),
(873, 10, 'ADMIN_ANALYTICS_VIEWED', 'Admin loaded company-wide analytics dashboard.', '2025-11-10 16:05:40'),
(874, 10, 'CLOCK_IN_SUCCESS', 'Clocked in at 2025-11-11 07:08:34. Scheduled start: 2025-11-11 07:00:00. (Late Clock-in)', '2025-11-10 16:08:34'),
(875, 10, 'ATTENDANCE_ADDED', 'HR Admin manually added new log ID 93 for EID 12 on 2025-11-10.', '2025-11-10 16:14:43'),
(876, 10, 'ADMIN_ANALYTICS_VIEWED', 'Admin loaded company-wide analytics dashboard.', '2025-11-10 16:14:51'),
(877, 0, 'LOGIN_FAILED', 'Failed login attempt for email: palmasarahjane01@gmail.com from IP: 131.226.107.175', '2025-11-10 19:11:11'),
(878, 0, 'LOGIN_FAILED', 'Failed login attempt for email: palmasarahjane01@gmail.com from IP: 131.226.107.175', '2025-11-10 19:11:33'),
(879, 10, 'LOGIN_SUCCESS', 'User kespiritu (HR Admin) successfully logged in.', '2025-11-10 20:26:35'),
(880, 10, 'ADMIN_ANALYTICS_VIEWED', 'Admin loaded company-wide analytics dashboard.', '2025-11-10 20:26:37');
INSERT INTO `audit_logs` (`log_id`, `employee_id`, `action`, `description`, `log_timestamp`) VALUES
(881, 10, 'ADMIN_ANALYTICS_VIEWED', 'Admin loaded company-wide analytics dashboard.', '2025-11-10 20:27:53'),
(882, 10, 'PAYROLL_SKIP', 'Skipped EID 1: No active/valid pay rate.', '2025-11-10 20:28:12'),
(883, 10, 'PAYROLL_SKIP', 'Skipped EID 4: No active/valid pay rate.', '2025-11-10 20:28:12'),
(884, 10, 'CA_DEDUCTED', 'Ded. 8650 CA for EID 7 (PID 20). Details: Full ded. 2000 (TID 9). Remaining: 0.00; Full ded. 100 (TID 12). Remaining: 0.00; Full ded. 200 (TID 14). Remaining: 0.00; Full ded. 50 (TID 15). Remaining: 0.00; Full ded. 200 (TID 16). Remaining: 0.00; Full ded. 2500 (TID 19). Remaining: 0.00; Full ded. 100 (TID 21). Remaining: 0.00; Full ded. 1500 (TID 26). Remaining: 0.00; Full ded. 1000 (TID 27). Remaining: 0.00; Full ded. 1000 (TID 30). Remaining: 0.00', '2025-11-10 20:28:12'),
(885, 10, 'CA_DEDUCTED', 'Ded. 1500 CA for EID 10 (PID 21). Details: Full ded. 1500 (TID 18). Remaining: 0.00', '2025-11-10 20:28:12'),
(886, 10, 'CA_DEDUCTED', 'Ded. 200 CA for EID 11 (PID 22). Details: Full ded. 100 (TID 25). Remaining: 0.00; Full ded. 100 (TID 29). Remaining: 0.00', '2025-11-10 20:28:12'),
(887, 10, 'CA_DEDUCTED', 'Ded. 320 CA for EID 12 (PID 23). Details: Full ded. 160 (TID 22). Remaining: 0.00; Full ded. 160 (TID 28). Remaining: 0.00', '2025-11-10 20:28:12'),
(888, 10, 'CA_DEDUCTED', 'Ded. 150 CA for EID 13 (PID 24). Details: Full ded. 150 (TID 8). Remaining: 0.00', '2025-11-10 20:28:12'),
(889, 10, 'CA_DEDUCTED', 'Ded. 2000 CA for EID 14 (PID 25). Details: Full ded. 1000 (TID 11). Remaining: 0.00; Full ded. 1000 (TID 23). Remaining: 0.00', '2025-11-10 20:28:12'),
(890, 10, 'CA_DEDUCTED', 'Ded. 1730.76 CA for EID 15 (PID 26). Details: Partial ded. 1730.76 (TID 10). Remaining: 5,769.24', '2025-11-10 20:28:12'),
(891, 10, 'PAYROLL_GENERATED', 'Payroll run completed for period 2025-10-26 to 2025-11-10. Processed 7 payslips.', '2025-11-10 20:28:12'),
(892, 10, 'PAYROLL_RUN_DELETED', 'Deleted payroll run for period 2025-10-26 to 2025-11-10. Removed 7 payslip records. Reset 19 CA/VALE transaction statuses.', '2025-11-10 20:28:56'),
(893, 10, 'CA_ADDED', 'Added CA/VALE of 3000 for EID 12 on 2025-11-10.', '2025-11-10 20:29:15'),
(894, 10, 'CA_ADDED', 'Added CA/VALE of 200 for EID 11 on 2025-11-08.', '2025-11-10 20:30:22'),
(895, 10, 'CA_ADDED', 'Added CA/VALE of 100 for EID 11 on 2025-11-10.', '2025-11-10 20:30:30'),
(896, 10, 'PAYROLL_SKIP', 'Skipped EID 1: No active/valid pay rate.', '2025-11-10 20:31:03'),
(897, 10, 'PAYROLL_SKIP', 'Skipped EID 4: No active/valid pay rate.', '2025-11-10 20:31:03'),
(898, 10, 'CA_DEDUCTED', 'Ded. 8650 CA for EID 7 (PID 27). Details: Full ded. 2000 (TID 9). Remaining: 0.00; Full ded. 100 (TID 12). Remaining: 0.00; Full ded. 200 (TID 14). Remaining: 0.00; Full ded. 50 (TID 15). Remaining: 0.00; Full ded. 200 (TID 16). Remaining: 0.00; Full ded. 2500 (TID 19). Remaining: 0.00; Full ded. 100 (TID 21). Remaining: 0.00; Full ded. 1500 (TID 26). Remaining: 0.00; Full ded. 1000 (TID 27). Remaining: 0.00; Full ded. 1000 (TID 30). Remaining: 0.00', '2025-11-10 20:31:03'),
(899, 10, 'CA_DEDUCTED', 'Ded. 1500 CA for EID 10 (PID 28). Details: Full ded. 1500 (TID 18). Remaining: 0.00', '2025-11-10 20:31:03'),
(900, 10, 'CA_DEDUCTED', 'Ded. 500 CA for EID 11 (PID 29). Details: Full ded. 100 (TID 25). Remaining: 0.00; Full ded. 100 (TID 29). Remaining: 0.00; Full ded. 200 (TID 32). Remaining: 0.00; Full ded. 100 (TID 33). Remaining: 0.00', '2025-11-10 20:31:03'),
(901, 10, 'CA_DEDUCTED', 'Ded. 3320 CA for EID 12 (PID 30). Details: Full ded. 160 (TID 22). Remaining: 0.00; Full ded. 160 (TID 28). Remaining: 0.00; Full ded. 3000 (TID 31). Remaining: 0.00', '2025-11-10 20:31:03'),
(902, 10, 'CA_DEDUCTED', 'Ded. 150 CA for EID 13 (PID 31). Details: Full ded. 150 (TID 8). Remaining: 0.00', '2025-11-10 20:31:03'),
(903, 10, 'CA_DEDUCTED', 'Ded. 2000 CA for EID 14 (PID 32). Details: Full ded. 1000 (TID 11). Remaining: 0.00; Full ded. 1000 (TID 23). Remaining: 0.00', '2025-11-10 20:31:03'),
(904, 10, 'CA_DEDUCTED', 'Ded. 1730.76 CA for EID 15 (PID 33). Details: Partial ded. 1730.76 (TID 10). Remaining: 5,769.24', '2025-11-10 20:31:03'),
(905, 10, 'PAYROLL_GENERATED', 'Payroll run completed for period 2025-10-26 to 2025-11-10. Processed 7 payslips.', '2025-11-10 20:31:03'),
(906, 10, 'PAYSLIP_VIEW_SUCCESS', 'EID 10 viewed PID 28 for EID 10.', '2025-11-10 20:32:10'),
(907, 10, 'PAYSLIP_VIEW_SUCCESS', 'EID 10 viewed PID 31 for EID 13.', '2025-11-10 20:32:28'),
(908, 10, 'PAYROLL_RUN_DELETED', 'Deleted payroll run for period 2025-10-26 to 2025-11-10. Removed 7 payslip records. Reset 22 CA/VALE transaction statuses.', '2025-11-10 20:33:08'),
(909, 10, 'ADMIN_ANALYTICS_VIEWED', 'Admin loaded company-wide analytics dashboard.', '2025-11-10 20:33:29'),
(910, 11, 'LOGIN_SUCCESS', 'User abalugo (Employee) successfully logged in.', '2025-11-10 20:45:26'),
(911, 11, 'LOGIN_SUCCESS', 'User abalugo (Employee) successfully logged in.', '2025-11-10 20:45:51'),
(912, 11, 'CLOCK_OUT_SUCCESS', 'Clocked out successfully from Kiosk. Log ID: 90. Duration: 27 hours, 35 minutes.', '2025-11-10 20:46:15'),
(913, 10, 'ATTENDANCE_UPDATED', 'HR Admin adjusted existing log ID 90 for EID 11.', '2025-11-10 20:46:36'),
(914, 10, 'ATTENDANCE_ADDED', 'HR Admin manually added new log ID 94 for EID 11 on 2025-11-11.', '2025-11-10 20:46:51'),
(915, 10, 'ADMIN_ANALYTICS_VIEWED', 'Admin loaded company-wide analytics dashboard.', '2025-11-10 20:46:54'),
(916, 10, 'ADMIN_ANALYTICS_VIEWED', 'Admin loaded company-wide analytics dashboard.', '2025-11-10 20:47:47'),
(917, 10, 'PAYROLL_SKIP', 'Skipped EID 1: No active/valid pay rate.', '2025-11-10 20:48:23'),
(918, 10, 'PAYROLL_SKIP', 'Skipped EID 4: No active/valid pay rate.', '2025-11-10 20:48:23'),
(919, 10, 'CA_DEDUCTED', 'Ded. 8650 CA for EID 7 (PID 34). Details: Full ded. 2000 (TID 9). Remaining: 0.00; Full ded. 100 (TID 12). Remaining: 0.00; Full ded. 200 (TID 14). Remaining: 0.00; Full ded. 50 (TID 15). Remaining: 0.00; Full ded. 200 (TID 16). Remaining: 0.00; Full ded. 2500 (TID 19). Remaining: 0.00; Full ded. 100 (TID 21). Remaining: 0.00; Full ded. 1500 (TID 26). Remaining: 0.00; Full ded. 1000 (TID 27). Remaining: 0.00; Full ded. 1000 (TID 30). Remaining: 0.00', '2025-11-10 20:48:23'),
(920, 10, 'CA_DEDUCTED', 'Ded. 1500 CA for EID 10 (PID 35). Details: Full ded. 1500 (TID 18). Remaining: 0.00', '2025-11-10 20:48:23'),
(921, 10, 'CA_DEDUCTED', 'Ded. 500 CA for EID 11 (PID 36). Details: Full ded. 100 (TID 25). Remaining: 0.00; Full ded. 100 (TID 29). Remaining: 0.00; Full ded. 200 (TID 32). Remaining: 0.00; Full ded. 100 (TID 33). Remaining: 0.00', '2025-11-10 20:48:23'),
(922, 10, 'CA_DEDUCTED', 'Ded. 3320 CA for EID 12 (PID 37). Details: Full ded. 160 (TID 22). Remaining: 0.00; Full ded. 160 (TID 28). Remaining: 0.00; Full ded. 3000 (TID 31). Remaining: 0.00', '2025-11-10 20:48:23'),
(923, 10, 'CA_DEDUCTED', 'Ded. 150 CA for EID 13 (PID 38). Details: Full ded. 150 (TID 8). Remaining: 0.00', '2025-11-10 20:48:23'),
(924, 10, 'CA_DEDUCTED', 'Ded. 2000 CA for EID 14 (PID 39). Details: Full ded. 1000 (TID 11). Remaining: 0.00; Full ded. 1000 (TID 23). Remaining: 0.00', '2025-11-10 20:48:23'),
(925, 10, 'CA_DEDUCTED', 'Ded. 1730.76 CA for EID 15 (PID 40). Details: Partial ded. 1730.76 (TID 10). Remaining: 5,769.24', '2025-11-10 20:48:23'),
(926, 10, 'PAYROLL_GENERATED', 'Payroll run completed for period 2025-10-26 to 2025-11-10. Processed 7 payslips.', '2025-11-10 20:48:23'),
(927, 10, 'PAYSLIP_VIEW_SUCCESS', 'EID 10 viewed PID 36 for EID 11.', '2025-11-10 20:48:44'),
(928, 10, 'PAYROLL_RUN_DELETED', 'Deleted payroll run for period 2025-10-26 to 2025-11-10. Removed 7 payslip records. Reset 22 CA/VALE transaction statuses.', '2025-11-10 20:50:50'),
(929, 10, 'ATTENDANCE_ADDED', 'HR Admin manually added new log ID 95 for EID 12 on 2025-11-04.', '2025-11-10 20:53:10'),
(930, 10, 'ATTENDANCE_ADDED', 'HR Admin manually added new log ID 96 for EID 12 on 2025-11-05.', '2025-11-10 20:53:32'),
(931, 10, 'ADMIN_ANALYTICS_VIEWED', 'Admin loaded company-wide analytics dashboard.', '2025-11-10 20:53:47'),
(932, 10, 'ADMIN_ANALYTICS_VIEWED', 'Admin loaded company-wide analytics dashboard.', '2025-11-10 20:56:34'),
(933, 10, 'LOGIN_SUCCESS', 'User kespiritu (HR Admin) successfully logged in.', '2025-11-11 00:49:23'),
(934, 10, 'ADMIN_ANALYTICS_VIEWED', 'Admin loaded company-wide analytics dashboard.', '2025-11-11 00:49:25'),
(935, 10, 'CA_ADDED', 'Added CA/VALE of 150 for EID 12 on 2025-11-11.', '2025-11-11 00:49:59'),
(936, 10, 'CA_ADDED', 'Added CA/VALE of 259 for EID 12 on 2025-11-11.', '2025-11-11 00:50:03'),
(937, 10, 'LOGIN_SUCCESS', 'User kespiritu (HR Admin) successfully logged in.', '2025-11-11 01:23:15'),
(938, 10, 'ADMIN_ANALYTICS_VIEWED', 'Admin loaded company-wide analytics dashboard.', '2025-11-11 01:23:18'),
(939, 10, 'LOGIN_SUCCESS', 'User kespiritu (HR Admin) successfully logged in.', '2025-11-11 01:23:24'),
(940, 10, 'ADMIN_ANALYTICS_VIEWED', 'Admin loaded company-wide analytics dashboard.', '2025-11-11 01:23:25'),
(941, 10, 'ADMIN_ANALYTICS_VIEWED', 'Admin loaded company-wide analytics dashboard.', '2025-11-11 01:23:36'),
(942, 10, 'CLOCK_OUT_SUCCESS', 'Clocked out successfully from Kiosk. Log ID: 92. Duration: 9 hours, 15 minutes.', '2025-11-11 01:23:48'),
(943, 7, 'LOGIN_SUCCESS', 'User rricamata (Super Admin) successfully logged in.', '2025-11-11 02:36:47'),
(944, 7, 'ADMIN_ANALYTICS_VIEWED', 'Admin loaded company-wide analytics dashboard.', '2025-11-11 02:36:48'),
(945, 7, 'LOGIN_SUCCESS', 'User rricamata (Super Admin) successfully logged in.', '2025-11-11 02:57:43'),
(946, 7, 'ADMIN_ANALYTICS_VIEWED', 'Admin loaded company-wide analytics dashboard.', '2025-11-11 02:57:44'),
(947, 7, 'LOGIN_SUCCESS', 'User rricamata (Super Admin) successfully logged in.', '2025-11-11 06:46:33'),
(948, 7, 'ADMIN_ANALYTICS_VIEWED', 'Admin loaded company-wide analytics dashboard.', '2025-11-11 06:46:34'),
(949, 13, 'LOGIN_SUCCESS', 'User jcahinde (Employee) successfully logged in.', '2025-11-11 06:47:27'),
(950, 13, 'CLOCK_OUT_SUCCESS', 'Clocked out successfully from Kiosk. Log ID: 91. Duration: 14 hours, 47 minutes.', '2025-11-11 06:47:37'),
(951, 10, 'LOGIN_SUCCESS', 'User kespiritu (HR Admin) successfully logged in.', '2025-11-11 07:02:24'),
(952, 10, 'ADMIN_ANALYTICS_VIEWED', 'Admin loaded company-wide analytics dashboard.', '2025-11-11 07:02:26'),
(953, 11, 'LOGIN_SUCCESS', 'User abalugo (Employee) successfully logged in.', '2025-11-11 07:03:01'),
(954, 11, 'LOGIN_SUCCESS', 'User abalugo (Employee) successfully logged in.', '2025-11-11 07:04:11'),
(955, 11, 'CLOCK_OUT_SUCCESS', 'Clocked out successfully from Kiosk. Log ID: 94. Duration: 10 hours, 19 minutes.', '2025-11-11 07:04:36'),
(956, 11, 'CLOCK_IN_FAILED', 'Attempted double clock-in on 2025-11-11.', '2025-11-11 07:04:36'),
(957, 11, 'CLOCK_IN_FAILED', 'Attempted double clock-in on 2025-11-11.', '2025-11-11 07:04:36'),
(958, 11, 'CLOCK_IN_FAILED', 'Attempted double clock-in on 2025-11-11.', '2025-11-11 07:04:41'),
(959, 11, 'CLOCK_IN_FAILED', 'Attempted double clock-in on 2025-11-11.', '2025-11-11 07:04:44'),
(960, 12, 'LOGIN_SUCCESS', 'User rariola (Employee) successfully logged in.', '2025-11-11 14:41:26'),
(961, 10, 'LOGIN_SUCCESS', 'User kespiritu (HR Admin) successfully logged in.', '2025-11-11 16:09:00'),
(962, 10, 'ADMIN_ANALYTICS_VIEWED', 'Admin loaded company-wide analytics dashboard.', '2025-11-11 16:09:03'),
(963, 10, 'CLOCK_IN_SUCCESS', 'Clocked in at 2025-11-12 07:14:26. Scheduled start: 2025-11-12 07:00:00. (Late Clock-in)', '2025-11-11 16:14:26'),
(964, 13, 'LOGIN_SUCCESS', 'User jcahinde (Employee) successfully logged in.', '2025-11-11 16:38:07'),
(965, 13, 'CLOCK_IN_SUCCESS', 'Clocked in at 2025-11-12 07:38:31. Scheduled start: 2025-11-12 07:00:00. (Late Clock-in)', '2025-11-11 16:38:31'),
(966, 10, 'LOGIN_SUCCESS', 'User kespiritu (HR Admin) successfully logged in.', '2025-11-11 17:49:11'),
(967, 10, 'ADMIN_ANALYTICS_VIEWED', 'Admin loaded company-wide analytics dashboard.', '2025-11-11 17:49:12'),
(968, 10, 'PAYROLL_SKIP', 'Skipped EID 1: No active/valid pay rate.', '2025-11-11 17:50:34'),
(969, 10, 'PAYROLL_SKIP', 'Skipped EID 4: No active/valid pay rate.', '2025-11-11 17:50:34'),
(970, 10, 'CA_DEDUCTED', 'Ded. 8650 CA for EID 7 (PID 41). Details: Full ded. 2000 (TID 9). Remaining: 0.00; Full ded. 100 (TID 12). Remaining: 0.00; Full ded. 200 (TID 14). Remaining: 0.00; Full ded. 50 (TID 15). Remaining: 0.00; Full ded. 200 (TID 16). Remaining: 0.00; Full ded. 2500 (TID 19). Remaining: 0.00; Full ded. 100 (TID 21). Remaining: 0.00; Full ded. 1500 (TID 26). Remaining: 0.00; Full ded. 1000 (TID 27). Remaining: 0.00; Full ded. 1000 (TID 30). Remaining: 0.00', '2025-11-11 17:50:34'),
(971, 10, 'CA_DEDUCTED', 'Ded. 1500 CA for EID 10 (PID 42). Details: Full ded. 1500 (TID 18). Remaining: 0.00', '2025-11-11 17:50:34'),
(972, 10, 'CA_DEDUCTED', 'Ded. 500 CA for EID 11 (PID 43). Details: Full ded. 100 (TID 25). Remaining: 0.00; Full ded. 100 (TID 29). Remaining: 0.00; Full ded. 200 (TID 32). Remaining: 0.00; Full ded. 100 (TID 33). Remaining: 0.00', '2025-11-11 17:50:34'),
(973, 10, 'CA_DEDUCTED', 'Ded. 3729 CA for EID 12 (PID 44). Details: Full ded. 160 (TID 22). Remaining: 0.00; Full ded. 160 (TID 28). Remaining: 0.00; Full ded. 3000 (TID 31). Remaining: 0.00; Full ded. 150 (TID 34). Remaining: 0.00; Full ded. 259 (TID 35). Remaining: 0.00', '2025-11-11 17:50:34'),
(974, 10, 'CA_DEDUCTED', 'Ded. 150 CA for EID 13 (PID 45). Details: Full ded. 150 (TID 8). Remaining: 0.00', '2025-11-11 17:50:34'),
(975, 10, 'CA_DEDUCTED', 'Ded. 2000 CA for EID 14 (PID 46). Details: Full ded. 1000 (TID 11). Remaining: 0.00; Full ded. 1000 (TID 23). Remaining: 0.00', '2025-11-11 17:50:34'),
(976, 10, 'CA_DEDUCTED', 'Ded. 1730.76 CA for EID 15 (PID 47). Details: Partial ded. 1730.76 (TID 10). Remaining: 5,769.24', '2025-11-11 17:50:34'),
(977, 10, 'PAYROLL_GENERATED', 'Payroll run completed for period 2025-10-26 to 2025-11-10. Processed 7 payslips.', '2025-11-11 17:50:34'),
(978, 10, 'ADMIN_ANALYTICS_VIEWED', 'Admin loaded company-wide analytics dashboard.', '2025-11-11 17:53:58'),
(979, 10, 'ADMIN_ANALYTICS_VIEWED', 'Admin loaded company-wide analytics dashboard.', '2025-11-11 17:54:13'),
(980, 10, 'ADMIN_ANALYTICS_VIEWED', 'Admin loaded company-wide analytics dashboard.', '2025-11-11 17:54:27'),
(981, 10, 'ADMIN_ANALYTICS_VIEWED', 'Admin loaded company-wide analytics dashboard.', '2025-11-11 17:54:54'),
(982, 10, 'ADMIN_ANALYTICS_VIEWED', 'Admin loaded company-wide analytics dashboard.', '2025-11-11 17:55:10'),
(983, 10, 'PAYROLL_RUN_DELETED', 'Deleted payroll run for period 2025-10-26 to 2025-11-10. Removed 7 payslip records. Reset 24 CA/VALE transaction statuses.', '2025-11-11 17:55:18'),
(984, 10, 'LOGIN_SUCCESS', 'User kespiritu (HR Admin) successfully logged in.', '2025-11-11 18:51:59'),
(985, 10, 'ADMIN_ANALYTICS_VIEWED', 'Admin loaded company-wide analytics dashboard.', '2025-11-11 18:52:01'),
(986, 10, 'CA_ADDED', 'Added CA/VALE of 175 for EID 11 on 2025-11-11.', '2025-11-11 18:52:14'),
(987, 10, 'CA_ADDED', 'Added CA/VALE of 100 for EID 14 on 2025-11-11.', '2025-11-11 18:52:23'),
(988, 10, 'CA_ADDED', 'Added CA/VALE of 300 for EID 7 on 2025-11-11.', '2025-11-11 18:52:32'),
(989, 10, 'CA_ADDED', 'Added CA/VALE of 400 for EID 7 on 2025-11-11.', '2025-11-11 18:52:40'),
(990, 10, 'PAYROLL_SKIP', 'Skipped EID 1: No active/valid pay rate.', '2025-11-11 19:06:03'),
(991, 10, 'PAYROLL_SKIP', 'Skipped EID 4: No active/valid pay rate.', '2025-11-11 19:06:03'),
(992, 10, 'CA_DEDUCTED', 'Ded. 9350 CA for EID 7 (PID 48). Details: Full ded. 2000 (TID 9). Remaining: 0.00; Full ded. 100 (TID 12). Remaining: 0.00; Full ded. 200 (TID 14). Remaining: 0.00; Full ded. 50 (TID 15). Remaining: 0.00; Full ded. 200 (TID 16). Remaining: 0.00; Full ded. 2500 (TID 19). Remaining: 0.00; Full ded. 100 (TID 21). Remaining: 0.00; Full ded. 1500 (TID 26). Remaining: 0.00; Full ded. 1000 (TID 27). Remaining: 0.00; Full ded. 1000 (TID 30). Remaining: 0.00; Full ded. 300 (TID 38). Remaining: 0.00; Full ded. 400 (TID 39). Remaining: 0.00', '2025-11-11 19:06:03'),
(993, 10, 'CA_DEDUCTED', 'Ded. 1500 CA for EID 10 (PID 49). Details: Full ded. 1500 (TID 18). Remaining: 0.00', '2025-11-11 19:06:03'),
(994, 10, 'CA_DEDUCTED', 'Ded. 675 CA for EID 11 (PID 50). Details: Full ded. 100 (TID 25). Remaining: 0.00; Full ded. 100 (TID 29). Remaining: 0.00; Full ded. 200 (TID 32). Remaining: 0.00; Full ded. 100 (TID 33). Remaining: 0.00; Full ded. 175 (TID 36). Remaining: 0.00', '2025-11-11 19:06:03'),
(995, 10, 'CA_DEDUCTED', 'Ded. 3729 CA for EID 12 (PID 51). Details: Full ded. 160 (TID 22). Remaining: 0.00; Full ded. 160 (TID 28). Remaining: 0.00; Full ded. 3000 (TID 31). Remaining: 0.00; Full ded. 150 (TID 34). Remaining: 0.00; Full ded. 259 (TID 35). Remaining: 0.00', '2025-11-11 19:06:03'),
(996, 10, 'CA_DEDUCTED', 'Ded. 150 CA for EID 13 (PID 52). Details: Full ded. 150 (TID 8). Remaining: 0.00', '2025-11-11 19:06:03'),
(997, 10, 'CA_DEDUCTED', 'Ded. 2100 CA for EID 14 (PID 53). Details: Full ded. 1000 (TID 11). Remaining: 0.00; Full ded. 1000 (TID 23). Remaining: 0.00; Full ded. 100 (TID 37). Remaining: 0.00', '2025-11-11 19:06:03'),
(998, 10, 'CA_DEDUCTED', 'Ded. 1730.76 CA for EID 15 (PID 54). Details: Partial ded. 1730.76 (TID 10). Remaining: 5,769.24', '2025-11-11 19:06:03'),
(999, 10, 'PAYROLL_GENERATED', 'Payroll run completed for period 2025-10-26 to 2025-11-10. Processed 7 payslips.', '2025-11-11 19:06:03'),
(1000, 10, 'EMPLOYEE_CREATE_FAILED', 'Duplicate: Error: A duplicate entry already exists.', '2025-11-11 19:10:57'),
(1001, 10, 'EMPLOYEE_CREATED', 'New employee Sarah Palma (EID: 17, Role: Employee) created by Admin EID 10.', '2025-11-11 19:12:44'),
(1002, 10, 'EMPLOYEE_CREATED', 'New employee A Monforte  (EID: 18, Role: Employee) created by Admin EID 10.', '2025-11-11 19:19:53'),
(1003, 10, 'PAY_RATE_UPDATED', 'Added new pay rate for EID 18: Fix Rate @ 500 effective 2025-11-03.', '2025-11-11 19:24:13'),
(1004, 10, 'PAY_RATE_UPDATED', 'Updated pay rate (History ID 11) for EID 18: Fix Rate @ 6500 effective 2025-11-03.', '2025-11-11 19:24:39'),
(1005, 10, 'PAY_RATE_UPDATED', 'Added new pay rate for EID 17: Fix Rate @ 1500 effective 2025-11-12.', '2025-11-11 19:24:51'),
(1006, 10, 'PAY_RATE_UPDATED', 'Updated pay rate (History ID 11) for EID 18: Fix Rate @ 6500.00 effective 2025-11-03.', '2025-11-11 19:24:58'),
(1007, 10, 'PAY_RATE_UPDATED', 'Updated pay rate (History ID 12) for EID 17: Fix Rate @ 1500.00 effective 2025-10-26.', '2025-11-11 19:25:33'),
(1008, 10, 'PAYROLL_RUN_DELETED', 'Deleted payroll run for period 2025-10-26 to 2025-11-10. Removed 7 payslip records. Reset 28 CA/VALE transaction statuses.', '2025-11-11 19:26:27'),
(1009, 10, 'ADMIN_ANALYTICS_VIEWED', 'Admin loaded company-wide analytics dashboard.', '2025-11-11 19:26:31'),
(1010, 10, 'CA_ADDED', 'Added CA/VALE of 1000 for EID 18 on 2025-11-10.', '2025-11-11 19:26:57'),
(1011, 10, 'CA_ADDED', 'Added CA/VALE of 100 for EID 18 on 2025-11-11.', '2025-11-11 19:27:06'),
(1012, 10, 'CA_ADDED', 'Added CA/VALE of 120 for EID 17 on 2025-11-09.', '2025-11-11 19:27:15'),
(1013, 10, 'PAYROLL_SKIP', 'Skipped EID 1: No active/valid pay rate.', '2025-11-11 19:28:24'),
(1014, 10, 'PAYROLL_SKIP', 'Skipped EID 4: No active/valid pay rate.', '2025-11-11 19:28:24'),
(1015, 10, 'CA_DEDUCTED', 'Ded. 9350 CA for EID 7 (PID 55). Details: Full ded. 2000 (TID 9). Remaining: 0.00; Full ded. 100 (TID 12). Remaining: 0.00; Full ded. 200 (TID 14). Remaining: 0.00; Full ded. 50 (TID 15). Remaining: 0.00; Full ded. 200 (TID 16). Remaining: 0.00; Full ded. 2500 (TID 19). Remaining: 0.00; Full ded. 100 (TID 21). Remaining: 0.00; Full ded. 1500 (TID 26). Remaining: 0.00; Full ded. 1000 (TID 27). Remaining: 0.00; Full ded. 1000 (TID 30). Remaining: 0.00; Full ded. 300 (TID 38). Remaining: 0.00; Full ded. 400 (TID 39). Remaining: 0.00', '2025-11-11 19:28:24'),
(1016, 10, 'CA_DEDUCTED', 'Ded. 1500 CA for EID 10 (PID 56). Details: Full ded. 1500 (TID 18). Remaining: 0.00', '2025-11-11 19:28:24'),
(1017, 10, 'CA_DEDUCTED', 'Ded. 675 CA for EID 11 (PID 57). Details: Full ded. 100 (TID 25). Remaining: 0.00; Full ded. 100 (TID 29). Remaining: 0.00; Full ded. 200 (TID 32). Remaining: 0.00; Full ded. 100 (TID 33). Remaining: 0.00; Full ded. 175 (TID 36). Remaining: 0.00', '2025-11-11 19:28:24'),
(1018, 10, 'CA_DEDUCTED', 'Ded. 3729 CA for EID 12 (PID 58). Details: Full ded. 160 (TID 22). Remaining: 0.00; Full ded. 160 (TID 28). Remaining: 0.00; Full ded. 3000 (TID 31). Remaining: 0.00; Full ded. 150 (TID 34). Remaining: 0.00; Full ded. 259 (TID 35). Remaining: 0.00', '2025-11-11 19:28:24'),
(1019, 10, 'CA_DEDUCTED', 'Ded. 150 CA for EID 13 (PID 59). Details: Full ded. 150 (TID 8). Remaining: 0.00', '2025-11-11 19:28:24'),
(1020, 10, 'CA_DEDUCTED', 'Ded. 2100 CA for EID 14 (PID 60). Details: Full ded. 1000 (TID 11). Remaining: 0.00; Full ded. 1000 (TID 23). Remaining: 0.00; Full ded. 100 (TID 37). Remaining: 0.00', '2025-11-11 19:28:24'),
(1021, 10, 'CA_DEDUCTED', 'Ded. 1730.76 CA for EID 15 (PID 61). Details: Partial ded. 1730.76 (TID 10). Remaining: 5,769.24', '2025-11-11 19:28:24'),
(1022, 10, 'CA_DEDUCTED', 'Ded. 120 CA for EID 17 (PID 62). Details: Full ded. 120 (TID 42). Remaining: 0.00', '2025-11-11 19:28:24'),
(1023, 10, 'CA_DEDUCTED', 'Ded. 1100 CA for EID 18 (PID 63). Details: Full ded. 1000 (TID 40). Remaining: 0.00; Full ded. 100 (TID 41). Remaining: 0.00', '2025-11-11 19:28:24'),
(1024, 10, 'PAYROLL_GENERATED', 'Payroll run completed for period 2025-10-26 to 2025-11-10. Processed 9 payslips.', '2025-11-11 19:28:24'),
(1025, 10, 'PAYROLL_RUN_DELETED', 'Deleted payroll run for period 2025-10-26 to 2025-11-10. Removed 9 payslip records. Reset 31 CA/VALE transaction statuses.', '2025-11-11 19:29:08'),
(1026, 10, 'ADMIN_ANALYTICS_VIEWED', 'Admin loaded company-wide analytics dashboard.', '2025-11-11 19:31:01'),
(1027, 10, 'ADMIN_ANALYTICS_VIEWED', 'Admin loaded company-wide analytics dashboard.', '2025-11-11 19:31:44'),
(1028, 10, 'PAY_RATE_UPDATED', 'Set new rate for EID 18: Fix Rate @ 2500 effective 2025-11-12.', '2025-11-11 19:32:07'),
(1029, 10, 'PAY_RATE_ACTION_FAILED', 'Failed to set rate for EID 18: Rate already exists for today (2025-11-12).', '2025-11-11 19:32:21'),
(1030, 11, 'LOGIN_SUCCESS', 'User abalugo (Employee) successfully logged in.', '2025-11-11 19:36:23'),
(1031, 11, 'CLOCK_IN_SUCCESS', 'Clocked in at 2025-11-12 10:36:46. Scheduled start: 2025-11-12 12:00:00. (Early Clock-in)', '2025-11-11 19:36:46'),
(1032, 10, 'PAYROLL_SKIP', 'Skipped EID 1: No active/valid pay rate.', '2025-11-11 20:02:11'),
(1033, 10, 'PAYROLL_SKIP', 'Skipped EID 4: No active/valid pay rate.', '2025-11-11 20:02:11'),
(1034, 10, 'CA_DEDUCTED', 'Ded. 9350 CA for EID 7 (PID 64). Details: Full ded. 2000 (TID 9). Remaining: 0.00; Full ded. 100 (TID 12). Remaining: 0.00; Full ded. 200 (TID 14). Remaining: 0.00; Full ded. 50 (TID 15). Remaining: 0.00; Full ded. 200 (TID 16). Remaining: 0.00; Full ded. 2500 (TID 19). Remaining: 0.00; Full ded. 100 (TID 21). Remaining: 0.00; Full ded. 1500 (TID 26). Remaining: 0.00; Full ded. 1000 (TID 27). Remaining: 0.00; Full ded. 1000 (TID 30). Remaining: 0.00; Full ded. 300 (TID 38). Remaining: 0.00; Full ded. 400 (TID 39). Remaining: 0.00', '2025-11-11 20:02:11'),
(1035, 10, 'CA_DEDUCTED', 'Ded. 1500 CA for EID 10 (PID 65). Details: Full ded. 1500 (TID 18). Remaining: 0.00', '2025-11-11 20:02:11'),
(1036, 10, 'CA_DEDUCTED', 'Ded. 675 CA for EID 11 (PID 66). Details: Full ded. 100 (TID 25). Remaining: 0.00; Full ded. 100 (TID 29). Remaining: 0.00; Full ded. 200 (TID 32). Remaining: 0.00; Full ded. 100 (TID 33). Remaining: 0.00; Full ded. 175 (TID 36). Remaining: 0.00', '2025-11-11 20:02:11'),
(1037, 10, 'CA_DEDUCTED', 'Ded. 3729 CA for EID 12 (PID 67). Details: Full ded. 160 (TID 22). Remaining: 0.00; Full ded. 160 (TID 28). Remaining: 0.00; Full ded. 3000 (TID 31). Remaining: 0.00; Full ded. 150 (TID 34). Remaining: 0.00; Full ded. 259 (TID 35). Remaining: 0.00', '2025-11-11 20:02:11'),
(1038, 10, 'CA_DEDUCTED', 'Ded. 150 CA for EID 13 (PID 68). Details: Full ded. 150 (TID 8). Remaining: 0.00', '2025-11-11 20:02:11'),
(1039, 10, 'CA_DEDUCTED', 'Ded. 2100 CA for EID 14 (PID 69). Details: Full ded. 1000 (TID 11). Remaining: 0.00; Full ded. 1000 (TID 23). Remaining: 0.00; Full ded. 100 (TID 37). Remaining: 0.00', '2025-11-11 20:02:11'),
(1040, 10, 'CA_DEDUCTED', 'Ded. 1730.76 CA for EID 15 (PID 70). Details: Partial ded. 1730.76 (TID 10). Remaining: 5,769.24', '2025-11-11 20:02:11'),
(1041, 10, 'CA_DEDUCTED', 'Ded. 120 CA for EID 17 (PID 71). Details: Full ded. 120 (TID 42). Remaining: 0.00', '2025-11-11 20:02:11'),
(1042, 10, 'CA_DEDUCTED', 'Ded. 1100 CA for EID 18 (PID 72). Details: Full ded. 1000 (TID 40). Remaining: 0.00; Full ded. 100 (TID 41). Remaining: 0.00', '2025-11-11 20:02:11'),
(1043, 10, 'PAYROLL_GENERATED', 'Payroll run completed for period 2025-10-26 to 2025-11-10. Processed 9 payslips.', '2025-11-11 20:02:11'),
(1044, 10, 'PAYROLL_RUN_DELETED', 'Deleted payroll run for period 2025-10-26 to 2025-11-10. Removed 9 payslip records. Reset 31 CA/VALE transaction statuses.', '2025-11-11 20:02:27'),
(1045, 10, 'ADMIN_ANALYTICS_VIEWED', 'Admin loaded company-wide analytics dashboard.', '2025-11-11 20:02:31'),
(1046, 10, 'ADMIN_ANALYTICS_VIEWED', 'Admin loaded company-wide analytics dashboard.', '2025-11-11 20:03:11'),
(1047, 10, 'CA_DELETED', 'Soft deleted pending CA transaction ID 40.', '2025-11-11 20:06:00'),
(1048, 10, 'CA_ADDED', 'Added CA/VALE of 4000 for EID 12 on 2025-11-03.', '2025-11-11 20:06:19'),
(1049, 10, 'PAYROLL_SKIP', 'Skipped EID 1: No active/valid pay rate.', '2025-11-11 20:06:39'),
(1050, 10, 'PAYROLL_SKIP', 'Skipped EID 4: No active/valid pay rate.', '2025-11-11 20:06:39'),
(1051, 10, 'CA_DEDUCTED', 'Ded. 9350 CA for EID 7 (PID 73). Details: Full ded. 2000 (TID 9). Remaining: 0.00; Full ded. 100 (TID 12). Remaining: 0.00; Full ded. 200 (TID 14). Remaining: 0.00; Full ded. 50 (TID 15). Remaining: 0.00; Full ded. 200 (TID 16). Remaining: 0.00; Full ded. 2500 (TID 19). Remaining: 0.00; Full ded. 100 (TID 21). Remaining: 0.00; Full ded. 1500 (TID 26). Remaining: 0.00; Full ded. 1000 (TID 27). Remaining: 0.00; Full ded. 1000 (TID 30). Remaining: 0.00; Full ded. 300 (TID 38). Remaining: 0.00; Full ded. 400 (TID 39). Remaining: 0.00', '2025-11-11 20:06:39'),
(1052, 10, 'CA_DEDUCTED', 'Ded. 1500 CA for EID 10 (PID 74). Details: Full ded. 1500 (TID 18). Remaining: 0.00', '2025-11-11 20:06:39'),
(1053, 10, 'CA_DEDUCTED', 'Ded. 675 CA for EID 11 (PID 75). Details: Full ded. 100 (TID 25). Remaining: 0.00; Full ded. 100 (TID 29). Remaining: 0.00; Full ded. 200 (TID 32). Remaining: 0.00; Full ded. 100 (TID 33). Remaining: 0.00; Full ded. 175 (TID 36). Remaining: 0.00', '2025-11-11 20:06:39'),
(1054, 10, 'CA_DEDUCTED', 'Ded. 5765.99 CA for EID 12 (PID 76). Details: Full ded. 160 (TID 22). Remaining: 0.00; Full ded. 160 (TID 28). Remaining: 0.00; Full ded. 3000 (TID 31). Remaining: 0.00; Full ded. 150 (TID 34). Remaining: 0.00; Full ded. 259 (TID 35). Remaining: 0.00; Partial ded. 2036.99 (TID 43). Remaining: 1,963.01', '2025-11-11 20:06:39'),
(1055, 10, 'CA_DEDUCTED', 'Ded. 150 CA for EID 13 (PID 77). Details: Full ded. 150 (TID 8). Remaining: 0.00', '2025-11-11 20:06:39'),
(1056, 10, 'CA_DEDUCTED', 'Ded. 2100 CA for EID 14 (PID 78). Details: Full ded. 1000 (TID 11). Remaining: 0.00; Full ded. 1000 (TID 23). Remaining: 0.00; Full ded. 100 (TID 37). Remaining: 0.00', '2025-11-11 20:06:39'),
(1057, 10, 'CA_DEDUCTED', 'Ded. 1730.76 CA for EID 15 (PID 79). Details: Partial ded. 1730.76 (TID 10). Remaining: 5,769.24', '2025-11-11 20:06:39'),
(1058, 10, 'CA_DEDUCTED', 'Ded. 120 CA for EID 17 (PID 80). Details: Full ded. 120 (TID 42). Remaining: 0.00', '2025-11-11 20:06:39'),
(1059, 10, 'CA_DEDUCTED', 'Ded. 100 CA for EID 18 (PID 81). Details: Full ded. 100 (TID 41). Remaining: 0.00', '2025-11-11 20:06:39'),
(1060, 10, 'PAYROLL_GENERATED', 'Payroll run completed for period 2025-10-26 to 2025-11-10. Processed 9 payslips.', '2025-11-11 20:06:39'),
(1061, 10, 'PAYROLL_RUN_DELETED', 'Deleted payroll run for period 2025-10-26 to 2025-11-10. Removed 9 payslip records. Reset 31 CA/VALE transaction statuses.', '2025-11-11 20:06:53'),
(1062, 10, 'CA_ADDED', 'Added CA/VALE of 4000 for EID 18 on 2025-11-03.', '2025-11-11 20:08:12'),
(1063, 10, 'PAYROLL_SKIP', 'Skipped EID 1: No active/valid pay rate.', '2025-11-11 20:08:43'),
(1064, 10, 'PAYROLL_SKIP', 'Skipped EID 4: No active/valid pay rate.', '2025-11-11 20:08:43'),
(1065, 10, 'CA_DEDUCTED', 'Ded. 9350 CA for EID 7 (PID 82). Details: Full ded. 2000 (TID 9). Remaining: 0.00; Full ded. 100 (TID 12). Remaining: 0.00; Full ded. 200 (TID 14). Remaining: 0.00; Full ded. 50 (TID 15). Remaining: 0.00; Full ded. 200 (TID 16). Remaining: 0.00; Full ded. 2500 (TID 19). Remaining: 0.00; Full ded. 100 (TID 21). Remaining: 0.00; Full ded. 1500 (TID 26). Remaining: 0.00; Full ded. 1000 (TID 27). Remaining: 0.00; Full ded. 1000 (TID 30). Remaining: 0.00; Full ded. 300 (TID 38). Remaining: 0.00; Full ded. 400 (TID 39). Remaining: 0.00', '2025-11-11 20:08:43'),
(1066, 10, 'CA_DEDUCTED', 'Ded. 1500 CA for EID 10 (PID 83). Details: Full ded. 1500 (TID 18). Remaining: 0.00', '2025-11-11 20:08:43'),
(1067, 10, 'CA_DEDUCTED', 'Ded. 675 CA for EID 11 (PID 84). Details: Full ded. 100 (TID 25). Remaining: 0.00; Full ded. 100 (TID 29). Remaining: 0.00; Full ded. 200 (TID 32). Remaining: 0.00; Full ded. 100 (TID 33). Remaining: 0.00; Full ded. 175 (TID 36). Remaining: 0.00', '2025-11-11 20:08:43'),
(1068, 10, 'CA_DEDUCTED', 'Ded. 5765.99 CA for EID 12 (PID 85). Details: Full ded. 160 (TID 22). Remaining: 0.00; Full ded. 160 (TID 28). Remaining: 0.00; Full ded. 3000 (TID 31). Remaining: 0.00; Full ded. 150 (TID 34). Remaining: 0.00; Full ded. 259 (TID 35). Remaining: 0.00; Partial ded. 2036.99 (TID 43). Remaining: 1,963.01', '2025-11-11 20:08:43'),
(1069, 10, 'CA_DEDUCTED', 'Ded. 150 CA for EID 13 (PID 86). Details: Full ded. 150 (TID 8). Remaining: 0.00', '2025-11-11 20:08:43'),
(1070, 10, 'CA_DEDUCTED', 'Ded. 2100 CA for EID 14 (PID 87). Details: Full ded. 1000 (TID 11). Remaining: 0.00; Full ded. 1000 (TID 23). Remaining: 0.00; Full ded. 100 (TID 37). Remaining: 0.00', '2025-11-11 20:08:43'),
(1071, 10, 'CA_DEDUCTED', 'Ded. 1730.76 CA for EID 15 (PID 88). Details: Partial ded. 1730.76 (TID 10). Remaining: 5,769.24', '2025-11-11 20:08:43'),
(1072, 10, 'CA_DEDUCTED', 'Ded. 120 CA for EID 17 (PID 89). Details: Full ded. 120 (TID 42). Remaining: 0.00', '2025-11-11 20:08:43'),
(1073, 10, 'CA_DEDUCTED', 'Ded. 4100 CA for EID 18 (PID 90). Details: Full ded. 100 (TID 41). Remaining: 0.00; Full ded. 4000 (TID 44). Remaining: 0.00', '2025-11-11 20:08:43'),
(1074, 10, 'PAYROLL_GENERATED', 'Payroll run completed for period 2025-10-26 to 2025-11-10. Processed 9 payslips.', '2025-11-11 20:08:43'),
(1075, 10, 'PAYROLL_RUN_DELETED', 'Deleted payroll run for period 2025-10-26 to 2025-11-10. Removed 9 payslip records. Reset 32 CA/VALE transaction statuses.', '2025-11-11 20:11:07'),
(1076, 10, 'CA_DELETED', 'Soft deleted pending CA transaction ID 10.', '2025-11-11 20:37:55'),
(1077, 10, 'CA_DELETED', 'Soft deleted pending CA transaction ID 13.', '2025-11-11 20:38:07'),
(1078, 10, 'CA_DELETED', 'Soft deleted pending CA transaction ID 24.', '2025-11-11 20:38:15'),
(1079, 10, 'CA_DELETED', 'Soft deleted pending CA transaction ID 20.', '2025-11-11 20:38:23'),
(1080, 10, 'CA_DELETED', 'Soft deleted pending CA transaction ID 17.', '2025-11-11 20:38:30'),
(1081, 10, 'PAY_RATE_UPDATED', 'Set new rate for EID 13: Fix Rate @ 576.92 effective 2025-11-12.', '2025-11-11 20:39:36'),
(1082, 10, 'ADMIN_ANALYTICS_VIEWED', 'Admin loaded company-wide analytics dashboard.', '2025-11-11 20:39:49'),
(1083, 10, 'CA_ADDED', 'Added CA/VALE of 3000 for EID 15 on 2025-11-10.', '2025-11-11 20:40:03'),
(1084, 10, 'CA_ADDED', 'Added CA/VALE of 300 for EID 12 on 2025-11-12.', '2025-11-11 20:40:50'),
(1085, 10, 'LOGIN_SUCCESS', 'User kespiritu (HR Admin) successfully logged in.', '2025-11-12 00:16:46'),
(1086, 10, 'ADMIN_ANALYTICS_VIEWED', 'Admin loaded company-wide analytics dashboard.', '2025-11-12 00:16:47'),
(1087, 10, 'CA_ADDED', 'Added CA/VALE of 80 for EID 11 on 2025-11-12.', '2025-11-12 00:16:55'),
(1088, 10, 'CA_ADDED', 'Added CA/VALE of 96 for EID 7 on 2025-11-12.', '2025-11-12 00:17:08'),
(1089, 10, 'CA_ADDED', 'Added CA/VALE of 96 for EID 15 on 2025-11-12.', '2025-11-12 00:17:13'),
(1090, 10, 'ADMIN_ANALYTICS_VIEWED', 'Admin loaded company-wide analytics dashboard.', '2025-11-12 00:45:21'),
(1091, 10, 'ATTENDANCE_ADDED', 'HR Admin manually added new log ID 100 for EID 12 on 2025-11-12.', '2025-11-12 00:46:38'),
(1092, 10, 'ADMIN_ANALYTICS_VIEWED', 'Admin loaded company-wide analytics dashboard.', '2025-11-12 00:52:09'),
(1093, 10, 'ADMIN_ANALYTICS_VIEWED', 'Admin loaded company-wide analytics dashboard.', '2025-11-12 00:56:09'),
(1094, 10, 'ATTENDANCE_ADDED', 'HR Admin manually added new log ID 101 for EID 15 on 2025-11-06.', '2025-11-12 01:06:09'),
(1095, 10, 'ATTENDANCE_ADDED', 'HR Admin manually added new log ID 102 for EID 15 on 2025-11-07.', '2025-11-12 01:06:51'),
(1096, 10, 'ATTENDANCE_ADDED', 'HR Admin manually added new log ID 103 for EID 15 on 2025-11-08.', '2025-11-12 01:07:24'),
(1097, 10, 'ATTENDANCE_ADDED', 'HR Admin manually added new log ID 104 for EID 15 on 2025-11-10.', '2025-11-12 01:07:43'),
(1098, 10, 'ATTENDANCE_ADDED', 'HR Admin manually added new log ID 105 for EID 15 on 2025-11-11.', '2025-11-12 01:08:06'),
(1099, 10, 'PAYROLL_SKIP', 'Skipped EID 1: No active/valid pay rate.', '2025-11-12 01:08:36'),
(1100, 10, 'PAYROLL_SKIP', 'Skipped EID 4: No active/valid pay rate.', '2025-11-12 01:08:36'),
(1101, 10, 'CA_DEDUCTED', 'Ded. 9446 CA for EID 7 (PID 91). Details: Full ded. 2000 (TID 9). Remaining: 0.00; Full ded. 100 (TID 12). Remaining: 0.00; Full ded. 200 (TID 14). Remaining: 0.00; Full ded. 50 (TID 15). Remaining: 0.00; Full ded. 200 (TID 16). Remaining: 0.00; Full ded. 2500 (TID 19). Remaining: 0.00; Full ded. 100 (TID 21). Remaining: 0.00; Full ded. 1500 (TID 26). Remaining: 0.00; Full ded. 1000 (TID 27). Remaining: 0.00; Full ded. 1000 (TID 30). Remaining: 0.00; Full ded. 300 (TID 38). Remaining: 0.00; Full ded. 400 (TID 39). Remaining: 0.00; Full ded. 96 (TID 48). Remaining: 0.00', '2025-11-12 01:08:36'),
(1102, 10, 'CA_DEDUCTED', 'Ded. 1500 CA for EID 10 (PID 92). Details: Full ded. 1500 (TID 18). Remaining: 0.00', '2025-11-12 01:08:36'),
(1103, 10, 'CA_DEDUCTED', 'Ded. 755 CA for EID 11 (PID 93). Details: Full ded. 100 (TID 25). Remaining: 0.00; Full ded. 100 (TID 29). Remaining: 0.00; Full ded. 200 (TID 32). Remaining: 0.00; Full ded. 100 (TID 33). Remaining: 0.00; Full ded. 175 (TID 36). Remaining: 0.00; Full ded. 80 (TID 47). Remaining: 0.00', '2025-11-12 01:08:36'),
(1104, 10, 'CA_DEDUCTED', 'Ded. 5765.99 CA for EID 12 (PID 94). Details: Full ded. 160 (TID 22). Remaining: 0.00; Full ded. 160 (TID 28). Remaining: 0.00; Full ded. 3000 (TID 31). Remaining: 0.00; Full ded. 150 (TID 34). Remaining: 0.00; Full ded. 259 (TID 35). Remaining: 0.00; Partial ded. 2036.99 (TID 43). Remaining: 1,963.01', '2025-11-12 01:08:36'),
(1105, 10, 'CA_DEDUCTED', 'Ded. 150 CA for EID 13 (PID 95). Details: Full ded. 150 (TID 8). Remaining: 0.00', '2025-11-12 01:08:36'),
(1106, 10, 'CA_DEDUCTED', 'Ded. 2100 CA for EID 14 (PID 96). Details: Full ded. 1000 (TID 11). Remaining: 0.00; Full ded. 1000 (TID 23). Remaining: 0.00; Full ded. 100 (TID 37). Remaining: 0.00', '2025-11-12 01:08:36'),
(1107, 10, 'CA_DEDUCTED', 'Ded. 3096 CA for EID 15 (PID 97). Details: Full ded. 3000 (TID 45). Remaining: 0.00; Full ded. 96 (TID 49). Remaining: 0.00', '2025-11-12 01:08:36'),
(1108, 10, 'CA_DEDUCTED', 'Ded. 120 CA for EID 17 (PID 98). Details: Full ded. 120 (TID 42). Remaining: 0.00', '2025-11-12 01:08:36'),
(1109, 10, 'CA_DEDUCTED', 'Ded. 4100 CA for EID 18 (PID 99). Details: Full ded. 100 (TID 41). Remaining: 0.00; Full ded. 4000 (TID 44). Remaining: 0.00', '2025-11-12 01:08:36'),
(1110, 10, 'PAYROLL_GENERATED', 'Payroll run completed for period 2025-10-26 to 2025-11-10. Processed 9 payslips.', '2025-11-12 01:08:36'),
(1111, 10, 'LOGIN_SUCCESS', 'User kespiritu (HR Admin) successfully logged in.', '2025-11-12 01:14:00'),
(1112, 10, 'ADMIN_ANALYTICS_VIEWED', 'Admin loaded company-wide analytics dashboard.', '2025-11-12 01:14:02'),
(1113, 7, 'LOGIN_SUCCESS', 'User rricamata (Super Admin) successfully logged in.', '2025-11-12 01:15:49'),
(1114, 7, 'ADMIN_ANALYTICS_VIEWED', 'Admin loaded company-wide analytics dashboard.', '2025-11-12 01:15:51'),
(1115, 7, 'PAYSLIP_VIEW_SUCCESS', 'EID 7 viewed PID 97 for EID 15.', '2025-11-12 01:16:16'),
(1116, 7, 'PAYSLIP_DOWNLOAD_SUCCESS', 'EID 7 downloaded/viewed PID 97 for EID 15.', '2025-11-12 01:16:23'),
(1117, 10, 'CLOCK_OUT_SUCCESS', 'Clocked out successfully from Kiosk. Log ID: 97. Duration: 9 hours, 1 minutes.', '2025-11-12 01:16:24'),
(1118, 7, 'REPORT_GENERATED', 'Generated Attendance Summary (Oct 26, 2025 - Nov 10, 2025). Filters: Type=attendance_summary, Start=2025-10-26, End=2025-11-10, Dept=all', '2025-11-12 01:16:47'),
(1119, 7, 'PAYSLIP_VIEW_SUCCESS', 'EID 7 viewed PID 91 for EID 7.', '2025-11-12 01:18:45'),
(1120, 7, 'PAYSLIP_VIEW_SUCCESS', 'EID 7 viewed PID 94 for EID 12.', '2025-11-12 01:18:57'),
(1121, 7, 'PAYSLIP_VIEW_SUCCESS', 'EID 7 viewed PID 92 for EID 10.', '2025-11-12 01:20:46'),
(1122, 7, 'PAYSLIP_VIEW_SUCCESS', 'EID 7 viewed PID 91 for EID 7.', '2025-11-12 01:30:27'),
(1123, 7, 'PAYSLIP_VIEW_SUCCESS', 'EID 7 viewed PID 97 for EID 15.', '2025-11-12 01:31:05'),
(1124, 7, 'ADMIN_ANALYTICS_VIEWED', 'Admin loaded company-wide analytics dashboard.', '2025-11-12 01:31:56'),
(1125, 7, 'PAYROLL_AUTH_FAILED', 'Incorrect password during payroll run deletion.', '2025-11-12 01:32:40'),
(1126, 10, 'LOGIN_SUCCESS', 'User kespiritu (HR Admin) successfully logged in.', '2025-11-12 05:32:15'),
(1127, 10, 'ADMIN_ANALYTICS_VIEWED', 'Admin loaded company-wide analytics dashboard.', '2025-11-12 05:32:16'),
(1128, 10, 'PAYROLL_RUN_DELETED', 'Deleted payroll run for period 2025-10-26 to 2025-11-10. Removed 9 payslip records. Reset 35 CA/VALE transaction statuses.', '2025-11-12 05:32:39'),
(1129, 10, 'ADMIN_ANALYTICS_VIEWED', 'Admin loaded company-wide analytics dashboard.', '2025-11-12 05:32:47'),
(1130, 13, 'LOGIN_SUCCESS', 'User jcahinde (Employee) successfully logged in.', '2025-11-12 06:49:18'),
(1131, 13, 'CLOCK_OUT_SUCCESS', 'Clocked out successfully from Kiosk. Log ID: 98. Duration: 14 hours, 11 minutes.', '2025-11-12 06:49:44'),
(1132, 11, 'LOGIN_SUCCESS', 'User abalugo (Employee) successfully logged in.', '2025-11-12 07:11:58'),
(1133, 11, 'CLOCK_OUT_SUCCESS', 'Clocked out successfully from Kiosk. Log ID: 99. Duration: 10 hours, 12 minutes.', '2025-11-12 07:12:54'),
(1134, 11, 'CLOCK_IN_FAILED', 'Attempted double clock-in on 2025-11-12.', '2025-11-12 07:12:54'),
(1135, 11, 'CLOCK_IN_FAILED', 'Attempted double clock-in on 2025-11-12.', '2025-11-12 07:12:54'),
(1136, 11, 'CLOCK_IN_FAILED', 'Attempted double clock-in on 2025-11-12.', '2025-11-12 07:12:54'),
(1137, 10, 'LOGIN_SUCCESS', 'User kespiritu (HR Admin) successfully logged in.', '2025-11-12 16:09:22'),
(1138, 10, 'ADMIN_ANALYTICS_VIEWED', 'Admin loaded company-wide analytics dashboard.', '2025-11-12 16:09:26'),
(1139, 10, 'CLOCK_IN_SUCCESS', 'Clocked in at 2025-11-13 07:11:45. Scheduled start: 2025-11-13 07:00:00. (Late Clock-in)', '2025-11-12 16:11:45'),
(1140, 10, 'LOGIN_SUCCESS', 'User kespiritu (HR Admin) successfully logged in.', '2025-11-12 16:15:10'),
(1141, 10, 'ADMIN_ANALYTICS_VIEWED', 'Admin loaded company-wide analytics dashboard.', '2025-11-12 16:15:12'),
(1142, 10, 'CA_ADDED', 'Added CA/VALE of 300 for EID 14 on 2025-11-12.', '2025-11-12 16:17:42'),
(1143, 10, 'CA_ADDED', 'Added CA/VALE of 80 for EID 11 on 2025-11-12.', '2025-11-12 16:18:04'),
(1144, 10, 'CA_ADDED', 'Added CA/VALE of 2000 for EID 13 on 2025-11-11.', '2025-11-12 16:21:55'),
(1145, 13, 'LOGIN_SUCCESS', 'User jcahinde (Employee) successfully logged in.', '2025-11-12 16:22:45'),
(1146, 13, 'CLOCK_IN_SUCCESS', 'Clocked in at 2025-11-13 07:26:36. Scheduled start: 2025-11-13 07:00:00. (Late Clock-in)', '2025-11-12 16:26:36'),
(1147, 10, 'CA_ADDED', 'Added CA/VALE of 200 for EID 7 on 2025-11-12.', '2025-11-12 16:27:14'),
(1148, 10, 'PAY_RATE_UPDATED', 'Updated pay rate (History ID 10) for EID 15: Daily @ 615.38 effective 2025-10-26.', '2025-11-12 16:29:12'),
(1149, 10, 'PAY_RATE_DELETED', 'Deleted pay rate (History ID 13) for EID 18. Rate: 2500.00, Effective: 2025-11-12.', '2025-11-12 16:29:22'),
(1150, 10, 'PAYROLL_SKIP', 'Skipped EID 1: No active/valid pay rate.', '2025-11-12 16:29:48'),
(1151, 10, 'PAYROLL_SKIP', 'Skipped EID 4: No active/valid pay rate.', '2025-11-12 16:29:48'),
(1152, 10, 'CA_DEDUCTED', 'Ded. 9646 CA for EID 7 (PID 100). Details: Full ded. 2000 (TID 9). Remaining: 0.00; Full ded. 100 (TID 12). Remaining: 0.00; Full ded. 200 (TID 14). Remaining: 0.00; Full ded. 50 (TID 15). Remaining: 0.00; Full ded. 200 (TID 16). Remaining: 0.00; Full ded. 2500 (TID 19). Remaining: 0.00; Full ded. 100 (TID 21). Remaining: 0.00; Full ded. 1500 (TID 26). Remaining: 0.00; Full ded. 1000 (TID 27). Remaining: 0.00; Full ded. 1000 (TID 30). Remaining: 0.00; Full ded. 300 (TID 38). Remaining: 0.00; Full ded. 400 (TID 39). Remaining: 0.00; Full ded. 96 (TID 48). Remaining: 0.00; Full ded. 200 (TID 53). Remaining: 0.00', '2025-11-12 16:29:48'),
(1153, 10, 'CA_DEDUCTED', 'Ded. 1500 CA for EID 10 (PID 101). Details: Full ded. 1500 (TID 18). Remaining: 0.00', '2025-11-12 16:29:48'),
(1154, 10, 'CA_DEDUCTED', 'Ded. 835 CA for EID 11 (PID 102). Details: Full ded. 100 (TID 25). Remaining: 0.00; Full ded. 100 (TID 29). Remaining: 0.00; Full ded. 200 (TID 32). Remaining: 0.00; Full ded. 100 (TID 33). Remaining: 0.00; Full ded. 175 (TID 36). Remaining: 0.00; Full ded. 80 (TID 47). Remaining: 0.00; Full ded. 80 (TID 51). Remaining: 0.00', '2025-11-12 16:29:49'),
(1155, 10, 'CA_DEDUCTED', 'Ded. 5765.99 CA for EID 12 (PID 103). Details: Full ded. 160 (TID 22). Remaining: 0.00; Full ded. 160 (TID 28). Remaining: 0.00; Full ded. 3000 (TID 31). Remaining: 0.00; Full ded. 150 (TID 34). Remaining: 0.00; Full ded. 259 (TID 35). Remaining: 0.00; Partial ded. 2036.99 (TID 43). Remaining: 1,963.01', '2025-11-12 16:29:49'),
(1156, 10, 'CA_DEDUCTED', 'Ded. 2150 CA for EID 13 (PID 104). Details: Full ded. 150 (TID 8). Remaining: 0.00; Full ded. 2000 (TID 52). Remaining: 0.00', '2025-11-12 16:29:49'),
(1157, 10, 'CA_DEDUCTED', 'Ded. 2400 CA for EID 14 (PID 105). Details: Full ded. 1000 (TID 11). Remaining: 0.00; Full ded. 1000 (TID 23). Remaining: 0.00; Full ded. 100 (TID 37). Remaining: 0.00; Full ded. 300 (TID 50). Remaining: 0.00', '2025-11-12 16:29:49'),
(1158, 10, 'CA_DEDUCTED', 'Ded. 3096 CA for EID 15 (PID 106). Details: Full ded. 3000 (TID 45). Remaining: 0.00; Full ded. 96 (TID 49). Remaining: 0.00', '2025-11-12 16:29:49'),
(1159, 10, 'CA_DEDUCTED', 'Ded. 120 CA for EID 17 (PID 107). Details: Full ded. 120 (TID 42). Remaining: 0.00', '2025-11-12 16:29:49'),
(1160, 10, 'CA_DEDUCTED', 'Ded. 4100 CA for EID 18 (PID 108). Details: Full ded. 100 (TID 41). Remaining: 0.00; Full ded. 4000 (TID 44). Remaining: 0.00', '2025-11-12 16:29:49'),
(1161, 10, 'PAYROLL_GENERATED', 'Payroll run completed for period 2025-10-26 to 2025-11-10. Processed 9 payslips.', '2025-11-12 16:29:49'),
(1162, 10, 'PAYROLL_RUN_DELETED', 'Deleted payroll run for period 2025-10-26 to 2025-11-10. Removed 9 payslip records. Reset 39 CA/VALE transaction statuses.', '2025-11-12 16:38:19'),
(1163, 10, 'PAYROLL_SKIP', 'Skipped EID 1: No active/valid pay rate.', '2025-11-12 16:38:40'),
(1164, 10, 'PAYROLL_SKIP', 'Skipped EID 4: No active/valid pay rate.', '2025-11-12 16:38:40'),
(1165, 10, 'CA_DEDUCTED', 'Ded. 9646 CA for EID 7 (PID 109). Details: Full ded. 2000 (TID 9). Remaining: 0.00; Full ded. 100 (TID 12). Remaining: 0.00; Full ded. 200 (TID 14). Remaining: 0.00; Full ded. 50 (TID 15). Remaining: 0.00; Full ded. 200 (TID 16). Remaining: 0.00; Full ded. 2500 (TID 19). Remaining: 0.00; Full ded. 100 (TID 21). Remaining: 0.00; Full ded. 1500 (TID 26). Remaining: 0.00; Full ded. 1000 (TID 27). Remaining: 0.00; Full ded. 1000 (TID 30). Remaining: 0.00; Full ded. 300 (TID 38). Remaining: 0.00; Full ded. 400 (TID 39). Remaining: 0.00; Full ded. 96 (TID 48). Remaining: 0.00; Full ded. 200 (TID 53). Remaining: 0.00', '2025-11-12 16:38:40'),
(1166, 10, 'CA_DEDUCTED', 'Ded. 1500 CA for EID 10 (PID 110). Details: Full ded. 1500 (TID 18). Remaining: 0.00', '2025-11-12 16:38:40'),
(1167, 10, 'CA_DEDUCTED', 'Ded. 835 CA for EID 11 (PID 111). Details: Full ded. 100 (TID 25). Remaining: 0.00; Full ded. 100 (TID 29). Remaining: 0.00; Full ded. 200 (TID 32). Remaining: 0.00; Full ded. 100 (TID 33). Remaining: 0.00; Full ded. 175 (TID 36). Remaining: 0.00; Full ded. 80 (TID 47). Remaining: 0.00; Full ded. 80 (TID 51). Remaining: 0.00', '2025-11-12 16:38:40'),
(1168, 10, 'CA_DEDUCTED', 'Ded. 5765.99 CA for EID 12 (PID 112). Details: Full ded. 160 (TID 22). Remaining: 0.00; Full ded. 160 (TID 28). Remaining: 0.00; Full ded. 3000 (TID 31). Remaining: 0.00; Full ded. 150 (TID 34). Remaining: 0.00; Full ded. 259 (TID 35). Remaining: 0.00; Partial ded. 2036.99 (TID 43). Remaining: 1,963.01', '2025-11-12 16:38:40'),
(1169, 10, 'CA_DEDUCTED', 'Ded. 2150 CA for EID 13 (PID 113). Details: Full ded. 150 (TID 8). Remaining: 0.00; Full ded. 2000 (TID 52). Remaining: 0.00', '2025-11-12 16:38:40'),
(1170, 10, 'CA_DEDUCTED', 'Ded. 2400 CA for EID 14 (PID 114). Details: Full ded. 1000 (TID 11). Remaining: 0.00; Full ded. 1000 (TID 23). Remaining: 0.00; Full ded. 100 (TID 37). Remaining: 0.00; Full ded. 300 (TID 50). Remaining: 0.00', '2025-11-12 16:38:40'),
(1171, 10, 'CA_DEDUCTED', 'Ded. 3096 CA for EID 15 (PID 115). Details: Full ded. 3000 (TID 45). Remaining: 0.00; Full ded. 96 (TID 49). Remaining: 0.00', '2025-11-12 16:38:40'),
(1172, 10, 'CA_DEDUCTED', 'Ded. 120 CA for EID 17 (PID 116). Details: Full ded. 120 (TID 42). Remaining: 0.00', '2025-11-12 16:38:40'),
(1173, 10, 'CA_DEDUCTED', 'Ded. 4100 CA for EID 18 (PID 117). Details: Full ded. 100 (TID 41). Remaining: 0.00; Full ded. 4000 (TID 44). Remaining: 0.00', '2025-11-12 16:38:40'),
(1174, 10, 'PAYROLL_GENERATED', 'Payroll run completed for period 2025-10-26 to 2025-11-10. Processed 9 payslips.', '2025-11-12 16:38:40'),
(1175, 10, 'PAYROLL_RUN_DELETED', 'Deleted payroll run for period 2025-10-26 to 2025-11-10. Removed 9 payslip records. Reset 39 CA/VALE transaction statuses.', '2025-11-12 16:38:53'),
(1176, 10, 'PAYROLL_SKIP', 'Skipped EID 1: No active/valid pay rate.', '2025-11-12 16:39:09'),
(1177, 10, 'PAYROLL_SKIP', 'Skipped EID 4: No active/valid pay rate.', '2025-11-12 16:39:09'),
(1178, 10, 'CA_DEDUCTED', 'Ded. 9646 CA for EID 7 (PID 118). Details: Full ded. 2000 (TID 9). Remaining: 0.00; Full ded. 100 (TID 12). Remaining: 0.00; Full ded. 200 (TID 14). Remaining: 0.00; Full ded. 50 (TID 15). Remaining: 0.00; Full ded. 200 (TID 16). Remaining: 0.00; Full ded. 2500 (TID 19). Remaining: 0.00; Full ded. 100 (TID 21). Remaining: 0.00; Full ded. 1500 (TID 26). Remaining: 0.00; Full ded. 1000 (TID 27). Remaining: 0.00; Full ded. 1000 (TID 30). Remaining: 0.00; Full ded. 300 (TID 38). Remaining: 0.00; Full ded. 400 (TID 39). Remaining: 0.00; Full ded. 96 (TID 48). Remaining: 0.00; Full ded. 200 (TID 53). Remaining: 0.00', '2025-11-12 16:39:09'),
(1179, 10, 'CA_DEDUCTED', 'Ded. 1500 CA for EID 10 (PID 119). Details: Full ded. 1500 (TID 18). Remaining: 0.00', '2025-11-12 16:39:09'),
(1180, 10, 'CA_DEDUCTED', 'Ded. 835 CA for EID 11 (PID 120). Details: Full ded. 100 (TID 25). Remaining: 0.00; Full ded. 100 (TID 29). Remaining: 0.00; Full ded. 200 (TID 32). Remaining: 0.00; Full ded. 100 (TID 33). Remaining: 0.00; Full ded. 175 (TID 36). Remaining: 0.00; Full ded. 80 (TID 47). Remaining: 0.00; Full ded. 80 (TID 51). Remaining: 0.00', '2025-11-12 16:39:09'),
(1181, 10, 'CA_DEDUCTED', 'Ded. 5765.99 CA for EID 12 (PID 121). Details: Full ded. 160 (TID 22). Remaining: 0.00; Full ded. 160 (TID 28). Remaining: 0.00; Full ded. 3000 (TID 31). Remaining: 0.00; Full ded. 150 (TID 34). Remaining: 0.00; Full ded. 259 (TID 35). Remaining: 0.00; Partial ded. 2036.99 (TID 43). Remaining: 1,963.01', '2025-11-12 16:39:09'),
(1182, 10, 'CA_DEDUCTED', 'Ded. 2150 CA for EID 13 (PID 122). Details: Full ded. 150 (TID 8). Remaining: 0.00; Full ded. 2000 (TID 52). Remaining: 0.00', '2025-11-12 16:39:09'),
(1183, 10, 'CA_DEDUCTED', 'Ded. 2400 CA for EID 14 (PID 123). Details: Full ded. 1000 (TID 11). Remaining: 0.00; Full ded. 1000 (TID 23). Remaining: 0.00; Full ded. 100 (TID 37). Remaining: 0.00; Full ded. 300 (TID 50). Remaining: 0.00', '2025-11-12 16:39:09'),
(1184, 10, 'CA_DEDUCTED', 'Ded. 3096 CA for EID 15 (PID 124). Details: Full ded. 3000 (TID 45). Remaining: 0.00; Full ded. 96 (TID 49). Remaining: 0.00', '2025-11-12 16:39:09'),
(1185, 10, 'CA_DEDUCTED', 'Ded. 120 CA for EID 17 (PID 125). Details: Full ded. 120 (TID 42). Remaining: 0.00', '2025-11-12 16:39:09'),
(1186, 10, 'CA_DEDUCTED', 'Ded. 4100 CA for EID 18 (PID 126). Details: Full ded. 100 (TID 41). Remaining: 0.00; Full ded. 4000 (TID 44). Remaining: 0.00', '2025-11-12 16:39:09'),
(1187, 10, 'PAYROLL_GENERATED', 'Payroll run completed for period 2025-10-26 to 2025-11-10. Processed 9 payslips.', '2025-11-12 16:39:09'),
(1188, 10, 'PAYROLL_RUN_DELETED', 'Deleted payroll run for period 2025-10-26 to 2025-11-10. Removed 9 payslip records. Reset 39 CA/VALE transaction statuses.', '2025-11-12 16:40:11'),
(1189, 10, 'PAYROLL_SKIP', 'Skipped EID 1: No active/valid pay rate.', '2025-11-12 16:41:36'),
(1190, 10, 'PAYROLL_SKIP', 'Skipped EID 4: No active/valid pay rate.', '2025-11-12 16:41:36'),
(1191, 10, 'CA_DEDUCTED', 'Ded. 9646 CA for EID 7 (PID 127). Details: Full ded. 2000 (TID 9). Remaining: 0.00; Full ded. 100 (TID 12). Remaining: 0.00; Full ded. 200 (TID 14). Remaining: 0.00; Full ded. 50 (TID 15). Remaining: 0.00; Full ded. 200 (TID 16). Remaining: 0.00; Full ded. 2500 (TID 19). Remaining: 0.00; Full ded. 100 (TID 21). Remaining: 0.00; Full ded. 1500 (TID 26). Remaining: 0.00; Full ded. 1000 (TID 27). Remaining: 0.00; Full ded. 1000 (TID 30). Remaining: 0.00; Full ded. 300 (TID 38). Remaining: 0.00; Full ded. 400 (TID 39). Remaining: 0.00; Full ded. 96 (TID 48). Remaining: 0.00; Full ded. 200 (TID 53). Remaining: 0.00', '2025-11-12 16:41:36');
INSERT INTO `audit_logs` (`log_id`, `employee_id`, `action`, `description`, `log_timestamp`) VALUES
(1192, 10, 'CA_DEDUCTED', 'Ded. 1500 CA for EID 10 (PID 128). Details: Full ded. 1500 (TID 18). Remaining: 0.00', '2025-11-12 16:41:36'),
(1193, 10, 'CA_DEDUCTED', 'Ded. 835 CA for EID 11 (PID 129). Details: Full ded. 100 (TID 25). Remaining: 0.00; Full ded. 100 (TID 29). Remaining: 0.00; Full ded. 200 (TID 32). Remaining: 0.00; Full ded. 100 (TID 33). Remaining: 0.00; Full ded. 175 (TID 36). Remaining: 0.00; Full ded. 80 (TID 47). Remaining: 0.00; Full ded. 80 (TID 51). Remaining: 0.00', '2025-11-12 16:41:36'),
(1194, 10, 'CA_DEDUCTED', 'Ded. 5765.99 CA for EID 12 (PID 130). Details: Full ded. 160 (TID 22). Remaining: 0.00; Full ded. 160 (TID 28). Remaining: 0.00; Full ded. 3000 (TID 31). Remaining: 0.00; Full ded. 150 (TID 34). Remaining: 0.00; Full ded. 259 (TID 35). Remaining: 0.00; Partial ded. 2036.99 (TID 43). Remaining: 1,963.01', '2025-11-12 16:41:36'),
(1195, 10, 'CA_DEDUCTED', 'Ded. 2150 CA for EID 13 (PID 131). Details: Full ded. 150 (TID 8). Remaining: 0.00; Full ded. 2000 (TID 52). Remaining: 0.00', '2025-11-12 16:41:36'),
(1196, 10, 'CA_DEDUCTED', 'Ded. 2400 CA for EID 14 (PID 132). Details: Full ded. 1000 (TID 11). Remaining: 0.00; Full ded. 1000 (TID 23). Remaining: 0.00; Full ded. 100 (TID 37). Remaining: 0.00; Full ded. 300 (TID 50). Remaining: 0.00', '2025-11-12 16:41:36'),
(1197, 10, 'CA_DEDUCTED', 'Ded. 3096 CA for EID 15 (PID 133). Details: Full ded. 3000 (TID 45). Remaining: 0.00; Full ded. 96 (TID 49). Remaining: 0.00', '2025-11-12 16:41:36'),
(1198, 10, 'CA_DEDUCTED', 'Ded. 120 CA for EID 17 (PID 134). Details: Full ded. 120 (TID 42). Remaining: 0.00', '2025-11-12 16:41:36'),
(1199, 10, 'CA_DEDUCTED', 'Ded. 4100 CA for EID 18 (PID 135). Details: Full ded. 100 (TID 41). Remaining: 0.00; Full ded. 4000 (TID 44). Remaining: 0.00', '2025-11-12 16:41:36'),
(1200, 10, 'PAYROLL_GENERATED', 'Payroll run completed for period 2025-10-26 to 2025-11-10. Processed 9 payslips.', '2025-11-12 16:41:36'),
(1201, 10, 'PAYROLL_RUN_DELETED', 'Deleted payroll run for period 2025-10-26 to 2025-11-10. Removed 9 payslip records. Reset 39 CA/VALE transaction statuses.', '2025-11-12 16:41:55'),
(1202, 10, 'ADMIN_ANALYTICS_VIEWED', 'Admin loaded company-wide analytics dashboard.', '2025-11-12 16:41:59'),
(1203, 10, 'CA_DELETED', 'Soft deleted pending CA transaction ID 52.', '2025-11-12 16:42:49'),
(1204, 10, 'CA_ADDED', 'Added CA/VALE of 2000 for EID 13 on 2025-11-12.', '2025-11-12 16:42:59'),
(1205, 10, 'LOGIN_SUCCESS', 'User kespiritu (HR Admin) successfully logged in.', '2025-11-12 17:57:55'),
(1206, 10, 'ADMIN_ANALYTICS_VIEWED', 'Admin loaded company-wide analytics dashboard.', '2025-11-12 17:57:56'),
(1207, 10, 'CA_ADDED', 'Added CA/VALE of 20 for EID 15 on 2025-11-13.', '2025-11-12 17:58:07'),
(1208, 10, 'CA_ADDED', 'Added CA/VALE of 100 for EID 7 on 2025-11-13.', '2025-11-12 17:58:40'),
(1209, 10, 'LOGIN_SUCCESS', 'User kespiritu (HR Admin) successfully logged in.', '2025-11-12 19:21:49'),
(1210, 10, 'ADMIN_ANALYTICS_VIEWED', 'Admin loaded company-wide analytics dashboard.', '2025-11-12 19:21:50'),
(1211, 7, 'LOGIN_SUCCESS', 'User rricamata (Super Admin) successfully logged in.', '2025-11-12 19:37:11'),
(1212, 7, 'ADMIN_ANALYTICS_VIEWED', 'Admin loaded company-wide analytics dashboard.', '2025-11-12 19:37:13'),
(1213, 7, 'REPORT_GENERATED', 'Generated Payroll Summary (Oct 26, 2025 - Nov 10, 2025). Filters: Type=payroll_summary, Start=2025-10-26, End=2025-11-10, Dept=all', '2025-11-12 19:37:53'),
(1214, 7, 'PAYROLL_SKIP', 'Skipped EID 1: No active/valid pay rate.', '2025-11-12 19:39:38'),
(1215, 7, 'PAYROLL_SKIP', 'Skipped EID 4: No active/valid pay rate.', '2025-11-12 19:39:38'),
(1216, 7, 'CA_DEDUCTED', 'Ded. 9746 CA for EID 7 (PID 136). Details: Full ded. 2000 (TID 9). Remaining: 0.00; Full ded. 100 (TID 12). Remaining: 0.00; Full ded. 200 (TID 14). Remaining: 0.00; Full ded. 50 (TID 15). Remaining: 0.00; Full ded. 200 (TID 16). Remaining: 0.00; Full ded. 2500 (TID 19). Remaining: 0.00; Full ded. 100 (TID 21). Remaining: 0.00; Full ded. 1500 (TID 26). Remaining: 0.00; Full ded. 1000 (TID 27). Remaining: 0.00; Full ded. 1000 (TID 30). Remaining: 0.00; Full ded. 300 (TID 38). Remaining: 0.00; Full ded. 400 (TID 39). Remaining: 0.00; Full ded. 96 (TID 48). Remaining: 0.00; Full ded. 200 (TID 53). Remaining: 0.00; Full ded. 100 (TID 56). Remaining: 0.00', '2025-11-12 19:39:38'),
(1217, 7, 'CA_DEDUCTED', 'Ded. 1500 CA for EID 10 (PID 137). Details: Full ded. 1500 (TID 18). Remaining: 0.00', '2025-11-12 19:39:38'),
(1218, 7, 'CA_DEDUCTED', 'Ded. 835 CA for EID 11 (PID 138). Details: Full ded. 100 (TID 25). Remaining: 0.00; Full ded. 100 (TID 29). Remaining: 0.00; Full ded. 200 (TID 32). Remaining: 0.00; Full ded. 100 (TID 33). Remaining: 0.00; Full ded. 175 (TID 36). Remaining: 0.00; Full ded. 80 (TID 47). Remaining: 0.00; Full ded. 80 (TID 51). Remaining: 0.00', '2025-11-12 19:39:38'),
(1219, 7, 'CA_DEDUCTED', 'Ded. 5765.99 CA for EID 12 (PID 139). Details: Full ded. 160 (TID 22). Remaining: 0.00; Full ded. 160 (TID 28). Remaining: 0.00; Full ded. 3000 (TID 31). Remaining: 0.00; Full ded. 150 (TID 34). Remaining: 0.00; Full ded. 259 (TID 35). Remaining: 0.00; Partial ded. 2036.99 (TID 43). Remaining: 1,963.01', '2025-11-12 19:39:38'),
(1220, 7, 'CA_DEDUCTED', 'Ded. 2150 CA for EID 13 (PID 140). Details: Full ded. 150 (TID 8). Remaining: 0.00; Full ded. 2000 (TID 54). Remaining: 0.00', '2025-11-12 19:39:38'),
(1221, 7, 'CA_DEDUCTED', 'Ded. 2400 CA for EID 14 (PID 141). Details: Full ded. 1000 (TID 11). Remaining: 0.00; Full ded. 1000 (TID 23). Remaining: 0.00; Full ded. 100 (TID 37). Remaining: 0.00; Full ded. 300 (TID 50). Remaining: 0.00', '2025-11-12 19:39:38'),
(1222, 7, 'CA_DEDUCTED', 'Ded. 3116 CA for EID 15 (PID 142). Details: Full ded. 3000 (TID 45). Remaining: 0.00; Full ded. 96 (TID 49). Remaining: 0.00; Full ded. 20 (TID 55). Remaining: 0.00', '2025-11-12 19:39:38'),
(1223, 7, 'CA_DEDUCTED', 'Ded. 120 CA for EID 17 (PID 143). Details: Full ded. 120 (TID 42). Remaining: 0.00', '2025-11-12 19:39:38'),
(1224, 7, 'CA_DEDUCTED', 'Ded. 4100 CA for EID 18 (PID 144). Details: Full ded. 100 (TID 41). Remaining: 0.00; Full ded. 4000 (TID 44). Remaining: 0.00', '2025-11-12 19:39:38'),
(1225, 7, 'PAYROLL_GENERATED', 'Payroll run completed for period 2025-10-26 to 2025-11-10. Processed 9 payslips.', '2025-11-12 19:39:38'),
(1226, 7, 'PAYROLL_RUN_DELETED', 'Deleted payroll run for period 2025-10-26 to 2025-11-10. Removed 9 payslip records. Reset 41 CA/VALE transaction statuses.', '2025-11-12 19:40:59'),
(1227, 10, 'LOGIN_SUCCESS', 'User kespiritu (HR Admin) successfully logged in.', '2025-11-12 21:08:02'),
(1228, 10, 'ADMIN_ANALYTICS_VIEWED', 'Admin loaded company-wide analytics dashboard.', '2025-11-12 21:08:03'),
(1229, 11, 'LOGIN_SUCCESS', 'User abalugo (Employee) successfully logged in.', '2025-11-12 21:08:25'),
(1230, 11, 'CLOCK_IN_SUCCESS', 'Clocked in at 2025-11-13 12:08:42. Scheduled start: 2025-11-13 12:00:00. (Late Clock-in)', '2025-11-12 21:08:42'),
(1231, 10, 'CA_ADDED', 'Added CA/VALE of 100 for EID 11 on 2025-11-13.', '2025-11-12 21:56:28'),
(1232, 10, 'LOGIN_SUCCESS', 'User kespiritu (HR Admin) successfully logged in.', '2025-11-13 00:33:06'),
(1233, 10, 'ADMIN_ANALYTICS_VIEWED', 'Admin loaded company-wide analytics dashboard.', '2025-11-13 00:33:08'),
(1234, 10, 'CA_DELETED', 'Soft deleted pending CA transaction ID 57.', '2025-11-13 00:33:25'),
(1235, 10, 'CA_DELETED', 'Soft deleted pending CA transaction ID 56.', '2025-11-13 00:33:29'),
(1236, 10, 'CA_DELETED', 'Soft deleted pending CA transaction ID 55.', '2025-11-13 00:33:32'),
(1237, 10, 'CA_DELETED', 'Soft deleted pending CA transaction ID 54.', '2025-11-13 00:33:35'),
(1238, 10, 'CA_DELETED', 'Soft deleted pending CA transaction ID 53.', '2025-11-13 00:33:38'),
(1239, 10, 'CA_DELETED', 'Soft deleted pending CA transaction ID 51.', '2025-11-13 00:33:42'),
(1240, 10, 'CA_DELETED', 'Soft deleted pending CA transaction ID 50.', '2025-11-13 00:33:45'),
(1241, 10, 'CA_DELETED', 'Soft deleted pending CA transaction ID 49.', '2025-11-13 00:33:48'),
(1242, 10, 'CA_DELETED', 'Soft deleted pending CA transaction ID 48.', '2025-11-13 00:33:52'),
(1243, 10, 'CA_DELETED', 'Soft deleted pending CA transaction ID 47.', '2025-11-13 00:34:01'),
(1244, 10, 'CA_DELETED', 'Soft deleted pending CA transaction ID 46.', '2025-11-13 00:34:05'),
(1245, 10, 'CA_DELETED', 'Soft deleted pending CA transaction ID 41.', '2025-11-13 00:34:09'),
(1246, 10, 'CA_DELETED', 'Soft deleted pending CA transaction ID 39.', '2025-11-13 00:34:12'),
(1247, 10, 'CA_DELETED', 'Soft deleted pending CA transaction ID 38.', '2025-11-13 00:37:30'),
(1248, 10, 'CA_DELETED', 'Soft deleted pending CA transaction ID 37.', '2025-11-13 00:37:33'),
(1249, 10, 'CA_DELETED', 'Soft deleted pending CA transaction ID 36.', '2025-11-13 00:37:36'),
(1250, 10, 'CA_DELETED', 'Soft deleted pending CA transaction ID 35.', '2025-11-13 00:37:40'),
(1251, 10, 'CA_DELETED', 'Soft deleted pending CA transaction ID 34.', '2025-11-13 00:37:44'),
(1252, 10, 'PAYROLL_SKIP', 'Skipped EID 1: No active/valid pay rate.', '2025-11-13 00:38:02'),
(1253, 10, 'PAYROLL_SKIP', 'Skipped EID 4: No active/valid pay rate.', '2025-11-13 00:38:02'),
(1254, 10, 'CA_DEDUCTED', 'Ded. 8650 CA for EID 7 (PID 145). Details: Full ded. 2000 (TID 9). Remaining: 0.00; Full ded. 100 (TID 12). Remaining: 0.00; Full ded. 200 (TID 14). Remaining: 0.00; Full ded. 50 (TID 15). Remaining: 0.00; Full ded. 200 (TID 16). Remaining: 0.00; Full ded. 2500 (TID 19). Remaining: 0.00; Full ded. 100 (TID 21). Remaining: 0.00; Full ded. 1500 (TID 26). Remaining: 0.00; Full ded. 1000 (TID 27). Remaining: 0.00; Full ded. 1000 (TID 30). Remaining: 0.00', '2025-11-13 00:38:02'),
(1255, 10, 'CA_DEDUCTED', 'Ded. 1500 CA for EID 10 (PID 146). Details: Full ded. 1500 (TID 18). Remaining: 0.00', '2025-11-13 00:38:02'),
(1256, 10, 'CA_DEDUCTED', 'Ded. 500 CA for EID 11 (PID 147). Details: Full ded. 100 (TID 25). Remaining: 0.00; Full ded. 100 (TID 29). Remaining: 0.00; Full ded. 200 (TID 32). Remaining: 0.00; Full ded. 100 (TID 33). Remaining: 0.00', '2025-11-13 00:38:02'),
(1257, 10, 'CA_DEDUCTED', 'Ded. 5765.99 CA for EID 12 (PID 148). Details: Full ded. 160 (TID 22). Remaining: 0.00; Full ded. 160 (TID 28). Remaining: 0.00; Full ded. 3000 (TID 31). Remaining: 0.00; Partial ded. 2445.99 (TID 43). Remaining: 1,554.01', '2025-11-13 00:38:02'),
(1258, 10, 'CA_DEDUCTED', 'Ded. 150 CA for EID 13 (PID 149). Details: Full ded. 150 (TID 8). Remaining: 0.00', '2025-11-13 00:38:02'),
(1259, 10, 'CA_DEDUCTED', 'Ded. 2000 CA for EID 14 (PID 150). Details: Full ded. 1000 (TID 11). Remaining: 0.00; Full ded. 1000 (TID 23). Remaining: 0.00', '2025-11-13 00:38:02'),
(1260, 10, 'CA_DEDUCTED', 'Ded. 3000 CA for EID 15 (PID 151). Details: Full ded. 3000 (TID 45). Remaining: 0.00', '2025-11-13 00:38:02'),
(1261, 10, 'CA_DEDUCTED', 'Ded. 120 CA for EID 17 (PID 152). Details: Full ded. 120 (TID 42). Remaining: 0.00', '2025-11-13 00:38:02'),
(1262, 10, 'CA_DEDUCTED', 'Ded. 4000 CA for EID 18 (PID 153). Details: Full ded. 4000 (TID 44). Remaining: 0.00', '2025-11-13 00:38:02'),
(1263, 10, 'PAYROLL_GENERATED', 'Payroll run completed for period 2025-10-26 to 2025-11-10. Processed 9 payslips.', '2025-11-13 00:38:02'),
(1264, 10, 'PAYSLIP_VIEW_SUCCESS', 'EID 10 viewed PID 148 for EID 12.', '2025-11-13 00:41:32'),
(1265, 10, 'PAYROLL_RUN_DELETED', 'Deleted payroll run for period 2025-10-26 to 2025-11-10. Removed 9 payslip records. Reset 25 CA/VALE transaction statuses.', '2025-11-13 00:41:46'),
(1266, 10, 'PAYROLL_SKIP', 'Skipped EID 1: No active/valid pay rate.', '2025-11-13 00:42:30'),
(1267, 10, 'PAYROLL_SKIP', 'Skipped EID 4: No active/valid pay rate.', '2025-11-13 00:42:30'),
(1268, 10, 'CA_DEDUCTED', 'Ded. 8650 CA for EID 7 (PID 154). Details: Full ded. 2000 (TID 9). Remaining: 0.00; Full ded. 100 (TID 12). Remaining: 0.00; Full ded. 200 (TID 14). Remaining: 0.00; Full ded. 50 (TID 15). Remaining: 0.00; Full ded. 200 (TID 16). Remaining: 0.00; Full ded. 2500 (TID 19). Remaining: 0.00; Full ded. 100 (TID 21). Remaining: 0.00; Full ded. 1500 (TID 26). Remaining: 0.00; Full ded. 1000 (TID 27). Remaining: 0.00; Full ded. 1000 (TID 30). Remaining: 0.00', '2025-11-13 00:42:30'),
(1269, 10, 'CA_DEDUCTED', 'Ded. 1500 CA for EID 10 (PID 155). Details: Full ded. 1500 (TID 18). Remaining: 0.00', '2025-11-13 00:42:30'),
(1270, 10, 'CA_DEDUCTED', 'Ded. 500 CA for EID 11 (PID 156). Details: Full ded. 100 (TID 25). Remaining: 0.00; Full ded. 100 (TID 29). Remaining: 0.00; Full ded. 200 (TID 32). Remaining: 0.00; Full ded. 100 (TID 33). Remaining: 0.00', '2025-11-13 00:42:30'),
(1271, 10, 'CA_DEDUCTED', 'Ded. 5765.99 CA for EID 12 (PID 157). Details: Full ded. 160 (TID 22). Remaining: 0.00; Full ded. 160 (TID 28). Remaining: 0.00; Full ded. 3000 (TID 31). Remaining: 0.00; Partial ded. 2445.99 (TID 43). Remaining: 1,554.01', '2025-11-13 00:42:30'),
(1272, 10, 'CA_DEDUCTED', 'Ded. 150 CA for EID 13 (PID 158). Details: Full ded. 150 (TID 8). Remaining: 0.00', '2025-11-13 00:42:30'),
(1273, 10, 'CA_DEDUCTED', 'Ded. 2000 CA for EID 14 (PID 159). Details: Full ded. 1000 (TID 11). Remaining: 0.00; Full ded. 1000 (TID 23). Remaining: 0.00', '2025-11-13 00:42:30'),
(1274, 10, 'CA_DEDUCTED', 'Ded. 3000 CA for EID 15 (PID 160). Details: Full ded. 3000 (TID 45). Remaining: 0.00', '2025-11-13 00:42:30'),
(1275, 10, 'CA_DEDUCTED', 'Ded. 120 CA for EID 17 (PID 161). Details: Full ded. 120 (TID 42). Remaining: 0.00', '2025-11-13 00:42:30'),
(1276, 10, 'CA_DEDUCTED', 'Ded. 4000 CA for EID 18 (PID 162). Details: Full ded. 4000 (TID 44). Remaining: 0.00', '2025-11-13 00:42:30'),
(1277, 10, 'PAYROLL_GENERATED', 'Payroll run completed for period 2025-10-26 to 2025-11-10. Processed 9 payslips.', '2025-11-13 00:42:30'),
(1278, 10, 'ADMIN_ANALYTICS_VIEWED', 'Admin loaded company-wide analytics dashboard.', '2025-11-13 00:42:36'),
(1279, 10, 'CA_ADDED', 'Added CA/VALE of 2000 for EID 13 on 2025-11-11.', '2025-11-13 00:44:28'),
(1280, 10, 'CA_ADDED', 'Added CA/VALE of 175 for EID 11 on 2025-11-11.', '2025-11-13 00:44:48'),
(1281, 10, 'CA_ADDED', 'Added CA/VALE of 100 for EID 18 on 2025-11-11.', '2025-11-13 00:44:59'),
(1282, 10, 'CA_ADDED', 'Added CA/VALE of 100 for EID 14 on 2025-11-11.', '2025-11-13 00:45:06'),
(1283, 10, 'CA_ADDED', 'Added CA/VALE of 259 for EID 12 on 2025-11-11.', '2025-11-13 00:45:29'),
(1284, 10, 'CA_ADDED', 'Added CA/VALE of 300 for EID 7 on 2025-11-12.', '2025-11-13 00:45:50'),
(1285, 10, 'CA_ADDED', 'Added CA/VALE of 400 for EID 7 on 2025-11-13.', '2025-11-13 00:45:54'),
(1286, 10, 'CA_ADDED', 'Added CA/VALE of 80 for EID 11 on 2025-11-12.', '2025-11-13 00:46:15'),
(1287, 10, 'CA_ADDED', 'Added CA/VALE of 3 for EID 14 on 2025-11-12.', '2025-11-13 00:46:20'),
(1288, 10, 'CA_ADDED', 'Added CA/VALE of 300 for EID 14 on 2025-11-13.', '2025-11-13 00:46:26'),
(1289, 10, 'CA_DELETED', 'Soft deleted pending CA transaction ID 66.', '2025-11-13 00:46:32'),
(1290, 10, 'CA_DELETED', 'Soft deleted pending CA transaction ID 64.', '2025-11-13 00:46:44'),
(1291, 10, 'CA_ADDED', 'Added CA/VALE of 400 for EID 7 on 2025-11-12.', '2025-11-13 00:46:50'),
(1292, 10, 'CA_ADDED', 'Added CA/VALE of 96 for EID 7 on 2025-11-12.', '2025-11-13 00:47:12'),
(1293, 10, 'CA_ADDED', 'Added CA/VALE of 96 for EID 15 on 2025-11-12.', '2025-11-13 00:47:21'),
(1294, 10, 'CA_ADDED', 'Added CA/VALE of 200 for EID 7 on 2025-11-12.', '2025-11-13 00:47:35'),
(1295, 10, 'CA_ADDED', 'Added CA/VALE of 300 for EID 12 on 2025-11-12.', '2025-11-13 00:48:17'),
(1296, 10, 'ADMIN_ANALYTICS_VIEWED', 'Admin loaded company-wide analytics dashboard.', '2025-11-13 00:52:29'),
(1297, 10, 'ADMIN_ANALYTICS_VIEWED', 'Admin loaded company-wide analytics dashboard.', '2025-11-13 00:53:52'),
(1298, 10, 'LOGIN_SUCCESS', 'User kespiritu (HR Admin) successfully logged in.', '2025-11-13 01:06:28'),
(1299, 10, 'ADMIN_ANALYTICS_VIEWED', 'Admin loaded company-wide analytics dashboard.', '2025-11-13 01:06:31'),
(1300, 10, 'CLOCK_OUT_SUCCESS', 'Clocked out successfully from Kiosk. Log ID: 106. Duration: 8 hours, 55 minutes.', '2025-11-13 01:07:19'),
(1301, 10, 'CLOCK_IN_FAILED', 'Attempted double clock-in on 2025-11-13.', '2025-11-13 01:07:20'),
(1302, 13, 'LOGIN_SUCCESS', 'User jcahinde (Employee) successfully logged in.', '2025-11-13 06:29:45'),
(1303, 13, 'CLOCK_OUT_SUCCESS', 'Clocked out successfully from Kiosk. Log ID: 107. Duration: 14 hours, 3 minutes.', '2025-11-13 06:29:56'),
(1304, 0, 'LOGIN_FAILED', 'Failed login attempt for email: infiniteradio@gmail.com from IP: 112.198.228.129', '2025-11-13 07:08:40'),
(1305, 7, 'LOGIN_SUCCESS', 'User rricamata (Super Admin) successfully logged in.', '2025-11-13 07:09:00'),
(1306, 7, 'ADMIN_ANALYTICS_VIEWED', 'Admin loaded company-wide analytics dashboard.', '2025-11-13 07:09:01'),
(1307, 7, 'PAYSLIP_VIEW_SUCCESS', 'EID 7 viewed PID 162 for EID 18.', '2025-11-13 07:09:47'),
(1308, 11, 'LOGIN_SUCCESS', 'User abalugo (Employee) successfully logged in.', '2025-11-13 07:11:28'),
(1309, 11, 'CLOCK_OUT_SUCCESS', 'Clocked out successfully from Kiosk. Log ID: 108. Duration: 10 hours, 4 minutes.', '2025-11-13 07:13:28'),
(1310, 12, 'LOGIN_SUCCESS', 'User rariola (Employee) successfully logged in.', '2025-11-13 14:36:24'),
(1311, 12, 'CLOCK_OUT_SUCCESS', 'Clocked out successfully from Kiosk. Log ID: 85. Duration: 168 hours, 6 minutes.', '2025-11-13 14:36:48'),
(1312, 12, 'CLOCK_IN_SUCCESS', 'Clocked in at 2025-11-14 05:36:48. Scheduled start: 2025-11-14 06:00:00. (Early Clock-in)', '2025-11-13 14:36:48'),
(1313, 10, 'LOGIN_SUCCESS', 'User kespiritu (HR Admin) successfully logged in.', '2025-11-13 16:10:00'),
(1314, 10, 'ADMIN_ANALYTICS_VIEWED', 'Admin loaded company-wide analytics dashboard.', '2025-11-13 16:10:03'),
(1315, 10, 'CLOCK_IN_SUCCESS', 'Clocked in at 2025-11-14 07:11:41. Scheduled start: 2025-11-14 07:00:00. (Late Clock-in)', '2025-11-13 16:11:41'),
(1316, 10, 'CLOCK_OUT_SUCCESS', 'Clocked out successfully from Kiosk. Log ID: 110. Duration: 0 hours, 0 minutes.', '2025-11-13 16:11:41'),
(1317, 10, 'CLOCK_IN_FAILED', 'Attempted double clock-in on 2025-11-14.', '2025-11-13 16:11:41'),
(1318, 10, 'CLOCK_IN_FAILED', 'Attempted double clock-in on 2025-11-14.', '2025-11-13 16:11:41'),
(1319, 10, 'CLOCK_IN_FAILED', 'Attempted double clock-in on 2025-11-14.', '2025-11-13 16:11:41'),
(1320, 10, 'CLOCK_IN_FAILED', 'Attempted double clock-in on 2025-11-14.', '2025-11-13 16:11:50'),
(1321, 10, 'CLOCK_IN_FAILED', 'Attempted double clock-in on 2025-11-14.', '2025-11-13 16:11:52'),
(1322, 10, 'CLOCK_IN_FAILED', 'Attempted double clock-in on 2025-11-14.', '2025-11-13 16:11:54'),
(1323, 10, 'CLOCK_IN_FAILED', 'Attempted double clock-in on 2025-11-14.', '2025-11-13 16:11:56'),
(1324, 10, 'CLOCK_IN_FAILED', 'Attempted double clock-in on 2025-11-14.', '2025-11-13 16:11:57'),
(1325, 10, 'CLOCK_IN_FAILED', 'Attempted double clock-in on 2025-11-14.', '2025-11-13 16:12:00'),
(1326, 10, 'CLOCK_IN_FAILED', 'Attempted double clock-in on 2025-11-14.', '2025-11-13 16:12:00'),
(1327, 10, 'LOGIN_SUCCESS', 'User kespiritu (HR Admin) successfully logged in.', '2025-11-13 16:12:06'),
(1328, 10, 'ADMIN_ANALYTICS_VIEWED', 'Admin loaded company-wide analytics dashboard.', '2025-11-13 16:12:07'),
(1329, 10, 'CLOCK_IN_FAILED', 'Attempted double clock-in on 2025-11-14.', '2025-11-13 16:12:22'),
(1330, 10, 'CLOCK_IN_FAILED', 'Attempted double clock-in on 2025-11-14.', '2025-11-13 16:12:23'),
(1331, 10, 'CLOCK_IN_FAILED', 'Attempted double clock-in on 2025-11-14.', '2025-11-13 16:12:25'),
(1332, 10, 'ATTENDANCE_ADDED', 'HR Admin manually added new log ID 111 for EID 10 on 2025-11-14.', '2025-11-13 16:12:54'),
(1333, 10, 'ADMIN_ANALYTICS_VIEWED', 'Admin loaded company-wide analytics dashboard.', '2025-11-13 16:13:31'),
(1334, 10, 'LOGIN_SUCCESS', 'User kespiritu (HR Admin) successfully logged in.', '2025-11-13 16:14:03'),
(1335, 10, 'ADMIN_ANALYTICS_VIEWED', 'Admin loaded company-wide analytics dashboard.', '2025-11-13 16:14:04'),
(1336, 10, 'CA_ADDED', 'Added CA/VALE of 200 for EID 11 on 2025-11-13.', '2025-11-13 16:19:14'),
(1337, 10, 'ADMIN_ANALYTICS_VIEWED', 'Admin loaded company-wide analytics dashboard.', '2025-11-13 16:21:37'),
(1338, 13, 'LOGIN_SUCCESS', 'User jcahinde (Employee) successfully logged in.', '2025-11-13 16:28:00'),
(1339, 13, 'CLOCK_IN_SUCCESS', 'Clocked in at 2025-11-14 07:28:40. Scheduled start: 2025-11-14 07:00:00. (Late Clock-in)', '2025-11-13 16:28:40'),
(1340, 10, 'ADMIN_ANALYTICS_VIEWED', 'Admin loaded company-wide analytics dashboard.', '2025-11-13 16:32:52'),
(1341, 10, 'LOGIN_SUCCESS', 'User kespiritu (HR Admin) successfully logged in.', '2025-11-13 18:51:17'),
(1342, 10, 'ADMIN_ANALYTICS_VIEWED', 'Admin loaded company-wide analytics dashboard.', '2025-11-13 18:51:19'),
(1343, 10, 'ADMIN_ANALYTICS_VIEWED', 'Admin loaded company-wide analytics dashboard.', '2025-11-13 18:51:24'),
(1344, 11, 'LOGIN_SUCCESS', 'User abalugo (Employee) successfully logged in.', '2025-11-13 20:54:00'),
(1345, 11, 'CLOCK_IN_SUCCESS', 'Clocked in at 2025-11-14 11:54:11. Scheduled start: 2025-11-14 12:00:00. (Early Clock-in)', '2025-11-13 20:54:11'),
(1346, 10, 'LOGIN_SUCCESS', 'User kespiritu (HR Admin) successfully logged in.', '2025-11-14 01:22:18'),
(1347, 10, 'ADMIN_ANALYTICS_VIEWED', 'Admin loaded company-wide analytics dashboard.', '2025-11-14 01:22:19'),
(1348, 10, 'LOGIN_SUCCESS', 'User kespiritu (HR Admin) successfully logged in.', '2025-11-14 01:27:37'),
(1349, 10, 'ADMIN_ANALYTICS_VIEWED', 'Admin loaded company-wide analytics dashboard.', '2025-11-14 01:27:39'),
(1350, 10, 'CLOCK_OUT_SUCCESS', 'Clocked out successfully from Kiosk. Log ID: 111. Duration: 9 hours, 27 minutes.', '2025-11-14 01:27:49'),
(1351, 13, 'LOGIN_SUCCESS', 'User jcahinde (Employee) successfully logged in.', '2025-11-14 06:01:31'),
(1352, 7, 'LOGIN_SUCCESS', 'User rricamata (Super Admin) successfully logged in.', '2025-11-14 06:03:18'),
(1353, 7, 'ADMIN_ANALYTICS_VIEWED', 'Admin loaded company-wide analytics dashboard.', '2025-11-14 06:03:20'),
(1354, 13, 'CLOCK_OUT_SUCCESS', 'Clocked out successfully from Kiosk. Log ID: 112. Duration: 13 hours, 34 minutes.', '2025-11-14 06:03:29'),
(1355, 11, 'LOGIN_SUCCESS', 'User abalugo (Employee) successfully logged in.', '2025-11-14 07:00:53'),
(1356, 11, 'CLOCK_OUT_SUCCESS', 'Clocked out successfully from Kiosk. Log ID: 113. Duration: 10 hours, 1 minutes.', '2025-11-14 07:01:05'),
(1357, 7, 'LOGIN_SUCCESS', 'User rricamata (Super Admin) successfully logged in.', '2025-11-14 10:00:05'),
(1358, 7, 'ADMIN_ANALYTICS_VIEWED', 'Admin loaded company-wide analytics dashboard.', '2025-11-14 10:00:06'),
(1359, 10, 'LOGIN_SUCCESS', 'User kespiritu (HR Admin) successfully logged in.', '2025-11-14 16:16:16'),
(1360, 10, 'ADMIN_ANALYTICS_VIEWED', 'Admin loaded company-wide analytics dashboard.', '2025-11-14 16:16:18'),
(1361, 10, 'CLOCK_IN_SUCCESS', 'Clocked in at 2025-11-15 07:16:30. Scheduled start: 2025-11-15 07:00:00. (Late Clock-in)', '2025-11-14 16:16:30'),
(1362, 13, 'LOGIN_SUCCESS', 'User jcahinde (Employee) successfully logged in.', '2025-11-14 16:21:28'),
(1363, 13, 'CLOCK_IN_SUCCESS', 'Clocked in at 2025-11-15 07:21:46. Scheduled start: 2025-11-15 07:00:00. (Late Clock-in)', '2025-11-14 16:21:46'),
(1364, 10, 'LOGIN_SUCCESS', 'User kespiritu (HR Admin) successfully logged in.', '2025-11-14 22:23:03'),
(1365, 10, 'ADMIN_ANALYTICS_VIEWED', 'Admin loaded company-wide analytics dashboard.', '2025-11-14 22:23:05'),
(1366, 10, 'ATTENDANCE_UPDATED', 'HR Admin adjusted existing log ID 110 for EID 10.', '2025-11-14 22:24:37'),
(1367, 10, 'ADMIN_ANALYTICS_VIEWED', 'Admin loaded company-wide analytics dashboard.', '2025-11-14 22:25:00'),
(1368, 10, 'ADMIN_ANALYTICS_VIEWED', 'Admin loaded company-wide analytics dashboard.', '2025-11-14 22:25:06'),
(1369, 10, 'LOGIN_SUCCESS', 'User kespiritu (HR Admin) successfully logged in.', '2025-11-15 00:23:53'),
(1370, 10, 'ADMIN_ANALYTICS_VIEWED', 'Admin loaded company-wide analytics dashboard.', '2025-11-15 00:23:54'),
(1371, 13, 'LOGIN_SUCCESS', 'User jcahinde (Employee) successfully logged in.', '2025-11-15 05:57:21'),
(1372, 7, 'LOGIN_SUCCESS', 'User rricamata (Super Admin) successfully logged in.', '2025-11-15 06:01:30'),
(1373, 7, 'ADMIN_ANALYTICS_VIEWED', 'Admin loaded company-wide analytics dashboard.', '2025-11-15 06:01:31'),
(1374, 13, 'CLOCK_OUT_SUCCESS', 'Clocked out successfully from Kiosk. Log ID: 115. Duration: 13 hours, 40 minutes.', '2025-11-15 06:01:51'),
(1375, 7, 'LOGIN_SUCCESS', 'User rricamata (Super Admin) successfully logged in.', '2025-11-15 08:54:18'),
(1376, 7, 'ADMIN_ANALYTICS_VIEWED', 'Admin loaded company-wide analytics dashboard.', '2025-11-15 08:54:19'),
(1377, 12, 'LOGIN_SUCCESS', 'User rariola (Employee) successfully logged in.', '2025-11-16 14:56:11'),
(1378, 12, 'CLOCK_OUT_SUCCESS', 'Clocked out successfully from Kiosk. Log ID: 109. Duration: 71 hours, 56 minutes.', '2025-11-16 14:56:31'),
(1379, 10, 'LOGIN_SUCCESS', 'User kespiritu (HR Admin) successfully logged in.', '2025-11-16 16:16:16'),
(1380, 10, 'ADMIN_ANALYTICS_VIEWED', 'Admin loaded company-wide analytics dashboard.', '2025-11-16 16:16:18'),
(1381, 10, 'CLOCK_OUT_SUCCESS', 'Clocked out successfully from Kiosk. Log ID: 114. Duration: 48 hours, 0 minutes.', '2025-11-16 16:16:35'),
(1382, 10, 'LOGIN_SUCCESS', 'User kespiritu (HR Admin) successfully logged in.', '2025-11-16 16:19:00'),
(1383, 10, 'ADMIN_ANALYTICS_VIEWED', 'Admin loaded company-wide analytics dashboard.', '2025-11-16 16:19:03'),
(1384, 10, 'ATTENDANCE_UPDATED', 'HR Admin adjusted existing log ID 114 for EID 10.', '2025-11-16 16:19:21'),
(1385, 10, 'ATTENDANCE_ADDED', 'HR Admin manually added new log ID 116 for EID 10 on 2025-11-16.', '2025-11-16 16:19:36'),
(1386, 10, 'ADMIN_ANALYTICS_VIEWED', 'Admin loaded company-wide analytics dashboard.', '2025-11-16 16:19:41'),
(1387, 10, 'PAYSLIP_VIEW_SUCCESS', 'EID 10 viewed PID 154 for EID 7.', '2025-11-16 16:20:53'),
(1388, 13, 'LOGIN_SUCCESS', 'User jcahinde (Employee) successfully logged in.', '2025-11-16 16:29:43'),
(1389, 13, 'CLOCK_IN_SUCCESS', 'Clocked in at 2025-11-17 07:30:01. Scheduled start: 2025-11-17 07:00:00. (Late Clock-in)', '2025-11-16 16:30:01'),
(1390, 13, 'CLOCK_OUT_SUCCESS', 'Clocked out successfully from Kiosk. Log ID: 117. Duration: 0 hours, 0 minutes.', '2025-11-16 16:30:04'),
(1391, 10, 'ATTENDANCE_UPDATED', 'HR Admin adjusted existing log ID 117 for EID 13.', '2025-11-16 16:30:57'),
(1392, 10, 'ADMIN_ANALYTICS_VIEWED', 'Admin loaded company-wide analytics dashboard.', '2025-11-16 16:31:01'),
(1393, 10, 'ATTENDANCE_ADDED', 'HR Admin manually added new log ID 118 for EID 12 on 2025-11-16.', '2025-11-16 16:32:54'),
(1394, 10, 'ATTENDANCE_ADDED', 'HR Admin manually added new log ID 119 for EID 11 on 2025-11-15.', '2025-11-16 16:33:30'),
(1395, 10, 'LOGIN_SUCCESS', 'User kespiritu (HR Admin) successfully logged in.', '2025-11-16 20:25:21'),
(1396, 10, 'ADMIN_ANALYTICS_VIEWED', 'Admin loaded company-wide analytics dashboard.', '2025-11-16 20:25:23'),
(1397, 10, 'CA_ADDED', 'Added CA/VALE of 500 for EID 11 on 2025-11-13.', '2025-11-16 20:26:25'),
(1398, 10, 'CA_ADDED', 'Added CA/VALE of 100 for EID 11 on 2025-11-13.', '2025-11-16 20:26:39'),
(1399, 10, 'CA_ADDED', 'Added CA/VALE of 90 for EID 11 on 2025-11-14.', '2025-11-16 20:27:11'),
(1400, 10, 'CA_DELETED', 'Soft deleted pending CA transaction ID 76.', '2025-11-16 20:27:51'),
(1401, 10, 'CA_DELETE_FAILED', 'Attempted to delete fully settled CA transaction ID 76.', '2025-11-16 20:27:51'),
(1402, 10, 'CA_DELETE_FAILED', 'Attempted to delete fully settled CA transaction ID 76.', '2025-11-16 20:27:51'),
(1403, 10, 'CA_DELETED', 'Soft deleted pending CA transaction ID 75.', '2025-11-16 20:27:54'),
(1404, 10, 'CA_DELETED', 'Soft deleted pending CA transaction ID 74.', '2025-11-16 20:27:58'),
(1405, 10, 'CA_ADDED', 'Added CA/VALE of 100 for EID 7 on 2025-11-13.', '2025-11-16 20:29:00'),
(1406, 10, 'CA_ADDED', 'Added CA/VALE of 200 for EID 7 on 2025-11-13.', '2025-11-16 20:29:08'),
(1407, 10, 'CA_ADDED', 'Added CA/VALE of 150 for EID 7 on 2025-11-13.', '2025-11-16 20:29:19'),
(1408, 10, 'CA_ADDED', 'Added CA/VALE of 200 for EID 7 on 2025-11-13.', '2025-11-16 20:29:25'),
(1409, 10, 'CA_ADDED', 'Added CA/VALE of 150 for EID 14 on 2025-11-13.', '2025-11-16 20:29:53'),
(1410, 10, 'CA_ADDED', 'Added CA/VALE of 200 for EID 14 on 2025-11-14.', '2025-11-16 20:30:27'),
(1411, 10, 'CA_ADDED', 'Added CA/VALE of 50 for EID 11 on 2025-11-14.', '2025-11-16 20:30:42'),
(1412, 10, 'CA_ADDED', 'Added CA/VALE of 200 for EID 15 on 2025-11-14.', '2025-11-16 20:31:08'),
(1413, 10, 'CA_ADDED', 'Added CA/VALE of 200 for EID 7 on 2025-11-14.', '2025-11-16 20:31:20'),
(1414, 10, 'CA_ADDED', 'Added CA/VALE of 300 for EID 7 on 2025-11-14.', '2025-11-16 20:31:26'),
(1415, 10, 'CA_ADDED', 'Added CA/VALE of 1000 for EID 11 on 2025-11-15.', '2025-11-16 20:31:46'),
(1416, 10, 'CA_ADDED', 'Added CA/VALE of 50 for EID 18 on 2025-11-15.', '2025-11-16 20:31:57'),
(1417, 10, 'CA_ADDED', 'Added CA/VALE of 500 for EID 18 on 2025-11-15.', '2025-11-16 20:32:08'),
(1418, 10, 'CA_ADDED', 'Added CA/VALE of 1000 for EID 14 on 2025-11-15.', '2025-11-16 20:32:37'),
(1419, 10, 'CA_ADDED', 'Added CA/VALE of 500 for EID 13 on 2025-11-15.', '2025-11-16 20:33:04'),
(1420, 10, 'CA_ADDED', 'Added CA/VALE of 100 for EID 11 on 2025-11-15.', '2025-11-16 20:33:18'),
(1421, 10, 'CA_ADDED', 'Added CA/VALE of 1500 for EID 7 on 2025-11-15.', '2025-11-16 20:33:49'),
(1422, 10, 'CA_ADDED', 'Added CA/VALE of 300 for EID 7 on 2025-11-15.', '2025-11-16 20:34:00'),
(1423, 10, 'CA_ADDED', 'Added CA/VALE of 300 for EID 11 on 2025-11-16.', '2025-11-16 20:34:29'),
(1424, 10, 'CA_ADDED', 'Added CA/VALE of 1000 for EID 12 on 2025-11-16.', '2025-11-16 20:34:45'),
(1425, 10, 'CA_ADDED', 'Added CA/VALE of 1000 for EID 7 on 2025-11-16.', '2025-11-16 20:34:52'),
(1426, 10, 'ADMIN_ANALYTICS_VIEWED', 'Admin loaded company-wide analytics dashboard.', '2025-11-16 20:39:46'),
(1427, 10, 'ADMIN_ANALYTICS_VIEWED', 'Admin loaded company-wide analytics dashboard.', '2025-11-16 20:42:04'),
(1428, 11, 'LOGIN_SUCCESS', 'User abalugo (Employee) successfully logged in.', '2025-11-16 20:42:42'),
(1429, 11, 'CLOCK_IN_SUCCESS', 'Clocked in at 2025-11-17 11:43:04. Scheduled start: 2025-11-17 12:00:00. (Early Clock-in)', '2025-11-16 20:43:04'),
(1430, 10, 'CA_DELETED', 'Soft deleted pending CA transaction ID 43.', '2025-11-16 20:53:51'),
(1431, 10, 'LOGIN_SUCCESS', 'User kespiritu (HR Admin) successfully logged in.', '2025-11-16 23:39:52'),
(1432, 10, 'ADMIN_ANALYTICS_VIEWED', 'Admin loaded company-wide analytics dashboard.', '2025-11-16 23:39:54'),
(1433, 10, 'ATTENDANCE_UPDATED', 'HR Admin adjusted existing log ID 109 for EID 12.', '2025-11-16 23:58:13'),
(1434, 10, 'ATTENDANCE_UPDATED', 'HR Admin adjusted existing log ID 109 for EID 12.', '2025-11-16 23:58:28'),
(1435, 12, 'LOGIN_SUCCESS', 'User rariola (Employee) successfully logged in.', '2025-11-16 23:58:58'),
(1436, 10, 'ATTENDANCE_ADDED', 'HR Admin manually added new log ID 121 for EID 12 on 2025-11-17.', '2025-11-16 23:59:12'),
(1437, 12, 'CLOCK_OUT_SUCCESS', 'Clocked out successfully from Kiosk. Log ID: 121. Duration: 9 hours, 15 minutes.', '2025-11-17 00:00:46'),
(1438, 10, 'LOGIN_SUCCESS', 'User kespiritu (HR Admin) successfully logged in.', '2025-11-17 01:04:29'),
(1439, 10, 'ADMIN_ANALYTICS_VIEWED', 'Admin loaded company-wide analytics dashboard.', '2025-11-17 01:04:31'),
(1440, 10, 'CLOCK_OUT_SUCCESS', 'Clocked out successfully from Kiosk. Log ID: 116. Duration: 33 hours, 1 minutes.', '2025-11-17 01:05:36'),
(1441, 10, 'LOGIN_SUCCESS', 'User kespiritu (HR Admin) successfully logged in.', '2025-11-17 01:05:47'),
(1442, 10, 'ADMIN_ANALYTICS_VIEWED', 'Admin loaded company-wide analytics dashboard.', '2025-11-17 01:05:49'),
(1443, 10, 'ATTENDANCE_UPDATED', 'HR Admin adjusted existing log ID 116 for EID 10.', '2025-11-17 01:06:28'),
(1444, 13, 'LOGIN_SUCCESS', 'User jcahinde (Employee) successfully logged in.', '2025-11-17 06:35:03'),
(1445, 13, 'CLOCK_OUT_SUCCESS', 'Clocked out successfully from Kiosk. Log ID: 117. Duration: 14 hours, 5 minutes.', '2025-11-17 06:35:13'),
(1446, 11, 'LOGIN_SUCCESS', 'User abalugo (Employee) successfully logged in.', '2025-11-17 07:02:51'),
(1447, 11, 'CLOCK_OUT_SUCCESS', 'Clocked out successfully from Kiosk. Log ID: 120. Duration: 10 hours, 3 minutes.', '2025-11-17 07:03:04'),
(1448, 10, 'LOGIN_SUCCESS', 'User kespiritu (HR Admin) successfully logged in.', '2025-11-17 16:15:01'),
(1449, 10, 'ADMIN_ANALYTICS_VIEWED', 'Admin loaded company-wide analytics dashboard.', '2025-11-17 16:15:04'),
(1450, 10, 'CLOCK_IN_SUCCESS', 'Clocked in at 2025-11-18 07:15:48. Scheduled start: 2025-11-18 07:00:00. (Late Clock-in)', '2025-11-17 16:15:48'),
(1451, 10, 'LOGIN_SUCCESS', 'User kespiritu (HR Admin) successfully logged in.', '2025-11-17 16:15:56'),
(1452, 10, 'ADMIN_ANALYTICS_VIEWED', 'Admin loaded company-wide analytics dashboard.', '2025-11-17 16:56:31'),
(1453, 10, 'ADMIN_ANALYTICS_VIEWED', 'Admin loaded company-wide analytics dashboard.', '2025-11-17 16:57:29'),
(1454, 10, 'CA_ADDED', 'Added CA/VALE of 100 for EID 7 on 2025-11-17.', '2025-11-17 16:58:31'),
(1455, 10, 'CA_ADDED', 'Added CA/VALE of 100 for EID 7 on 2025-11-17.', '2025-11-17 16:58:36'),
(1456, 10, 'CA_ADDED', 'Added CA/VALE of 365 for EID 7 on 2025-11-17.', '2025-11-17 16:58:41'),
(1457, 10, 'CA_ADDED', 'Added CA/VALE of 100 for EID 15 on 2025-11-17.', '2025-11-17 16:58:50'),
(1458, 10, 'CA_ADDED', 'Added CA/VALE of 167 for EID 12 on 2025-11-17.', '2025-11-17 17:02:46'),
(1459, 10, 'CA_ADDED', 'Added CA/VALE of 100 for EID 11 on 2025-11-17.', '2025-11-17 17:03:10'),
(1460, 10, 'ADMIN_ANALYTICS_VIEWED', 'Admin loaded company-wide analytics dashboard.', '2025-11-17 17:03:26'),
(1461, 10, 'CA_ADDED', 'Added CA/VALE of 101 for EID 12 on 2025-11-18.', '2025-11-17 17:18:45'),
(1462, 10, 'ATTENDANCE_ADDED', 'HR Admin manually added new log ID 123 for EID 12 on 2025-11-18.', '2025-11-17 17:19:04'),
(1463, 11, 'LOGIN_SUCCESS', 'User abalugo (Employee) successfully logged in.', '2025-11-17 20:48:44'),
(1464, 11, 'CLOCK_IN_SUCCESS', 'Clocked in at 2025-11-18 11:48:55. Scheduled start: 2025-11-18 12:00:00. (Early Clock-in)', '2025-11-17 20:48:55'),
(1465, 12, 'LOGIN_SUCCESS', 'User rariola (Employee) successfully logged in.', '2025-11-18 01:33:58'),
(1466, 12, 'CLOCK_OUT_SUCCESS', 'Clocked out successfully from Kiosk. Log ID: 123. Duration: 10 hours, 44 minutes.', '2025-11-18 01:34:31'),
(1467, 11, 'LOGIN_SUCCESS', 'User abalugo (Employee) successfully logged in.', '2025-11-18 07:17:15'),
(1468, 11, 'LOGIN_SUCCESS', 'User abalugo (Employee) successfully logged in.', '2025-11-18 07:17:34'),
(1469, 11, 'CLOCK_OUT_SUCCESS', 'Clocked out successfully from Kiosk. Log ID: 124. Duration: 10 hours, 17 minutes.', '2025-11-18 07:17:48'),
(1470, 12, 'LOGIN_SUCCESS', 'User rariola (Employee) successfully logged in.', '2025-11-18 14:32:55'),
(1471, 12, 'CLOCK_IN_SUCCESS', 'Clocked in at 2025-11-19 05:33:20. Scheduled start: 2025-11-19 06:00:00. (Early Clock-in)', '2025-11-18 14:33:20'),
(1472, 11, 'LOGIN_SUCCESS', 'User abalugo (Employee) successfully logged in.', '2025-11-18 21:49:52'),
(1473, 11, 'CLOCK_IN_SUCCESS', 'Clocked in at 2025-11-19 12:50:11. Scheduled start: 2025-11-19 12:00:00. (Late Clock-in)', '2025-11-18 21:50:11'),
(1474, 10, 'LOGIN_SUCCESS', 'User kespiritu (HR Admin) successfully logged in.', '2025-11-18 22:19:32'),
(1475, 10, 'ADMIN_ANALYTICS_VIEWED', 'Admin loaded company-wide analytics dashboard.', '2025-11-18 22:19:34'),
(1476, 10, 'ADMIN_ANALYTICS_VIEWED', 'Admin loaded company-wide analytics dashboard.', '2025-11-18 22:26:49'),
(1477, 10, 'ADMIN_ANALYTICS_VIEWED', 'Admin loaded company-wide analytics dashboard.', '2025-11-18 22:28:38'),
(1478, 10, 'CA_ADDED', 'Added CA/VALE of 200 for EID 14 on 2025-11-18.', '2025-11-18 22:43:16'),
(1479, 10, 'CA_ADDED', 'Added CA/VALE of 100 for EID 11 on 2025-11-18.', '2025-11-18 22:43:25'),
(1480, 10, 'CA_ADDED', 'Added CA/VALE of 100 for EID 18 on 2025-11-19.', '2025-11-18 22:43:49'),
(1481, 10, 'CA_ADDED', 'Added CA/VALE of 200 for EID 14 on 2025-11-19.', '2025-11-18 22:43:57'),
(1482, 10, 'CA_ADDED', 'Added CA/VALE of 100 for EID 18 on 2025-11-19.', '2025-11-18 22:44:04'),
(1483, 10, 'CA_ADDED', 'Added CA/VALE of 100 for EID 11 on 2025-11-19.', '2025-11-18 22:44:14'),
(1484, 10, 'CA_ADDED', 'Added CA/VALE of 196 for EID 7 on 2025-11-19.', '2025-11-18 22:44:27'),
(1485, 10, 'CA_ADDED', 'Added CA/VALE of 100 for EID 7 on 2025-11-19.', '2025-11-18 22:44:36'),
(1486, 12, 'LOGIN_SUCCESS', 'User rariola (Employee) successfully logged in.', '2025-11-19 00:02:26'),
(1487, 12, 'CLOCK_OUT_SUCCESS', 'Clocked out successfully from Kiosk. Log ID: 125. Duration: 9 hours, 2 minutes.', '2025-11-19 00:02:45'),
(1488, 11, 'LOGIN_SUCCESS', 'User abalugo (Employee) successfully logged in.', '2025-11-19 07:44:52'),
(1489, 11, 'CLOCK_OUT_SUCCESS', 'Clocked out successfully from Kiosk. Log ID: 126. Duration: 9 hours, 54 minutes.', '2025-11-19 07:45:05'),
(1490, 12, 'LOGIN_SUCCESS', 'User rariola (Employee) successfully logged in.', '2025-11-19 14:33:59'),
(1491, 12, 'CLOCK_IN_SUCCESS', 'Clocked in at 2025-11-20 05:34:11. Scheduled start: 2025-11-20 06:00:00. (Early Clock-in)', '2025-11-19 14:34:11'),
(1492, 10, 'LOGIN_SUCCESS', 'User kespiritu (HR Admin) successfully logged in.', '2025-11-19 16:15:20'),
(1493, 10, 'ADMIN_ANALYTICS_VIEWED', 'Admin loaded company-wide analytics dashboard.', '2025-11-19 16:15:22'),
(1494, 10, 'ATTENDANCE_UPDATED', 'HR Admin adjusted existing log ID 122 for EID 10.', '2025-11-19 16:15:41'),
(1495, 10, 'LOG_ADJUST_FAILED', 'Attempted to add new log for EID 10: Conflict with existing completed shift on 2025-11-18.', '2025-11-19 16:16:05'),
(1496, 10, 'ATTENDANCE_ADDED', 'HR Admin manually added new log ID 128 for EID 10 on 2025-11-19.', '2025-11-19 16:16:12'),
(1497, 10, 'ATTENDANCE_ADDED', 'HR Admin manually added new log ID 129 for EID 10 on 2025-11-20.', '2025-11-19 16:16:29'),
(1498, 10, 'ADMIN_ANALYTICS_VIEWED', 'Admin loaded company-wide analytics dashboard.', '2025-11-19 16:16:31'),
(1499, 10, 'CA_ADDED', 'Added CA/VALE of 100 for EID 7 on 2025-11-19.', '2025-11-19 16:27:16'),
(1500, 10, 'CA_ADDED', 'Added CA/VALE of 500 for EID 14 on 2025-11-19.', '2025-11-19 16:27:21'),
(1501, 10, 'LOGIN_SUCCESS', 'User kespiritu (HR Admin) successfully logged in.', '2025-11-19 20:02:39'),
(1502, 10, 'ADMIN_ANALYTICS_VIEWED', 'Admin loaded company-wide analytics dashboard.', '2025-11-19 20:02:40'),
(1503, 10, 'ADMIN_ANALYTICS_VIEWED', 'Admin loaded company-wide analytics dashboard.', '2025-11-19 20:05:14'),
(1504, 10, 'LOGIN_SUCCESS', 'User kespiritu (HR Admin) successfully logged in.', '2025-11-19 20:54:25'),
(1505, 10, 'ADMIN_ANALYTICS_VIEWED', 'Admin loaded company-wide analytics dashboard.', '2025-11-19 20:54:27'),
(1506, 10, 'ATTENDANCE_UPDATED', 'HR Admin adjusted existing log ID 126 for EID 11.', '2025-11-19 20:54:48'),
(1507, 11, 'LOGIN_SUCCESS', 'User abalugo (Employee) successfully logged in.', '2025-11-19 21:11:54'),
(1508, 11, 'CLOCK_IN_SUCCESS', 'Clocked in at 2025-11-20 12:12:14. Scheduled start: 2025-11-20 12:00:00. (Late Clock-in)', '2025-11-19 21:12:14'),
(1509, 10, 'LOGIN_SUCCESS', 'User kespiritu (HR Admin) successfully logged in.', '2025-11-19 22:59:16'),
(1510, 10, 'ADMIN_ANALYTICS_VIEWED', 'Admin loaded company-wide analytics dashboard.', '2025-11-19 22:59:18'),
(1511, 10, 'PAYSLIP_VIEW_SUCCESS', 'EID 10 viewed PID 154 for EID 7.', '2025-11-19 22:59:27'),
(1512, 12, 'LOGIN_SUCCESS', 'User rariola (Employee) successfully logged in.', '2025-11-20 00:01:45'),
(1513, 12, 'CLOCK_OUT_SUCCESS', 'Clocked out successfully from Kiosk. Log ID: 127. Duration: 9 hours, 2 minutes.', '2025-11-20 00:02:25'),
(1514, 10, 'LOGIN_SUCCESS', 'User kespiritu (HR Admin) successfully logged in.', '2025-11-20 01:07:11'),
(1515, 10, 'ADMIN_ANALYTICS_VIEWED', 'Admin loaded company-wide analytics dashboard.', '2025-11-20 01:07:13'),
(1516, 10, 'ATTENDANCE_UPDATED', 'HR Admin adjusted existing log ID 129 for EID 10.', '2025-11-20 01:07:27'),
(1517, 11, 'LOGIN_SUCCESS', 'User abalugo (Employee) successfully logged in.', '2025-11-20 07:05:45'),
(1518, 11, 'CLOCK_OUT_SUCCESS', 'Clocked out successfully from Kiosk. Log ID: 130. Duration: 9 hours, 53 minutes.', '2025-11-20 07:05:58'),
(1519, 12, 'LOGIN_SUCCESS', 'User rariola (Employee) successfully logged in.', '2025-11-20 14:51:58'),
(1520, 12, 'CLOCK_IN_SUCCESS', 'Clocked in at 2025-11-21 05:52:15. Scheduled start: 2025-11-21 06:00:00. (Early Clock-in)', '2025-11-20 14:52:15'),
(1521, 10, 'LOGIN_SUCCESS', 'User kespiritu (HR Admin) successfully logged in.', '2025-11-20 16:17:54'),
(1522, 10, 'ADMIN_ANALYTICS_VIEWED', 'Admin loaded company-wide analytics dashboard.', '2025-11-20 16:17:56'),
(1523, 10, 'ATTENDANCE_ADDED', 'HR Admin manually added new log ID 132 for EID 10 on 2025-11-20.', '2025-11-20 16:18:06'),
(1524, 10, 'CA_ADDED', 'Added CA/VALE of 100 for EID 18 on 2025-11-20.', '2025-11-20 16:56:27'),
(1525, 10, 'CA_ADDED', 'Added CA/VALE of 50 for EID 11 on 2025-11-20.', '2025-11-20 16:56:33'),
(1526, 10, 'CA_ADDED', 'Added CA/VALE of 100 for EID 7 on 2025-11-20.', '2025-11-20 16:57:17'),
(1527, 10, 'ADMIN_ANALYTICS_VIEWED', 'Admin loaded company-wide analytics dashboard.', '2025-11-20 17:27:13'),
(1528, 10, 'LOGIN_SUCCESS', 'User kespiritu (HR Admin) successfully logged in.', '2025-11-20 19:02:33'),
(1529, 10, 'ADMIN_ANALYTICS_VIEWED', 'Admin loaded company-wide analytics dashboard.', '2025-11-20 19:02:34'),
(1530, 10, 'ADMIN_ANALYTICS_VIEWED', 'Admin loaded company-wide analytics dashboard.', '2025-11-20 19:03:06'),
(1531, 10, 'ATTENDANCE_ADDED', 'HR Admin manually added new log ID 133 for EID 15 on 2025-11-12.', '2025-11-20 19:06:39'),
(1532, 10, 'ATTENDANCE_ADDED', 'HR Admin manually added new log ID 134 for EID 15 on 2025-11-13.', '2025-11-20 19:07:00'),
(1533, 10, 'ATTENDANCE_ADDED', 'HR Admin manually added new log ID 135 for EID 15 on 2025-11-14.', '2025-11-20 19:07:18'),
(1534, 10, 'ATTENDANCE_ADDED', 'HR Admin manually added new log ID 136 for EID 15 on 2025-11-15.', '2025-11-20 19:07:58'),
(1535, 10, 'ATTENDANCE_ADDED', 'HR Admin manually added new log ID 137 for EID 15 on 2025-11-16.', '2025-11-20 19:08:27'),
(1536, 10, 'ATTENDANCE_ADDED', 'HR Admin manually added new log ID 138 for EID 15 on 2025-11-17.', '2025-11-20 19:08:49'),
(1537, 10, 'LOG_ADJUST_FAILED', 'Attempted to add new log for EID 15: Conflict with existing completed shift on 2025-11-17.', '2025-11-20 19:09:16'),
(1538, 10, 'ATTENDANCE_ADDED', 'HR Admin manually added new log ID 139 for EID 15 on 2025-11-18.', '2025-11-20 19:09:23'),
(1539, 10, 'ATTENDANCE_ADDED', 'HR Admin manually added new log ID 140 for EID 15 on 2025-11-19.', '2025-11-20 19:09:43'),
(1540, 10, 'ATTENDANCE_ADDED', 'HR Admin manually added new log ID 141 for EID 15 on 2025-11-20.', '2025-11-20 19:10:02'),
(1541, 10, 'ADMIN_ANALYTICS_VIEWED', 'Admin loaded company-wide analytics dashboard.', '2025-11-20 19:15:00'),
(1542, 10, 'ADMIN_ANALYTICS_VIEWED', 'Admin loaded company-wide analytics dashboard.', '2025-11-20 19:43:15'),
(1543, 11, 'LOGIN_SUCCESS', 'User abalugo (Employee) successfully logged in.', '2025-11-20 21:02:40'),
(1544, 11, 'CLOCK_IN_SUCCESS', 'Clocked in at 2025-11-21 12:03:09. Scheduled start: 2025-11-21 12:00:00.', '2025-11-20 21:03:09'),
(1545, 10, 'LOGIN_SUCCESS', 'User kespiritu (HR Admin) successfully logged in.', '2025-11-20 23:58:37'),
(1546, 10, 'ADMIN_ANALYTICS_VIEWED', 'Admin loaded company-wide analytics dashboard.', '2025-11-20 23:58:38'),
(1547, 10, 'ADMIN_ANALYTICS_VIEWED', 'Admin loaded company-wide analytics dashboard.', '2025-11-21 00:14:47'),
(1548, 10, 'CA_ADDED', 'Added CA/VALE of 484 for EID 7 on 2025-11-21.', '2025-11-21 00:15:07'),
(1549, 10, 'CA_ADDED', 'Added CA/VALE of 100 for EID 18 on 2025-11-21.', '2025-11-21 00:17:02'),
(1550, 12, 'LOGIN_SUCCESS', 'User rariola (Employee) successfully logged in.', '2025-11-21 00:53:14'),
(1551, 12, 'CLOCK_OUT_SUCCESS', 'Clocked out successfully from Kiosk. Log ID: 131. Duration: 9 hours, 54 minutes.', '2025-11-21 00:54:10'),
(1552, 10, 'CA_ADDED', 'Added CA/VALE of 2224 for EID 18 on 2025-11-21.', '2025-11-21 01:07:55'),
(1553, 10, 'ATTENDANCE_UPDATED', 'HR Admin adjusted existing log ID 132 for EID 10.', '2025-11-21 01:18:10'),
(1554, 10, 'ADMIN_ANALYTICS_VIEWED', 'Admin loaded company-wide analytics dashboard.', '2025-11-21 01:18:22'),
(1555, 11, 'LOGIN_SUCCESS', 'User abalugo (Employee) successfully logged in.', '2025-11-21 07:18:57'),
(1556, 11, 'CLOCK_OUT_SUCCESS', 'Clocked out successfully from Kiosk. Log ID: 142. Duration: 10 hours, 16 minutes.', '2025-11-21 07:19:50'),
(1557, 13, 'LOGIN_SUCCESS', 'User jcahinde (Employee) successfully logged in.', '2025-11-21 16:18:45'),
(1558, 13, 'CLOCK_IN_SUCCESS', 'Clocked in at 2025-11-22 07:19:13. Scheduled start: 2025-11-22 07:00:00. (Late Clock-in)', '2025-11-21 16:19:13'),
(1559, 10, 'LOGIN_SUCCESS', 'User kespiritu (HR Admin) successfully logged in.', '2025-11-21 16:34:15'),
(1560, 10, 'ADMIN_ANALYTICS_VIEWED', 'Admin loaded company-wide analytics dashboard.', '2025-11-21 16:34:16'),
(1561, 10, 'ADMIN_ANALYTICS_VIEWED', 'Admin loaded company-wide analytics dashboard.', '2025-11-21 16:34:44'),
(1562, 10, 'ADMIN_ANALYTICS_VIEWED', 'Admin loaded company-wide analytics dashboard.', '2025-11-21 16:35:34'),
(1563, 10, 'LOGIN_SUCCESS', 'User kespiritu (HR Admin) successfully logged in.', '2025-11-21 17:18:07'),
(1564, 10, 'ADMIN_ANALYTICS_VIEWED', 'Admin loaded company-wide analytics dashboard.', '2025-11-21 17:18:08'),
(1565, 7, 'LOGIN_SUCCESS', 'User rricamata (Super Admin) successfully logged in.', '2025-11-21 17:24:26'),
(1566, 7, 'ADMIN_ANALYTICS_VIEWED', 'Admin loaded company-wide analytics dashboard.', '2025-11-21 17:24:27'),
(1567, 7, 'ADMIN_ANALYTICS_VIEWED', 'Admin loaded company-wide analytics dashboard.', '2025-11-21 17:27:43'),
(1568, 7, 'ADMIN_ANALYTICS_VIEWED', 'Admin loaded company-wide analytics dashboard.', '2025-11-21 17:36:09'),
(1569, 7, 'ADMIN_ANALYTICS_VIEWED', 'Admin loaded company-wide analytics dashboard.', '2025-11-21 17:41:38'),
(1570, 7, 'GLOBAL_SETTINGS_UPDATED', 'Global settings updated. Changes: company_name: \'EMC\', timezone: \'Asia/Manila\', currency_symbol: \'₱\', system_ca_deduction_name: \'Cash Advance\', allow_manual_attendance_edit: \'0\'', '2025-11-21 17:41:43'),
(1571, 7, 'PAYSLIP_VIEW_SUCCESS', 'EID 7 viewed PID 158 for EID 13.', '2025-11-21 17:50:12'),
(1572, 7, 'PAYSLIP_VIEW_SUCCESS', 'EID 7 viewed PID 158 for EID 13.', '2025-11-21 17:50:57'),
(1573, 7, 'ADMIN_ANALYTICS_VIEWED', 'Admin loaded company-wide analytics dashboard.', '2025-11-21 17:51:19'),
(1574, 10, 'LOGIN_SUCCESS', 'User kespiritu (HR Admin) successfully logged in.', '2025-11-21 19:33:19'),
(1575, 10, 'ADMIN_ANALYTICS_VIEWED', 'Admin loaded company-wide analytics dashboard.', '2025-11-21 19:33:21'),
(1576, 11, 'LOGIN_SUCCESS', 'User abalugo (Employee) successfully logged in.', '2025-11-21 21:00:05'),
(1577, 11, 'CLOCK_IN_SUCCESS', 'Clocked in at 2025-11-22 12:00:15. Scheduled start: 2025-11-22 12:00:00.', '2025-11-21 21:00:15'),
(1578, 10, 'LOGIN_SUCCESS', 'User kespiritu (HR Admin) successfully logged in.', '2025-11-21 22:12:28'),
(1579, 10, 'ADMIN_ANALYTICS_VIEWED', 'Admin loaded company-wide analytics dashboard.', '2025-11-21 22:12:29'),
(1580, 10, 'PAYSLIP_VIEW_SUCCESS', 'EID 10 viewed PID 158 for EID 13.', '2025-11-21 22:13:18'),
(1581, 10, 'ADMIN_ANALYTICS_VIEWED', 'Admin loaded company-wide analytics dashboard.', '2025-11-21 22:18:07'),
(1582, 10, 'ADMIN_ANALYTICS_VIEWED', 'Admin loaded company-wide analytics dashboard.', '2025-11-21 22:32:37'),
(1583, 10, 'ADMIN_ANALYTICS_VIEWED', 'Admin loaded company-wide analytics dashboard.', '2025-11-21 22:36:39'),
(1584, 10, 'LOGIN_SUCCESS', 'User kespiritu (HR Admin) successfully logged in.', '2025-11-21 22:36:59'),
(1585, 10, 'ADMIN_ANALYTICS_VIEWED', 'Admin loaded company-wide analytics dashboard.', '2025-11-21 22:37:00'),
(1586, 10, 'LOGIN_SUCCESS', 'User kespiritu (HR Admin) successfully logged in.', '2025-11-22 00:23:48'),
(1587, 10, 'ADMIN_ANALYTICS_VIEWED', 'Admin loaded company-wide analytics dashboard.', '2025-11-22 00:23:50'),
(1588, 10, 'LOGIN_SUCCESS', 'User kespiritu (HR Admin) successfully logged in.', '2025-11-22 01:42:33'),
(1589, 10, 'ADMIN_ANALYTICS_VIEWED', 'Admin loaded company-wide analytics dashboard.', '2025-11-22 01:42:34'),
(1590, 10, 'ADMIN_ANALYTICS_VIEWED', 'Admin loaded company-wide analytics dashboard.', '2025-11-22 01:42:45'),
(1591, 13, 'LOGIN_SUCCESS', 'User jcahinde (Employee) successfully logged in.', '2025-11-22 06:11:37'),
(1592, 13, 'CLOCK_OUT_SUCCESS', 'Clocked out successfully from Kiosk. Log ID: 143. Duration: 13 hours, 53 minutes.', '2025-11-22 06:12:23'),
(1593, 11, 'LOGIN_SUCCESS', 'User abalugo (Employee) successfully logged in.', '2025-11-22 07:31:59'),
(1594, 11, 'CLOCK_OUT_SUCCESS', 'Clocked out successfully from Kiosk. Log ID: 144. Duration: 10 hours, 31 minutes.', '2025-11-22 07:32:09'),
(1595, 7, 'LOGIN_SUCCESS', 'User rricamata (Super Admin) successfully logged in.', '2025-11-22 18:21:59'),
(1596, 7, 'ADMIN_ANALYTICS_VIEWED', 'Admin loaded company-wide analytics dashboard.', '2025-11-22 18:22:00'),
(1597, 7, 'SCHEDULE_STANDARD_UPDATED', 'Updated standard schedule for EID 12.', '2025-11-22 18:22:39'),
(1598, 10, 'LOGIN_SUCCESS', 'User kespiritu (HR Admin) successfully logged in.', '2025-11-23 16:05:51'),
(1599, 10, 'LOGIN_SUCCESS', 'User kespiritu (HR Admin) successfully logged in.', '2025-11-23 16:05:52'),
(1600, 10, 'ADMIN_ANALYTICS_VIEWED', 'Admin loaded company-wide analytics dashboard.', '2025-11-23 16:05:54'),
(1601, 10, 'CLOCK_IN_SUCCESS', 'Clocked in at 2025-11-24 07:08:32. Scheduled start: 2025-11-24 07:00:00. (Late Clock-in)', '2025-11-23 16:08:32'),
(1602, 10, 'LOGIN_SUCCESS', 'User kespiritu (HR Admin) successfully logged in.', '2025-11-23 16:18:07'),
(1603, 10, 'ADMIN_ANALYTICS_VIEWED', 'Admin loaded company-wide analytics dashboard.', '2025-11-23 16:18:08'),
(1604, 10, 'CA_ADDED', 'Added CA/VALE of 600 for EID 11 on 2025-11-23.', '2025-11-23 16:19:42'),
(1605, 10, 'CA_ADDED', 'Added CA/VALE of 99 for EID 7 on 2025-11-23.', '2025-11-23 16:19:47'),
(1606, 10, 'CA_ADDED', 'Added CA/VALE of 119 for EID 12 on 2025-11-22.', '2025-11-23 16:20:02'),
(1607, 10, 'CA_ADDED', 'Added CA/VALE of 200 for EID 18 on 2025-11-22.', '2025-11-23 16:20:27'),
(1608, 10, 'CA_ADDED', 'Added CA/VALE of 1000 for EID 13 on 2025-11-22.', '2025-11-23 16:20:36'),
(1609, 10, 'ADMIN_ANALYTICS_VIEWED', 'Admin loaded company-wide analytics dashboard.', '2025-11-23 16:22:23'),
(1610, 10, 'ADMIN_ANALYTICS_VIEWED', 'Admin loaded company-wide analytics dashboard.', '2025-11-23 16:22:52');
INSERT INTO `audit_logs` (`log_id`, `employee_id`, `action`, `description`, `log_timestamp`) VALUES
(1611, 10, 'ADMIN_ANALYTICS_VIEWED', 'Admin loaded company-wide analytics dashboard.', '2025-11-23 16:25:06'),
(1612, 10, 'ADMIN_ANALYTICS_VIEWED', 'Admin loaded company-wide analytics dashboard.', '2025-11-23 16:25:39'),
(1613, 13, 'LOGIN_SUCCESS', 'User jcahinde (Employee) successfully logged in.', '2025-11-23 16:45:53'),
(1614, 13, 'CLOCK_IN_SUCCESS', 'Clocked in at 2025-11-24 07:46:16. Scheduled start: 2025-11-24 07:00:00. (Late Clock-in)', '2025-11-23 16:46:16'),
(1615, 10, 'LOGIN_SUCCESS', 'User kespiritu (HR Admin) successfully logged in.', '2025-11-23 18:40:34'),
(1616, 10, 'ADMIN_ANALYTICS_VIEWED', 'Admin loaded company-wide analytics dashboard.', '2025-11-23 18:40:36'),
(1617, 10, 'ADMIN_ANALYTICS_VIEWED', 'Admin loaded company-wide analytics dashboard.', '2025-11-23 18:40:57'),
(1618, 10, 'LOGIN_SUCCESS', 'User kespiritu (HR Admin) successfully logged in.', '2025-11-23 19:51:22'),
(1619, 10, 'ADMIN_ANALYTICS_VIEWED', 'Admin loaded company-wide analytics dashboard.', '2025-11-23 19:51:24'),
(1620, 10, 'LOGIN_SUCCESS', 'User kespiritu (HR Admin) successfully logged in.', '2025-11-23 21:18:50'),
(1621, 10, 'ADMIN_ANALYTICS_VIEWED', 'Admin loaded company-wide analytics dashboard.', '2025-11-23 21:18:52'),
(1622, 10, 'ADMIN_ANALYTICS_VIEWED', 'Admin loaded company-wide analytics dashboard.', '2025-11-23 21:19:03'),
(1623, 11, 'LOGIN_SUCCESS', 'User abalugo (Employee) successfully logged in.', '2025-11-23 21:19:34'),
(1624, 11, 'CLOCK_IN_SUCCESS', 'Clocked in at 2025-11-24 12:19:50. Scheduled start: 2025-11-24 12:00:00. (Late Clock-in)', '2025-11-23 21:19:50'),
(1625, 11, 'CLOCK_OUT_SUCCESS', 'Clocked out successfully from Kiosk. Log ID: 147. Duration: 0 hours, 0 minutes.', '2025-11-23 21:19:51'),
(1626, 11, 'CLOCK_IN_SUCCESS', 'Clocked in from break at 2025-11-24 12:20:18.', '2025-11-23 21:20:18'),
(1627, 10, 'ADMIN_ANALYTICS_VIEWED', 'Admin loaded company-wide analytics dashboard.', '2025-11-23 21:33:09'),
(1628, 10, 'ADMIN_ANALYTICS_VIEWED', 'Admin loaded company-wide analytics dashboard.', '2025-11-23 21:33:18'),
(1629, 10, 'ADMIN_ANALYTICS_VIEWED', 'Admin loaded company-wide analytics dashboard.', '2025-11-23 21:33:38'),
(1630, 10, 'LOGIN_SUCCESS', 'User kespiritu (HR Admin) successfully logged in.', '2025-11-24 00:05:30'),
(1631, 10, 'ADMIN_ANALYTICS_VIEWED', 'Admin loaded company-wide analytics dashboard.', '2025-11-24 00:05:31'),
(1632, 10, 'CA_ADDED', 'Added CA/VALE of 500 for EID 11 on 2025-11-24.', '2025-11-24 00:05:42'),
(1633, 10, 'CA_ADDED', 'Added CA/VALE of 100 for EID 18 on 2025-11-24.', '2025-11-24 00:05:47'),
(1634, 10, 'ADMIN_ANALYTICS_VIEWED', 'Admin loaded company-wide analytics dashboard.', '2025-11-24 00:05:48'),
(1635, 10, 'LOGIN_SUCCESS', 'User kespiritu (HR Admin) successfully logged in.', '2025-11-24 01:22:06'),
(1636, 10, 'ADMIN_ANALYTICS_VIEWED', 'Admin loaded company-wide analytics dashboard.', '2025-11-24 01:22:08'),
(1637, 10, 'CLOCK_OUT_SUCCESS', 'Clocked out successfully from Kiosk. Log ID: 145. Duration: 9 hours, 13 minutes.', '2025-11-24 01:22:28'),
(1638, 13, 'LOGIN_SUCCESS', 'User jcahinde (Employee) successfully logged in.', '2025-11-24 06:22:50'),
(1639, 13, 'CLOCK_OUT_SUCCESS', 'Clocked out successfully from Kiosk. Log ID: 146. Duration: 13 hours, 37 minutes.', '2025-11-24 06:23:22'),
(1640, 11, 'LOGIN_SUCCESS', 'User abalugo (Employee) successfully logged in.', '2025-11-24 07:37:31'),
(1641, 11, 'CLOCK_OUT_SUCCESS', 'Clocked out successfully from Kiosk. Log ID: 148. Duration: 10 hours, 17 minutes.', '2025-11-24 07:37:43'),
(1642, 7, 'LOGIN_SUCCESS', 'User rricamata (Super Admin) successfully logged in.', '2025-11-24 12:11:12'),
(1643, 7, 'ADMIN_ANALYTICS_VIEWED', 'Admin loaded company-wide analytics dashboard.', '2025-11-24 12:11:13'),
(1644, 7, 'ADMIN_ANALYTICS_VIEWED', 'Admin loaded company-wide analytics dashboard.', '2025-11-24 12:12:44'),
(1645, 12, 'LOGIN_SUCCESS', 'User rariola (Employee) successfully logged in.', '2025-11-24 13:06:55'),
(1646, 12, 'CLOCK_IN_SUCCESS', 'Clocked in at 2025-11-25 04:07:07. Scheduled start: 2025-11-25 06:00:00. (Early Clock-in)', '2025-11-24 13:07:07'),
(1647, 10, 'LOGIN_SUCCESS', 'User kespiritu (HR Admin) successfully logged in.', '2025-11-24 16:11:17'),
(1648, 10, 'ADMIN_ANALYTICS_VIEWED', 'Admin loaded company-wide analytics dashboard.', '2025-11-24 16:11:21'),
(1649, 10, 'CLOCK_IN_SUCCESS', 'Clocked in at 2025-11-25 07:16:49. Scheduled start: 2025-11-25 07:00:00. (Late Clock-in)', '2025-11-24 16:16:49'),
(1650, 10, 'LOGIN_SUCCESS', 'User kespiritu (HR Admin) successfully logged in.', '2025-11-24 16:29:26'),
(1651, 10, 'ADMIN_ANALYTICS_VIEWED', 'Admin loaded company-wide analytics dashboard.', '2025-11-24 16:29:27'),
(1652, 10, 'CA_ADDED', 'Added CA/VALE of 150 for EID 7 on 2025-11-24.', '2025-11-24 16:29:45'),
(1653, 10, 'CA_ADDED', 'Added CA/VALE of 50 for EID 15 on 2025-11-24.', '2025-11-24 16:29:51'),
(1654, 10, 'CA_ADDED', 'Added CA/VALE of 100 for EID 15 on 2025-11-17.', '2025-11-24 16:34:24'),
(1655, 10, 'CA_ADDED', 'Added CA/VALE of 20 for EID 15 on 2025-11-13.', '2025-11-24 16:35:07'),
(1656, 10, 'ADMIN_ANALYTICS_VIEWED', 'Admin loaded company-wide analytics dashboard.', '2025-11-24 16:35:23'),
(1657, 13, 'LOGIN_SUCCESS', 'User jcahinde (Employee) successfully logged in.', '2025-11-24 17:07:51'),
(1658, 13, 'CLOCK_IN_SUCCESS', 'Clocked in at 2025-11-25 08:07:58. Scheduled start: 2025-11-25 07:00:00. (Late Clock-in)', '2025-11-24 17:07:58'),
(1659, 10, 'LOGIN_SUCCESS', 'User kespiritu (HR Admin) successfully logged in.', '2025-11-24 17:16:27'),
(1660, 10, 'ADMIN_ANALYTICS_VIEWED', 'Admin loaded company-wide analytics dashboard.', '2025-11-24 17:16:28'),
(1661, 10, 'LOGIN_SUCCESS', 'User kespiritu (HR Admin) successfully logged in.', '2025-11-24 18:58:02'),
(1662, 10, 'ADMIN_ANALYTICS_VIEWED', 'Admin loaded company-wide analytics dashboard.', '2025-11-24 18:58:04'),
(1663, 10, 'CA_ADDED', 'Added CA/VALE of 100 for EID 7 on 2025-11-25.', '2025-11-24 18:58:16'),
(1664, 10, 'ADMIN_ANALYTICS_VIEWED', 'Admin loaded company-wide analytics dashboard.', '2025-11-24 18:58:18'),
(1665, 10, 'CA_ADDED', 'Added CA/VALE of 300 for EID 14 on 2025-11-25.', '2025-11-24 19:24:30'),
(1666, 10, 'CA_ADDED', 'Added CA/VALE of 67 for EID 18 on 2025-11-25.', '2025-11-24 19:24:35'),
(1667, 10, 'CA_ADDED', 'Added CA/VALE of 67 for EID 12 on 2025-11-25.', '2025-11-24 19:25:06'),
(1668, 10, 'ADMIN_ANALYTICS_VIEWED', 'Admin loaded company-wide analytics dashboard.', '2025-11-24 19:32:09'),
(1669, 10, 'ADMIN_ANALYTICS_VIEWED', 'Admin loaded company-wide analytics dashboard.', '2025-11-24 19:47:38'),
(1670, 11, 'LOGIN_SUCCESS', 'User abalugo (Employee) successfully logged in.', '2025-11-24 20:42:52'),
(1671, 11, 'CLOCK_IN_SUCCESS', 'Clocked in at 2025-11-25 11:43:09. Scheduled start: 2025-11-25 12:00:00. (Early Clock-in)', '2025-11-24 20:43:09'),
(1672, 10, 'LOGIN_SUCCESS', 'User kespiritu (HR Admin) successfully logged in.', '2025-11-24 22:29:15'),
(1673, 10, 'ADMIN_ANALYTICS_VIEWED', 'Admin loaded company-wide analytics dashboard.', '2025-11-24 22:29:16'),
(1674, 10, 'ADMIN_ANALYTICS_VIEWED', 'Admin loaded company-wide analytics dashboard.', '2025-11-24 22:34:37'),
(1675, 10, 'PAY_RATE_DELETED', 'Deleted pay rate (History ID 15) for EID 13. Rate: 576.92, Effective: 2025-11-12.', '2025-11-24 22:35:54'),
(1676, 10, 'ADMIN_ANALYTICS_VIEWED', 'Admin loaded company-wide analytics dashboard.', '2025-11-24 22:37:05'),
(1677, 10, 'CA_ADDED', 'Added CA/VALE of 245 for EID 11 on 2025-11-25.', '2025-11-24 22:44:41'),
(1678, 10, 'ADMIN_ANALYTICS_VIEWED', 'Admin loaded company-wide analytics dashboard.', '2025-11-24 23:28:55'),
(1679, 10, 'LOGIN_SUCCESS', 'User kespiritu (HR Admin) successfully logged in.', '2025-11-25 01:16:01'),
(1680, 10, 'ADMIN_ANALYTICS_VIEWED', 'Admin loaded company-wide analytics dashboard.', '2025-11-25 01:16:03'),
(1681, 10, 'CLOCK_OUT_SUCCESS', 'Clocked out successfully from Kiosk. Log ID: 150. Duration: 9 hours, 0 minutes.', '2025-11-25 01:17:10'),
(1682, 13, 'LOGIN_SUCCESS', 'User jcahinde (Employee) successfully logged in.', '2025-11-25 06:02:02'),
(1683, 13, 'CLOCK_OUT_SUCCESS', 'Clocked out successfully from Kiosk. Log ID: 151. Duration: 12 hours, 56 minutes.', '2025-11-25 06:04:09'),
(1684, 11, 'LOGIN_SUCCESS', 'User abalugo (Employee) successfully logged in.', '2025-11-25 07:17:57'),
(1685, 11, 'CLOCK_OUT_SUCCESS', 'Clocked out successfully from Kiosk. Log ID: 152. Duration: 10 hours, 18 minutes.', '2025-11-25 07:18:09'),
(1686, 0, 'LOGIN_FAILED', 'Failed login attempt for email: infiniteradio@gmail.com from IP: 112.198.228.129', '2025-11-25 07:19:12'),
(1687, 0, 'LOGIN_FAILED', 'Failed login attempt for email: infiniteradio@gmail.com from IP: 112.198.228.129', '2025-11-25 07:19:17'),
(1688, 0, 'LOGIN_FAILED', 'Failed login attempt for email: raymartcabreraricamata@gmail.com from IP: 112.198.228.129', '2025-11-25 07:19:26'),
(1689, 0, 'LOGIN_FAILED', 'Failed login attempt for email: raymartcabreraricamata@gmail.com from IP: 112.198.228.129', '2025-11-25 07:19:27'),
(1690, 0, 'LOGIN_FAILED', 'Failed login attempt for email: raymartcabreraricamata@gmail.com from IP: 112.198.228.129', '2025-11-25 07:19:28'),
(1691, 7, 'LOGIN_SUCCESS', 'User rricamata (Super Admin) successfully logged in.', '2025-11-25 07:19:38'),
(1692, 7, 'ADMIN_ANALYTICS_VIEWED', 'Admin loaded company-wide analytics dashboard.', '2025-11-25 07:19:40'),
(1693, 7, 'ADMIN_ANALYTICS_VIEWED', 'Admin loaded company-wide analytics dashboard.', '2025-11-25 07:49:29'),
(1694, 12, 'LOGIN_SUCCESS', 'User rariola (Employee) successfully logged in.', '2025-11-25 14:47:37'),
(1695, 12, 'CLOCK_OUT_SUCCESS', 'Clocked out successfully from Kiosk. Log ID: 149. Duration: 23 hours, 47 minutes.', '2025-11-25 14:47:47'),
(1696, 7, 'LOGIN_SUCCESS', 'User rricamata (Super Admin) successfully logged in.', '2025-11-25 15:28:52'),
(1697, 7, 'ADMIN_ANALYTICS_VIEWED', 'Admin loaded company-wide analytics dashboard.', '2025-11-25 15:28:54'),
(1698, 10, 'LOGIN_SUCCESS', 'User kespiritu (HR Admin) successfully logged in.', '2025-11-25 15:57:18'),
(1699, 10, 'ADMIN_ANALYTICS_VIEWED', 'Admin loaded company-wide analytics dashboard.', '2025-11-25 15:57:22'),
(1700, 10, 'CLOCK_IN_SUCCESS', 'Clocked in at 2025-11-26 07:00:10. Scheduled start: 2025-11-26 07:00:00.', '2025-11-25 16:00:10'),
(1701, 13, 'LOGIN_SUCCESS', 'User jcahinde (Employee) successfully logged in.', '2025-11-25 16:18:33'),
(1702, 13, 'CLOCK_IN_SUCCESS', 'Clocked in at 2025-11-26 07:19:54. Scheduled start: 2025-11-26 07:00:00. (Late Clock-in)', '2025-11-25 16:19:54'),
(1703, 7, 'LOGIN_SUCCESS', 'User rricamata (Super Admin) successfully logged in.', '2025-11-25 16:28:51'),
(1704, 7, 'ADMIN_ANALYTICS_VIEWED', 'Admin loaded company-wide analytics dashboard.', '2025-11-25 16:28:52'),
(1705, 7, 'ADMIN_ANALYTICS_VIEWED', 'Admin loaded company-wide analytics dashboard.', '2025-11-25 16:29:03'),
(1706, 10, 'LOGIN_SUCCESS', 'User kespiritu (HR Admin) successfully logged in.', '2025-11-25 18:23:15'),
(1707, 10, 'ADMIN_ANALYTICS_VIEWED', 'Admin loaded company-wide analytics dashboard.', '2025-11-25 18:23:17'),
(1708, 10, 'CA_ADDED', 'Added CA/VALE of 300 for EID 7 on 2025-11-25.', '2025-11-25 18:23:36'),
(1709, 10, 'CA_ADDED', 'Added CA/VALE of 204 for EID 12 on 2025-11-25.', '2025-11-25 18:41:56'),
(1710, 10, 'CA_ADDED', 'Added CA/VALE of 3000 for EID 12 on 2025-11-26.', '2025-11-25 18:51:14'),
(1711, 10, 'CA_ADDED', 'Added CA/VALE of 3000 for EID 15 on 2025-11-26.', '2025-11-25 18:51:25'),
(1712, 10, 'CA_ADDED', 'Added CA/VALE of 750 for EID 18 on 2025-11-26.', '2025-11-25 18:52:16'),
(1713, 10, 'ADMIN_ANALYTICS_VIEWED', 'Admin loaded company-wide analytics dashboard.', '2025-11-25 19:05:53'),
(1714, 11, 'LOGIN_SUCCESS', 'User abalugo (Employee) successfully logged in.', '2025-11-25 21:22:20'),
(1715, 11, 'CLOCK_IN_SUCCESS', 'Clocked in at 2025-11-26 12:22:32. Scheduled start: 2025-11-26 12:00:00. (Late Clock-in)', '2025-11-25 21:22:32'),
(1716, 10, 'LOGIN_SUCCESS', 'User kespiritu (HR Admin) successfully logged in.', '2025-11-25 22:22:15'),
(1717, 10, 'ADMIN_ANALYTICS_VIEWED', 'Admin loaded company-wide analytics dashboard.', '2025-11-25 22:22:17'),
(1718, 10, 'CA_ADDED', 'Added CA/VALE of 70 for EID 14 on 2025-11-26.', '2025-11-25 22:22:28'),
(1719, 10, 'CA_ADDED', 'Added CA/VALE of 70 for EID 13 on 2025-11-26.', '2025-11-25 22:22:32'),
(1720, 10, 'CA_ADDED', 'Added CA/VALE of 70 for EID 11 on 2025-11-26.', '2025-11-25 22:22:36'),
(1721, 10, 'CA_ADDED', 'Added CA/VALE of 70 for EID 12 on 2025-11-26.', '2025-11-25 22:22:43'),
(1722, 10, 'CA_ADDED', 'Added CA/VALE of 70 for EID 7 on 2025-11-26.', '2025-11-25 22:22:48'),
(1723, 10, 'CA_ADDED', 'Added CA/VALE of 70 for EID 18 on 2025-11-26.', '2025-11-25 22:22:52'),
(1724, 10, 'CA_ADDED', 'Added CA/VALE of 101 for EID 14 on 2025-11-26.', '2025-11-25 22:22:57'),
(1725, 10, 'LOGIN_SUCCESS', 'User kespiritu (HR Admin) successfully logged in.', '2025-11-25 23:19:23'),
(1726, 10, 'ADMIN_ANALYTICS_VIEWED', 'Admin loaded company-wide analytics dashboard.', '2025-11-25 23:19:25'),
(1727, 10, 'ADMIN_ANALYTICS_VIEWED', 'Admin loaded company-wide analytics dashboard.', '2025-11-25 23:28:29'),
(1728, 10, 'ADMIN_ANALYTICS_VIEWED', 'Admin loaded company-wide analytics dashboard.', '2025-11-25 23:32:59'),
(1729, 7, 'LOGIN_SUCCESS', 'User rricamata (Super Admin) successfully logged in.', '2025-11-26 00:05:36'),
(1730, 7, 'ADMIN_ANALYTICS_VIEWED', 'Admin loaded company-wide analytics dashboard.', '2025-11-26 00:05:37'),
(1731, 7, 'ATTENDANCE_UPDATED', 'Super Admin adjusted existing log ID 147 for EID 11.', '2025-11-26 00:07:27'),
(1732, 7, 'ATTENDANCE_UPDATED', 'Super Admin adjusted existing log ID 119 for EID 11.', '2025-11-26 00:08:11'),
(1733, 7, 'ATTENDANCE_UPDATED', 'Super Admin adjusted existing log ID 119 for EID 11.', '2025-11-26 00:08:33'),
(1734, 7, 'ATTENDANCE_UPDATED', 'Super Admin adjusted existing log ID 147 for EID 11.', '2025-11-26 00:10:33'),
(1735, 7, 'ATTENDANCE_ADDED', 'Super Admin manually added new log ID 156 for EID 12 on 2025-11-11.', '2025-11-26 00:12:38'),
(1736, 7, 'ATTENDANCE_ADDED', 'Super Admin manually added new log ID 157 for EID 12 on 2025-11-13.', '2025-11-26 00:13:21'),
(1737, 7, 'ATTENDANCE_ADDED', 'Super Admin manually added new log ID 158 for EID 12 on 2025-11-23.', '2025-11-26 00:14:14'),
(1738, 7, 'ATTENDANCE_ADDED', 'Super Admin manually added new log ID 159 for EID 12 on 2025-11-24.', '2025-11-26 00:14:42'),
(1739, 7, 'ATTENDANCE_ADDED', 'Super Admin manually added new log ID 160 for EID 15 on 2025-11-21.', '2025-11-26 00:15:43'),
(1740, 7, 'ATTENDANCE_ADDED', 'Super Admin manually added new log ID 161 for EID 15 on 2025-11-22.', '2025-11-26 00:16:00'),
(1741, 7, 'LOG_ADJUST_FAILED', 'Attempted to add new log for EID 15: Conflict with existing completed shift on 2025-11-22.', '2025-11-26 00:16:16'),
(1742, 7, 'ATTENDANCE_ADDED', 'Super Admin manually added new log ID 162 for EID 15 on 2025-11-23.', '2025-11-26 00:16:22'),
(1743, 7, 'ATTENDANCE_ADDED', 'Super Admin manually added new log ID 163 for EID 15 on 2025-11-24.', '2025-11-26 00:16:45'),
(1744, 7, 'ATTENDANCE_ADDED', 'Super Admin manually added new log ID 164 for EID 15 on 2025-11-25.', '2025-11-26 00:17:12'),
(1745, 7, 'ATTENDANCE_UPDATED', 'Super Admin adjusted existing log ID 128 for EID 10.', '2025-11-26 00:17:45'),
(1746, 7, 'PAYROLL_SKIP', 'Skipped EID 1: No active/valid pay rate.', '2025-11-26 00:19:03'),
(1747, 7, 'PAYROLL_SKIP', 'Skipped EID 4: No active/valid pay rate.', '2025-11-26 00:19:03'),
(1748, 7, 'CA_DEDUCTED', 'Ded. 7210 CA for EID 7 (PID 163). Details: Full ded. 300 (TID 63). Remaining: 0.00; Full ded. 400 (TID 68). Remaining: 0.00; Full ded. 96 (TID 69). Remaining: 0.00; Full ded. 200 (TID 71). Remaining: 0.00; Full ded. 100 (TID 77). Remaining: 0.00; Full ded. 200 (TID 78). Remaining: 0.00; Full ded. 150 (TID 79). Remaining: 0.00; Full ded. 200 (TID 80). Remaining: 0.00; Full ded. 200 (TID 85). Remaining: 0.00; Full ded. 300 (TID 86). Remaining: 0.00; Full ded. 1500 (TID 93). Remaining: 0.00; Full ded. 300 (TID 94). Remaining: 0.00; Full ded. 1000 (TID 97). Remaining: 0.00; Full ded. 100 (TID 98). Remaining: 0.00; Full ded. 100 (TID 99). Remaining: 0.00; Full ded. 365 (TID 100). Remaining: 0.00; Full ded. 196 (TID 111). Remaining: 0.00; Full ded. 100 (TID 112). Remaining: 0.00; Full ded. 100 (TID 113). Remaining: 0.00; Full ded. 100 (TID 117). Remaining: 0.00; Full ded. 484 (TID 118). Remaining: 0.00; Full ded. 99 (TID 122). Remaining: 0.00; Full ded. 150 (TID 128). Remaining: 0.00; Full ded. 100 (TID 132). Remaining: 0.00; Full ded. 300 (TID 137). Remaining: 0.00; Full ded. 70 (TID 146). Remaining: 0.00', '2025-11-26 00:19:03'),
(1749, 7, 'CA_DEDUCTED', 'Ded. 3670 CA for EID 11 (PID 165). Details: Full ded. 175 (TID 59). Remaining: 0.00; Full ded. 80 (TID 65). Remaining: 0.00; Full ded. 200 (TID 73). Remaining: 0.00; Full ded. 50 (TID 83). Remaining: 0.00; Full ded. 1000 (TID 87). Remaining: 0.00; Full ded. 100 (TID 92). Remaining: 0.00; Full ded. 300 (TID 95). Remaining: 0.00; Full ded. 100 (TID 103). Remaining: 0.00; Full ded. 100 (TID 106). Remaining: 0.00; Full ded. 100 (TID 110). Remaining: 0.00; Full ded. 50 (TID 116). Remaining: 0.00; Full ded. 600 (TID 121). Remaining: 0.00; Full ded. 500 (TID 126). Remaining: 0.00; Full ded. 245 (TID 136). Remaining: 0.00; Full ded. 70 (TID 144). Remaining: 0.00', '2025-11-26 00:19:03'),
(1750, 7, 'CA_DEDUCTED', 'Ded. 5287 CA for EID 12 (PID 166). Details: Full ded. 259 (TID 62). Remaining: 0.00; Full ded. 300 (TID 72). Remaining: 0.00; Full ded. 1000 (TID 96). Remaining: 0.00; Full ded. 167 (TID 102). Remaining: 0.00; Full ded. 101 (TID 104). Remaining: 0.00; Full ded. 119 (TID 123). Remaining: 0.00; Full ded. 67 (TID 135). Remaining: 0.00; Full ded. 204 (TID 138). Remaining: 0.00; Full ded. 3000 (TID 139). Remaining: 0.00; Full ded. 70 (TID 145). Remaining: 0.00', '2025-11-26 00:19:03'),
(1751, 7, 'CA_DEDUCTED', 'Ded. 3570 CA for EID 13 (PID 167). Details: Full ded. 2000 (TID 58). Remaining: 0.00; Full ded. 500 (TID 91). Remaining: 0.00; Full ded. 1000 (TID 125). Remaining: 0.00; Full ded. 70 (TID 143). Remaining: 0.00', '2025-11-26 00:19:03'),
(1752, 7, 'CA_DEDUCTED', 'Ded. 3121 CA for EID 14 (PID 168). Details: Full ded. 100 (TID 61). Remaining: 0.00; Full ded. 300 (TID 67). Remaining: 0.00; Full ded. 150 (TID 81). Remaining: 0.00; Full ded. 200 (TID 82). Remaining: 0.00; Full ded. 1000 (TID 90). Remaining: 0.00; Full ded. 200 (TID 105). Remaining: 0.00; Full ded. 200 (TID 108). Remaining: 0.00; Full ded. 500 (TID 114). Remaining: 0.00; Full ded. 300 (TID 133). Remaining: 0.00; Full ded. 70 (TID 142). Remaining: 0.00; Full ded. 101 (TID 148). Remaining: 0.00', '2025-11-26 00:19:03'),
(1753, 7, 'CA_DEDUCTED', 'Ded. 3566 CA for EID 15 (PID 169). Details: Full ded. 96 (TID 70). Remaining: 0.00; Full ded. 200 (TID 84). Remaining: 0.00; Full ded. 100 (TID 101). Remaining: 0.00; Full ded. 50 (TID 129). Remaining: 0.00; Full ded. 100 (TID 130). Remaining: 0.00; Full ded. 20 (TID 131). Remaining: 0.00; Full ded. 3000 (TID 140). Remaining: 0.00', '2025-11-26 00:19:03'),
(1754, 7, 'CA_DEDUCTED', 'Ded. 4461 CA for EID 18 (PID 171). Details: Full ded. 100 (TID 60). Remaining: 0.00; Full ded. 50 (TID 88). Remaining: 0.00; Full ded. 500 (TID 89). Remaining: 0.00; Full ded. 100 (TID 107). Remaining: 0.00; Full ded. 100 (TID 109). Remaining: 0.00; Full ded. 100 (TID 115). Remaining: 0.00; Full ded. 100 (TID 119). Remaining: 0.00; Full ded. 2224 (TID 120). Remaining: 0.00; Full ded. 200 (TID 124). Remaining: 0.00; Full ded. 100 (TID 127). Remaining: 0.00; Full ded. 67 (TID 134). Remaining: 0.00; Full ded. 750 (TID 141). Remaining: 0.00; Full ded. 70 (TID 147). Remaining: 0.00', '2025-11-26 00:19:03'),
(1755, 7, 'PAYROLL_GENERATED', 'Payroll run completed for period 2025-11-11 to 2025-11-25. Processed 9 payslips.', '2025-11-26 00:19:03'),
(1756, 7, 'PAYSLIP_VIEW_SUCCESS', 'EID 7 viewed PID 167 for EID 13.', '2025-11-26 00:20:25'),
(1757, 7, 'REPORT_GENERATED', 'Generated Payroll Summary (Oct 11, 2025 - Nov 25, 2025). Filters: Type=payroll_summary, Start=2025-10-11, End=2025-11-25, Dept=all', '2025-11-26 00:20:49'),
(1758, 7, 'REPORT_GENERATED', 'Generated Attendance Summary (Oct 11, 2025 - Nov 25, 2025). Filters: Type=attendance_summary, Start=2025-10-11, End=2025-11-25, Dept=all', '2025-11-26 00:21:00'),
(1759, 10, 'LOGIN_SUCCESS', 'User kespiritu (HR Admin) successfully logged in.', '2025-11-26 00:30:59'),
(1760, 10, 'ADMIN_ANALYTICS_VIEWED', 'Admin loaded company-wide analytics dashboard.', '2025-11-26 00:31:01'),
(1761, 12, 'LOGIN_SUCCESS', 'User rariola (Employee) successfully logged in.', '2025-11-26 00:32:17'),
(1762, 12, 'CLOCK_IN_SUCCESS', 'Clocked in at 2025-11-26 15:33:39. Scheduled start: 2025-11-26 06:00:00. (Late Clock-in)', '2025-11-26 00:33:39'),
(1763, 10, 'PAYSLIP_VIEW_SUCCESS', 'EID 10 viewed PID 166 for EID 12.', '2025-11-26 00:38:34'),
(1764, 10, 'PAYSLIP_VIEW_SUCCESS', 'EID 10 viewed PID 165 for EID 11.', '2025-11-26 00:39:09'),
(1765, 10, 'PAYSLIP_VIEW_SUCCESS', 'EID 10 viewed PID 167 for EID 13.', '2025-11-26 00:39:44'),
(1766, 10, 'PAYSLIP_VIEW_SUCCESS', 'EID 10 viewed PID 169 for EID 15.', '2025-11-26 00:40:06'),
(1767, 10, 'PAYSLIP_VIEW_SUCCESS', 'EID 10 viewed PID 164 for EID 10.', '2025-11-26 00:40:21'),
(1768, 10, 'PAYSLIP_VIEW_SUCCESS', 'EID 10 viewed PID 168 for EID 14.', '2025-11-26 00:40:50'),
(1769, 10, 'PAYSLIP_VIEW_SUCCESS', 'EID 10 viewed PID 171 for EID 18.', '2025-11-26 00:41:25'),
(1770, 10, 'PAYSLIP_VIEW_SUCCESS', 'EID 10 viewed PID 170 for EID 17.', '2025-11-26 00:41:38'),
(1771, 10, 'PAYSLIP_VIEW_SUCCESS', 'EID 10 viewed PID 163 for EID 7.', '2025-11-26 00:41:49'),
(1772, 10, 'PAYSLIP_VIEW_SUCCESS', 'EID 10 viewed PID 170 for EID 17.', '2025-11-26 00:45:17'),
(1773, 10, 'PAYSLIP_VIEW_SUCCESS', 'EID 10 viewed PID 171 for EID 18.', '2025-11-26 00:45:38'),
(1774, 10, 'PAYSLIP_VIEW_SUCCESS', 'EID 10 viewed PID 168 for EID 14.', '2025-11-26 00:45:55'),
(1775, 10, 'PAYSLIP_VIEW_SUCCESS', 'EID 10 viewed PID 164 for EID 10.', '2025-11-26 00:46:36'),
(1776, 10, 'PAYSLIP_VIEW_SUCCESS', 'EID 10 viewed PID 169 for EID 15.', '2025-11-26 00:46:45'),
(1777, 10, 'PAYSLIP_VIEW_SUCCESS', 'EID 10 viewed PID 167 for EID 13.', '2025-11-26 00:47:09'),
(1778, 10, 'PAYSLIP_VIEW_SUCCESS', 'EID 10 viewed PID 165 for EID 11.', '2025-11-26 00:47:16'),
(1779, 10, 'PAYSLIP_VIEW_SUCCESS', 'EID 10 viewed PID 166 for EID 12.', '2025-11-26 00:47:25'),
(1780, 10, 'LOGIN_SUCCESS', 'User kespiritu (HR Admin) successfully logged in.', '2025-11-26 01:02:40'),
(1781, 10, 'ADMIN_ANALYTICS_VIEWED', 'Admin loaded company-wide analytics dashboard.', '2025-11-26 01:02:42'),
(1782, 10, 'CLOCK_OUT_SUCCESS', 'Clocked out successfully from Kiosk. Log ID: 153. Duration: 9 hours, 2 minutes.', '2025-11-26 01:02:55'),
(1783, 13, 'LOGIN_SUCCESS', 'User jcahinde (Employee) successfully logged in.', '2025-11-26 06:01:45'),
(1784, 13, 'CLOCK_OUT_SUCCESS', 'Clocked out successfully from Kiosk. Log ID: 154. Duration: 13 hours, 42 minutes.', '2025-11-26 06:02:14'),
(1785, 11, 'LOGIN_SUCCESS', 'User abalugo (Employee) successfully logged in.', '2025-11-26 07:25:17'),
(1786, 11, 'CLOCK_OUT_SUCCESS', 'Clocked out successfully from Kiosk. Log ID: 155. Duration: 10 hours, 3 minutes.', '2025-11-26 07:25:36'),
(1787, 12, 'LOGIN_SUCCESS', 'User rariola (Employee) successfully logged in.', '2025-11-26 14:38:30'),
(1788, 12, 'CLOCK_OUT_SUCCESS', 'Clocked out successfully from Kiosk. Log ID: 165. Duration: 14 hours, 5 minutes.', '2025-11-26 14:38:42'),
(1789, 10, 'LOGIN_SUCCESS', 'User kespiritu (HR Admin) successfully logged in.', '2025-11-26 16:09:41'),
(1790, 10, 'ADMIN_ANALYTICS_VIEWED', 'Admin loaded company-wide analytics dashboard.', '2025-11-26 16:09:43'),
(1791, 10, 'CLOCK_IN_SUCCESS', 'Clocked in at 2025-11-27 07:10:05. Scheduled start: 2025-11-27 07:00:00. (Late Clock-in)', '2025-11-26 16:10:05'),
(1792, 10, 'LOGIN_SUCCESS', 'User kespiritu (HR Admin) successfully logged in.', '2025-11-26 16:10:13'),
(1793, 10, 'ADMIN_ANALYTICS_VIEWED', 'Admin loaded company-wide analytics dashboard.', '2025-11-26 16:10:15'),
(1794, 10, 'CA_ADDED', 'Added CA/VALE of 100 for EID 7 on 2025-11-26.', '2025-11-26 16:17:59'),
(1795, 10, 'CA_ADDED', 'Added CA/VALE of 50 for EID 18 on 2025-11-26.', '2025-11-26 16:18:05'),
(1796, 10, 'ADMIN_ANALYTICS_VIEWED', 'Admin loaded company-wide analytics dashboard.', '2025-11-26 16:18:54'),
(1797, 10, 'CA_ADDED', 'Added CA/VALE of 208 for EID 12 on 2025-11-26.', '2025-11-26 16:20:29'),
(1798, 0, 'LOGIN_FAILED', 'Failed login attempt for email: romecoach001@gmail.com from IP: 112.198.228.129', '2025-11-26 16:30:31'),
(1799, 0, 'LOGIN_FAILED', 'Failed login attempt for email: romecoach001@gmail.com from IP: 112.198.228.129', '2025-11-26 16:30:43'),
(1800, 0, 'LOGIN_FAILED', 'Failed login attempt for email: romecoach001@gmail.com from IP: 112.198.228.129', '2025-11-26 16:30:49'),
(1801, 10, 'ADMIN_ANALYTICS_VIEWED', 'Admin loaded company-wide analytics dashboard.', '2025-11-26 16:30:50'),
(1802, 13, 'LOGIN_SUCCESS', 'User jcahinde (Employee) successfully logged in.', '2025-11-26 16:31:01'),
(1803, 13, 'CLOCK_IN_SUCCESS', 'Clocked in at 2025-11-27 07:32:07. Scheduled start: 2025-11-27 07:00:00. (Late Clock-in)', '2025-11-26 16:32:07'),
(1804, 10, 'LOGIN_SUCCESS', 'User kespiritu (HR Admin) successfully logged in.', '2025-11-26 17:44:48'),
(1805, 10, 'ADMIN_ANALYTICS_VIEWED', 'Admin loaded company-wide analytics dashboard.', '2025-11-26 17:44:50'),
(1806, 10, 'ADMIN_ANALYTICS_VIEWED', 'Admin loaded company-wide analytics dashboard.', '2025-11-26 17:45:08'),
(1807, 10, 'CA_ADDED', 'Added CA/VALE of 400 for EID 7 on 2025-11-27.', '2025-11-26 17:58:51'),
(1808, 10, 'CA_ADDED', 'Added CA/VALE of 1000 for EID 7 on 2025-11-27.', '2025-11-26 17:58:58'),
(1809, 10, 'LOGIN_SUCCESS', 'User kespiritu (HR Admin) successfully logged in.', '2025-11-26 19:07:32'),
(1810, 10, 'ADMIN_ANALYTICS_VIEWED', 'Admin loaded company-wide analytics dashboard.', '2025-11-26 19:07:34'),
(1811, 10, 'ADMIN_ANALYTICS_VIEWED', 'Admin loaded company-wide analytics dashboard.', '2025-11-26 19:09:31'),
(1812, 11, 'LOGIN_SUCCESS', 'User abalugo (Employee) successfully logged in.', '2025-11-26 21:17:52'),
(1813, 11, 'CLOCK_IN_SUCCESS', 'Clocked in at 2025-11-27 12:18:03. Scheduled start: 2025-11-27 12:00:00. (Late Clock-in)', '2025-11-26 21:18:03'),
(1814, 12, 'LOGIN_SUCCESS', 'User rariola (Employee) successfully logged in.', '2025-11-27 00:05:45'),
(1815, 12, 'LOGIN_SUCCESS', 'User rariola (Employee) successfully logged in.', '2025-11-27 00:05:45'),
(1816, 12, 'CLOCK_IN_SUCCESS', 'Clocked in at 2025-11-27 15:06:14. Scheduled start: 2025-11-27 06:00:00. (Late Clock-in)', '2025-11-27 00:06:14'),
(1817, 10, 'LOGIN_SUCCESS', 'User kespiritu (HR Admin) successfully logged in.', '2025-11-27 01:17:40'),
(1818, 10, 'ADMIN_ANALYTICS_VIEWED', 'Admin loaded company-wide analytics dashboard.', '2025-11-27 01:17:42'),
(1819, 10, 'CLOCK_OUT_SUCCESS', 'Clocked out successfully from Kiosk. Log ID: 166. Duration: 9 hours, 7 minutes.', '2025-11-27 01:18:00'),
(1820, 13, 'LOGIN_SUCCESS', 'User jcahinde (Employee) successfully logged in.', '2025-11-27 06:17:00'),
(1821, 13, 'CLOCK_OUT_SUCCESS', 'Clocked out successfully from Kiosk. Log ID: 167. Duration: 13 hours, 47 minutes.', '2025-11-27 06:19:11'),
(1822, 11, 'LOGIN_SUCCESS', 'User abalugo (Employee) successfully logged in.', '2025-11-27 06:35:39'),
(1823, 11, 'LOGIN_SUCCESS', 'User abalugo (Employee) successfully logged in.', '2025-11-27 07:21:26'),
(1824, 11, 'CLOCK_OUT_SUCCESS', 'Clocked out successfully from Kiosk. Log ID: 168. Duration: 10 hours, 3 minutes.', '2025-11-27 07:21:37'),
(1825, 12, 'LOGIN_SUCCESS', 'User rariola (Employee) successfully logged in.', '2025-11-27 14:32:25'),
(1826, 12, 'CLOCK_OUT_SUCCESS', 'Clocked out successfully from Kiosk. Log ID: 169. Duration: 14 hours, 26 minutes.', '2025-11-27 14:33:11'),
(1827, 10, 'LOGIN_SUCCESS', 'User kespiritu (HR Admin) successfully logged in.', '2025-11-27 16:09:13'),
(1828, 10, 'ADMIN_ANALYTICS_VIEWED', 'Admin loaded company-wide analytics dashboard.', '2025-11-27 16:09:15'),
(1829, 10, 'CLOCK_IN_SUCCESS', 'Clocked in at 2025-11-28 07:09:52. Scheduled start: 2025-11-28 07:00:00. (Late Clock-in)', '2025-11-27 16:09:52'),
(1830, 0, 'LOGIN_FAILED', 'Failed login attempt for email: romecoach001@gmail.com from IP: 112.198.228.129', '2025-11-27 16:23:39'),
(1831, 13, 'LOGIN_SUCCESS', 'User jcahinde (Employee) successfully logged in.', '2025-11-27 16:23:52'),
(1832, 13, 'CLOCK_IN_SUCCESS', 'Clocked in at 2025-11-28 07:25:09. Scheduled start: 2025-11-28 07:00:00. (Late Clock-in)', '2025-11-27 16:25:09'),
(1833, 13, 'PASSWORD_RESET', 'EID 13 successfully reset their own password.', '2025-11-27 16:29:29'),
(1834, 10, 'LOGIN_SUCCESS', 'User kespiritu (HR Admin) successfully logged in.', '2025-11-27 16:43:38'),
(1835, 10, 'ADMIN_ANALYTICS_VIEWED', 'Admin loaded company-wide analytics dashboard.', '2025-11-27 16:43:39'),
(1836, 10, 'SCHEDULE_STANDARD_UPDATED', 'Updated standard schedule for EID 10.', '2025-11-27 16:44:22'),
(1837, 10, 'ADMIN_ANALYTICS_VIEWED', 'Admin loaded company-wide analytics dashboard.', '2025-11-27 16:44:35'),
(1838, 10, 'CA_ADDED', 'Added CA/VALE of 500 for EID 13 on 2025-11-27.', '2025-11-27 16:44:46'),
(1839, 10, 'CA_ADDED', 'Added CA/VALE of 500 for EID 7 on 2025-11-27.', '2025-11-27 16:44:56'),
(1840, 10, 'CA_ADDED', 'Added CA/VALE of 75 for EID 11 on 2025-11-27.', '2025-11-27 16:45:04'),
(1841, 10, 'CA_ADDED', 'Added CA/VALE of 300 for EID 17 on 2025-11-27.', '2025-11-27 16:45:15'),
(1842, 10, 'LOGIN_SUCCESS', 'User kespiritu (HR Admin) successfully logged in.', '2025-11-27 19:46:14'),
(1843, 10, 'ADMIN_ANALYTICS_VIEWED', 'Admin loaded company-wide analytics dashboard.', '2025-11-27 19:46:16'),
(1844, 10, 'PAYSLIP_VIEW_SUCCESS', 'EID 10 viewed PID 171 for EID 18.', '2025-11-27 19:46:29'),
(1845, 10, 'ADMIN_ANALYTICS_VIEWED', 'Admin loaded company-wide analytics dashboard.', '2025-11-27 20:01:06'),
(1846, 10, 'CA_ADDED', 'Added CA/VALE of 155 for EID 12 on 2025-11-27.', '2025-11-27 20:01:53'),
(1847, 10, 'CA_ADDED', 'Added CA/VALE of 155 for EID 18 on 2025-11-28.', '2025-11-27 20:01:57'),
(1848, 10, 'CA_DELETED', 'Soft deleted pending CA transaction ID 159.', '2025-11-27 20:02:08'),
(1849, 10, 'CA_ADDED', 'Added CA/VALE of 155 for EID 7 on 2025-11-27.', '2025-11-27 20:02:12'),
(1850, 10, 'CA_ADDED', 'Added CA/VALE of 155 for EID 18 on 2025-11-27.', '2025-11-27 20:02:24'),
(1851, 10, 'CA_ADDED', 'Added CA/VALE of 155 for EID 14 on 2025-11-27.', '2025-11-27 20:02:33'),
(1852, 10, 'ADMIN_ANALYTICS_VIEWED', 'Admin loaded company-wide analytics dashboard.', '2025-11-27 20:17:16'),
(1853, 10, 'ADMIN_ANALYTICS_VIEWED', 'Admin loaded company-wide analytics dashboard.', '2025-11-27 20:17:32'),
(1854, 11, 'LOGIN_SUCCESS', 'User abalugo (Employee) successfully logged in.', '2025-11-27 21:01:09'),
(1855, 11, 'CLOCK_IN_SUCCESS', 'Clocked in at 2025-11-28 12:01:19. Scheduled start: 2025-11-28 12:00:00.', '2025-11-27 21:01:19'),
(1856, 10, 'ADMIN_ANALYTICS_VIEWED', 'Admin loaded company-wide analytics dashboard.', '2025-11-27 21:01:41'),
(1857, 10, 'CA_ADDED', 'Added CA/VALE of 100 for EID 18 on 2025-11-28.', '2025-11-27 21:02:07'),
(1858, 10, 'ADMIN_ANALYTICS_VIEWED', 'Admin loaded company-wide analytics dashboard.', '2025-11-27 21:02:42'),
(1859, 7, 'LOGIN_SUCCESS', 'User rricamata (Super Admin) successfully logged in.', '2025-11-27 23:32:06'),
(1860, 7, 'ADMIN_ANALYTICS_VIEWED', 'Admin loaded company-wide analytics dashboard.', '2025-11-27 23:32:08'),
(1861, 7, 'PAYSLIP_VIEW_SUCCESS', 'EID 7 viewed PID 169 for EID 15.', '2025-11-27 23:32:30'),
(1862, 7, 'PAYSLIP_VIEW_SUCCESS', 'EID 7 viewed PID 169 for EID 15.', '2025-11-27 23:34:17'),
(1863, 7, 'PAYSLIP_VIEW_SUCCESS', 'EID 7 viewed PID 163 for EID 7.', '2025-11-27 23:36:03'),
(1864, 12, 'LOGIN_SUCCESS', 'User rariola (Employee) successfully logged in.', '2025-11-28 00:04:33'),
(1865, 12, 'CLOCK_IN_SUCCESS', 'Clocked in at 2025-11-28 15:05:02. Scheduled start: 2025-11-28 06:00:00. (Late Clock-in)', '2025-11-28 00:05:02'),
(1866, 10, 'LOGIN_SUCCESS', 'User kespiritu (HR Admin) successfully logged in.', '2025-11-28 00:46:45'),
(1867, 10, 'ADMIN_ANALYTICS_VIEWED', 'Admin loaded company-wide analytics dashboard.', '2025-11-28 00:46:46'),
(1868, 10, 'CA_ADDED', 'Added CA/VALE of 100 for EID 18 on 2025-11-28.', '2025-11-28 00:46:56'),
(1869, 10, 'CA_ADDED', 'Added CA/VALE of 200 for EID 15 on 2025-11-28.', '2025-11-28 00:47:01'),
(1870, 10, 'CA_ADDED', 'Added CA/VALE of 100 for EID 7 on 2025-11-28.', '2025-11-28 00:47:12'),
(1871, 10, 'LOGIN_SUCCESS', 'User kespiritu (HR Admin) successfully logged in.', '2025-11-28 01:01:18'),
(1872, 10, 'ADMIN_ANALYTICS_VIEWED', 'Admin loaded company-wide analytics dashboard.', '2025-11-28 01:01:20'),
(1873, 10, 'ADMIN_ANALYTICS_VIEWED', 'Admin loaded company-wide analytics dashboard.', '2025-11-28 01:01:28'),
(1874, 10, 'CLOCK_OUT_SUCCESS', 'Clocked out successfully from Kiosk. Log ID: 170. Duration: 8 hours, 51 minutes.', '2025-11-28 01:01:41'),
(1875, 10, 'LOGIN_SUCCESS', 'User kespiritu (HR Admin) successfully logged in.', '2025-11-28 04:34:36'),
(1876, 10, 'ADMIN_ANALYTICS_VIEWED', 'Admin loaded company-wide analytics dashboard.', '2025-11-28 04:34:37'),
(1877, 13, 'LOGIN_SUCCESS', 'User jcahinde (Employee) successfully logged in.', '2025-11-28 06:14:53'),
(1878, 13, 'CLOCK_OUT_SUCCESS', 'Clocked out successfully from Kiosk. Log ID: 171. Duration: 13 hours, 50 minutes.', '2025-11-28 06:15:11'),
(1879, 11, 'LOGIN_SUCCESS', 'User abalugo (Employee) successfully logged in.', '2025-11-28 07:03:33'),
(1880, 11, 'CLOCK_OUT_SUCCESS', 'Clocked out successfully from Kiosk. Log ID: 172. Duration: 10 hours, 2 minutes.', '2025-11-28 07:03:46'),
(1881, 10, 'LOGIN_SUCCESS', 'User kespiritu (HR Admin) successfully logged in.', '2025-11-28 20:08:29'),
(1882, 10, 'ADMIN_ANALYTICS_VIEWED', 'Admin loaded company-wide analytics dashboard.', '2025-11-28 20:08:31'),
(1883, 10, 'ADMIN_ANALYTICS_VIEWED', 'Admin loaded company-wide analytics dashboard.', '2025-11-28 20:11:08'),
(1884, 11, 'LOGIN_SUCCESS', 'User abalugo (Employee) successfully logged in.', '2025-11-28 20:20:13'),
(1885, 11, 'CLOCK_IN_SUCCESS', 'Clocked in at 2025-11-29 11:20:30. Scheduled start: 2025-11-29 12:00:00. (Early Clock-in)', '2025-11-28 20:20:30'),
(1886, 11, 'LOGIN_SUCCESS', 'User abalugo (Employee) successfully logged in.', '2025-11-29 07:01:29'),
(1887, 11, 'CLOCK_OUT_SUCCESS', 'Clocked out successfully from Kiosk. Log ID: 174. Duration: 10 hours, 2 minutes.', '2025-11-29 07:02:57'),
(1888, 11, 'CLOCK_IN_SUCCESS', 'Clocked in from break at 2025-11-29 22:02:59.', '2025-11-29 07:02:59'),
(1889, 12, 'LOGIN_SUCCESS', 'User rariola (Employee) successfully logged in.', '2025-11-30 14:12:29'),
(1890, 10, 'LOGIN_SUCCESS', 'User kespiritu (HR Admin) successfully logged in.', '2025-11-30 16:10:34'),
(1891, 10, 'ADMIN_ANALYTICS_VIEWED', 'Admin loaded company-wide analytics dashboard.', '2025-11-30 16:10:37'),
(1892, 10, 'ADMIN_ANALYTICS_VIEWED', 'Admin loaded company-wide analytics dashboard.', '2025-11-30 16:11:51'),
(1893, 10, 'CLOCK_IN_SUCCESS', 'Clocked in at 2025-12-01 07:12:28. Scheduled start: 2025-12-01 07:00:00. (Late Clock-in)', '2025-11-30 16:12:28'),
(1894, 10, 'LOGIN_SUCCESS', 'User kespiritu (HR Admin) successfully logged in.', '2025-11-30 16:12:36'),
(1895, 10, 'ADMIN_ANALYTICS_VIEWED', 'Admin loaded company-wide analytics dashboard.', '2025-11-30 16:12:38'),
(1896, 13, 'LOGIN_SUCCESS', 'User jcahinde (Employee) successfully logged in.', '2025-11-30 16:14:33'),
(1897, 13, 'CLOCK_IN_SUCCESS', 'Clocked in at 2025-12-01 07:15:00. Scheduled start: 2025-12-01 07:00:00. (Late Clock-in)', '2025-11-30 16:15:00'),
(1898, 10, 'LOGIN_SUCCESS', 'User kespiritu (HR Admin) successfully logged in.', '2025-11-30 18:59:49'),
(1899, 10, 'ADMIN_ANALYTICS_VIEWED', 'Admin loaded company-wide analytics dashboard.', '2025-11-30 18:59:50'),
(1900, 10, 'ADMIN_ANALYTICS_VIEWED', 'Admin loaded company-wide analytics dashboard.', '2025-11-30 19:03:38'),
(1901, 10, 'ADMIN_ANALYTICS_VIEWED', 'Admin loaded company-wide analytics dashboard.', '2025-11-30 19:03:42'),
(1902, 10, 'ADMIN_ANALYTICS_VIEWED', 'Admin loaded company-wide analytics dashboard.', '2025-11-30 19:03:45'),
(1903, 10, 'LOGIN_SUCCESS', 'User kespiritu (HR Admin) successfully logged in.', '2025-11-30 20:17:17'),
(1904, 10, 'ADMIN_ANALYTICS_VIEWED', 'Admin loaded company-wide analytics dashboard.', '2025-11-30 20:17:18'),
(1905, 10, 'CA_ADDED', 'Added CA/VALE of 1000 for EID 15 on 2025-11-29.', '2025-11-30 20:17:45'),
(1906, 10, 'CA_ADDED', 'Added CA/VALE of 200 for EID 7 on 2025-11-29.', '2025-11-30 20:18:05'),
(1907, 10, 'CA_ADDED', 'Added CA/VALE of 150 for EID 7 on 2025-11-29.', '2025-11-30 20:18:13'),
(1908, 10, 'CA_ADDED', 'Added CA/VALE of 207 for EID 7 on 2025-11-29.', '2025-11-30 20:18:23'),
(1909, 10, 'CA_ADDED', 'Added CA/VALE of 100 for EID 15 on 2025-11-30.', '2025-11-30 20:19:20'),
(1910, 10, 'CA_ADDED', 'Added CA/VALE of 200 for EID 14 on 2025-11-30.', '2025-11-30 20:19:26'),
(1911, 10, 'CA_ADDED', 'Added CA/VALE of 700 for EID 11 on 2025-11-29.', '2025-11-30 20:19:41'),
(1912, 10, 'CA_ADDED', 'Added CA/VALE of 550 for EID 18 on 2025-11-29.', '2025-11-30 20:19:51'),
(1913, 10, 'CA_ADDED', 'Added CA/VALE of 300 for EID 14 on 2025-11-29.', '2025-11-30 20:20:04'),
(1914, 10, 'ADMIN_ANALYTICS_VIEWED', 'Admin loaded company-wide analytics dashboard.', '2025-11-30 20:43:53'),
(1915, 11, 'LOGIN_SUCCESS', 'User abalugo (Employee) successfully logged in.', '2025-11-30 20:43:58'),
(1916, 11, 'CLOCK_OUT_SUCCESS', 'Clocked out successfully from Kiosk. Log ID: 175. Duration: 37 hours, 41 minutes.', '2025-11-30 20:44:27'),
(1917, 11, 'LOGIN_SUCCESS', 'User abalugo (Employee) successfully logged in.', '2025-11-30 20:48:55'),
(1918, 11, 'CLOCK_IN_SUCCESS', 'Clocked in at 2025-12-01 11:49:16. Scheduled start: 2025-12-01 12:00:00. (Early Clock-in)', '2025-11-30 20:49:16'),
(1919, 7, 'LOGIN_SUCCESS', 'User rricamata (Super Admin) successfully logged in.', '2025-11-30 21:24:09'),
(1920, 7, 'ADMIN_ANALYTICS_VIEWED', 'Admin loaded company-wide analytics dashboard.', '2025-11-30 21:24:11'),
(1921, 7, 'PAYSLIP_VIEW_SUCCESS', 'EID 7 viewed PID 166 for EID 12.', '2025-11-30 21:25:13'),
(1922, 7, 'ATTENDANCE_ADDED', 'Super Admin manually added new log ID 179 for EID 15 on 2025-12-01.', '2025-11-30 21:25:55'),
(1923, 7, 'PAYSLIP_VIEW_SUCCESS', 'EID 7 viewed PID 164 for EID 10.', '2025-11-30 21:30:45'),
(1924, 7, 'PAYSLIP_VIEW_SUCCESS', 'EID 7 viewed PID 165 for EID 11.', '2025-11-30 21:32:36'),
(1925, 7, 'PAYSLIP_VIEW_SUCCESS', 'EID 7 viewed PID 165 for EID 11.', '2025-11-30 21:33:08'),
(1926, 7, 'PAYSLIP_VIEW_SUCCESS', 'EID 7 viewed PID 167 for EID 13.', '2025-11-30 21:33:13'),
(1927, 7, 'PAYSLIP_VIEW_SUCCESS', 'EID 7 viewed PID 166 for EID 12.', '2025-11-30 21:43:29'),
(1928, 7, 'PAYSLIP_VIEW_SUCCESS', 'EID 7 viewed PID 171 for EID 18.', '2025-11-30 21:44:16'),
(1929, 7, 'PAYSLIP_VIEW_SUCCESS', 'EID 7 viewed PID 156 for EID 11.', '2025-11-30 21:45:09'),
(1930, 7, 'PAYSLIP_VIEW_SUCCESS', 'EID 7 viewed PID 165 for EID 11.', '2025-11-30 21:45:22'),
(1931, 7, 'PAYSLIP_VIEW_SUCCESS', 'EID 7 viewed PID 168 for EID 14.', '2025-11-30 21:47:58'),
(1932, 7, 'PAYSLIP_VIEW_SUCCESS', 'EID 7 viewed PID 170 for EID 17.', '2025-11-30 21:49:32'),
(1933, 7, 'PAYSLIP_VIEW_SUCCESS', 'EID 7 viewed PID 163 for EID 7.', '2025-11-30 21:50:21'),
(1934, 7, 'PAYSLIP_VIEW_SUCCESS', 'EID 7 viewed PID 169 for EID 15.', '2025-11-30 21:50:53'),
(1935, 10, 'LOGIN_SUCCESS', 'User kespiritu (HR Admin) successfully logged in.', '2025-12-01 01:05:49'),
(1936, 10, 'ADMIN_ANALYTICS_VIEWED', 'Admin loaded company-wide analytics dashboard.', '2025-12-01 01:05:51'),
(1937, 10, 'CLOCK_OUT_SUCCESS', 'Clocked out successfully from Kiosk. Log ID: 176. Duration: 8 hours, 54 minutes.', '2025-12-01 01:06:29'),
(1938, 7, 'LOGIN_SUCCESS', 'User rricamata (Super Admin) successfully logged in.', '2025-12-01 01:39:12'),
(1939, 7, 'ADMIN_ANALYTICS_VIEWED', 'Admin loaded company-wide analytics dashboard.', '2025-12-01 01:39:13'),
(1940, 7, 'LOGIN_SUCCESS', 'User rricamata (Super Admin) successfully logged in.', '2025-12-01 05:45:43'),
(1941, 7, 'ADMIN_ANALYTICS_VIEWED', 'Admin loaded company-wide analytics dashboard.', '2025-12-01 05:45:45'),
(1942, 0, 'LOGIN_FAILED', 'Failed login attempt for email: romecoach001@gmail.com from IP: 49.146.216.83', '2025-12-01 06:44:07'),
(1943, 13, 'LOGIN_SUCCESS', 'User jcahinde (Employee) successfully logged in.', '2025-12-01 06:44:17'),
(1944, 13, 'CLOCK_OUT_SUCCESS', 'Clocked out successfully from Kiosk. Log ID: 177. Duration: 14 hours, 29 minutes.', '2025-12-01 06:44:59'),
(1945, 10, 'LOGIN_SUCCESS', 'User kespiritu (HR Admin) successfully logged in.', '2025-12-01 06:48:37'),
(1946, 10, 'ADMIN_ANALYTICS_VIEWED', 'Admin loaded company-wide analytics dashboard.', '2025-12-01 06:48:38'),
(1947, 10, 'CA_ADDED', 'Added CA/VALE of 2000 for EID 7 on 2025-11-29.', '2025-12-01 06:48:54'),
(1948, 10, 'ADMIN_ANALYTICS_VIEWED', 'Admin loaded company-wide analytics dashboard.', '2025-12-01 06:49:01'),
(1949, 7, 'LOGIN_SUCCESS', 'User rricamata (Super Admin) successfully logged in.', '2025-12-01 06:57:23'),
(1950, 7, 'ADMIN_ANALYTICS_VIEWED', 'Admin loaded company-wide analytics dashboard.', '2025-12-01 06:57:24'),
(1951, 11, 'LOGIN_SUCCESS', 'User abalugo (Employee) successfully logged in.', '2025-12-01 07:20:55'),
(1952, 11, 'CLOCK_OUT_SUCCESS', 'Clocked out successfully from Kiosk. Log ID: 178. Duration: 10 hours, 21 minutes.', '2025-12-01 07:21:14'),
(1953, 11, 'CLOCK_IN_SUCCESS', 'Clocked in from break at 2025-12-01 22:21:27.', '2025-12-01 07:21:27'),
(1954, 7, 'LOGIN_SUCCESS', 'User rricamata (Super Admin) successfully logged in.', '2025-12-01 07:31:46'),
(1955, 7, 'ADMIN_ANALYTICS_VIEWED', 'Admin loaded company-wide analytics dashboard.', '2025-12-01 07:31:47'),
(1956, 7, 'LOGIN_SUCCESS', 'User rricamata (Super Admin) successfully logged in.', '2025-12-01 07:36:10'),
(1957, 7, 'ADMIN_ANALYTICS_VIEWED', 'Admin loaded company-wide analytics dashboard.', '2025-12-01 07:36:12'),
(1958, 7, 'ADMIN_ANALYTICS_VIEWED', 'Admin loaded company-wide analytics dashboard.', '2025-12-01 07:36:31'),
(1959, 7, 'EMPLOYEE_CREATE_FAILED', 'Duplicate: Error: A duplicate entry already exists.', '2025-12-01 07:55:43'),
(1960, 7, 'ADMIN_ANALYTICS_VIEWED', 'Admin loaded company-wide analytics dashboard.', '2025-12-01 07:56:02'),
(1961, 7, 'PASSWORD_RESET', 'Admin EID 7 successfully reset password for EID 17.', '2025-12-01 07:56:26'),
(1962, 7, 'EMPLOYEE_UPDATED', 'Employee details updated for EID 17 by Admin EID 7.', '2025-12-01 07:56:46'),
(1963, 7, 'LOGIN_SUCCESS', 'User rricamata (Super Admin) successfully logged in.', '2025-12-01 10:20:12'),
(1964, 7, 'ADMIN_ANALYTICS_VIEWED', 'Admin loaded company-wide analytics dashboard.', '2025-12-01 10:20:13'),
(1965, 7, 'ADMIN_ANALYTICS_VIEWED', 'Admin loaded company-wide analytics dashboard.', '2025-12-01 10:20:58'),
(1966, 7, 'ADMIN_ANALYTICS_VIEWED', 'Admin loaded company-wide analytics dashboard.', '2025-12-01 10:21:13'),
(1967, 7, 'ADMIN_ANALYTICS_VIEWED', 'Admin loaded company-wide analytics dashboard.', '2025-12-01 10:22:01'),
(1968, 7, 'ADMIN_ANALYTICS_VIEWED', 'Admin loaded company-wide analytics dashboard.', '2025-12-01 10:22:03'),
(1969, 7, 'ADMIN_ANALYTICS_VIEWED', 'Admin loaded company-wide analytics dashboard.', '2025-12-01 10:22:06'),
(1970, 12, 'LOGIN_SUCCESS', 'User rariola (Employee) successfully logged in.', '2025-12-01 14:36:23'),
(1971, 12, 'CLOCK_OUT_SUCCESS', 'Clocked out successfully from Kiosk. Log ID: 173. Duration: 86 hours, 31 minutes.', '2025-12-01 14:36:34'),
(1972, 7, 'LOGIN_SUCCESS', 'User rricamata (Super Admin) successfully logged in.', '2025-12-01 15:04:39'),
(1973, 7, 'ADMIN_ANALYTICS_VIEWED', 'Admin loaded company-wide analytics dashboard.', '2025-12-01 15:04:41'),
(1974, 7, 'ATTENDANCE_UPDATED', 'Super Admin adjusted existing log ID 173 for EID 12.', '2025-12-01 15:05:26'),
(1975, 7, 'ATTENDANCE_UPDATED', 'Super Admin adjusted existing log ID 173 for EID 12.', '2025-12-01 15:05:52'),
(1976, 7, 'ATTENDANCE_ADDED', 'Super Admin manually added new log ID 181 for EID 12 on 2025-12-01.', '2025-12-01 15:06:23'),
(1977, 7, 'ATTENDANCE_UPDATED', 'Super Admin adjusted existing log ID 179 for EID 15.', '2025-12-01 15:06:43'),
(1978, 7, 'ATTENDANCE_UPDATED', 'Super Admin adjusted existing log ID 181 for EID 12.', '2025-12-01 15:07:38'),
(1979, 10, 'LOGIN_SUCCESS', 'User kespiritu (HR Admin) successfully logged in.', '2025-12-01 16:10:23'),
(1980, 10, 'ADMIN_ANALYTICS_VIEWED', 'Admin loaded company-wide analytics dashboard.', '2025-12-01 16:10:25'),
(1981, 10, 'CLOCK_IN_SUCCESS', 'Clocked in at 2025-12-02 07:10:49. Scheduled start: 2025-12-02 07:00:00. (Late Clock-in)', '2025-12-01 16:10:49'),
(1982, 13, 'LOGIN_SUCCESS', 'User jcahinde (Employee) successfully logged in.', '2025-12-01 16:11:35'),
(1983, 13, 'CLOCK_IN_SUCCESS', 'Clocked in at 2025-12-02 07:11:50. Scheduled start: 2025-12-02 07:00:00. (Late Clock-in)', '2025-12-01 16:11:50'),
(1984, 10, 'LOGIN_SUCCESS', 'User kespiritu (HR Admin) successfully logged in.', '2025-12-01 16:12:47'),
(1985, 10, 'ADMIN_ANALYTICS_VIEWED', 'Admin loaded company-wide analytics dashboard.', '2025-12-01 16:12:49'),
(1986, 10, 'ADMIN_ANALYTICS_VIEWED', 'Admin loaded company-wide analytics dashboard.', '2025-12-01 16:13:08'),
(1987, 10, 'ADMIN_ANALYTICS_VIEWED', 'Admin loaded company-wide analytics dashboard.', '2025-12-01 16:50:32'),
(1988, 10, 'ADMIN_ANALYTICS_VIEWED', 'Admin loaded company-wide analytics dashboard.', '2025-12-01 16:50:44'),
(1989, 10, 'CA_ADDED', 'Added CA/VALE of 500 for EID 13 on 2025-12-01.', '2025-12-01 16:51:27'),
(1990, 10, 'CA_ADDED', 'Added CA/VALE of 100 for EID 14 on 2025-12-01.', '2025-12-01 16:52:17'),
(1991, 10, 'CA_ADDED', 'Added CA/VALE of 100 for EID 18 on 2025-12-01.', '2025-12-01 16:52:34'),
(1992, 10, 'CA_ADDED', 'Added CA/VALE of 195 for EID 14 on 2025-12-01.', '2025-12-01 16:53:24'),
(1993, 10, 'ADMIN_ANALYTICS_VIEWED', 'Admin loaded company-wide analytics dashboard.', '2025-12-01 16:53:45'),
(1994, 10, 'ADMIN_ANALYTICS_VIEWED', 'Admin loaded company-wide analytics dashboard.', '2025-12-01 16:54:35'),
(1995, 10, 'ADMIN_ANALYTICS_VIEWED', 'Admin loaded company-wide analytics dashboard.', '2025-12-01 16:54:39'),
(1996, 10, 'LOGIN_SUCCESS', 'User kespiritu (HR Admin) successfully logged in.', '2025-12-01 19:16:14'),
(1997, 10, 'ADMIN_ANALYTICS_VIEWED', 'Admin loaded company-wide analytics dashboard.', '2025-12-01 19:16:16'),
(1998, 10, 'LOGIN_SUCCESS', 'User kespiritu (HR Admin) successfully logged in.', '2025-12-01 20:13:47'),
(1999, 10, 'ADMIN_ANALYTICS_VIEWED', 'Admin loaded company-wide analytics dashboard.', '2025-12-01 20:13:48'),
(2000, 10, 'ADMIN_ANALYTICS_VIEWED', 'Admin loaded company-wide analytics dashboard.', '2025-12-01 20:17:30'),
(2001, 10, 'ADMIN_ANALYTICS_VIEWED', 'Admin loaded company-wide analytics dashboard.', '2025-12-01 20:21:36'),
(2002, 11, 'LOGIN_SUCCESS', 'User abalugo (Employee) successfully logged in.', '2025-12-01 20:23:45'),
(2003, 11, 'CLOCK_OUT_SUCCESS', 'Clocked out successfully from Kiosk. Log ID: 180. Duration: 13 hours, 2 minutes.', '2025-12-01 20:24:00'),
(2004, 11, 'CLOCK_IN_SUCCESS', 'Clocked in at 2025-12-02 11:24:12. Scheduled start: 2025-12-02 12:00:00. (Early Clock-in)', '2025-12-01 20:24:12'),
(2005, 10, 'PAYSLIP_VIEW_SUCCESS', 'EID 10 viewed PID 171 for EID 18.', '2025-12-01 20:32:55'),
(2006, 10, 'ADMIN_ANALYTICS_VIEWED', 'Admin loaded company-wide analytics dashboard.', '2025-12-01 20:33:00'),
(2007, 12, 'LOGIN_SUCCESS', 'User rariola (Employee) successfully logged in.', '2025-12-02 00:22:17'),
(2008, 12, 'CLOCK_IN_SUCCESS', 'Clocked in at 2025-12-02 15:22:35. Scheduled start: 2025-12-02 06:00:00. (Late Clock-in)', '2025-12-02 00:22:35'),
(2009, 10, 'LOGIN_SUCCESS', 'User kespiritu (HR Admin) successfully logged in.', '2025-12-02 01:22:31'),
(2010, 10, 'ADMIN_ANALYTICS_VIEWED', 'Admin loaded company-wide analytics dashboard.', '2025-12-02 01:22:33'),
(2011, 10, 'CLOCK_OUT_SUCCESS', 'Clocked out successfully from Kiosk. Log ID: 182. Duration: 9 hours, 11 minutes.', '2025-12-02 01:22:44'),
(2012, 10, 'LOGIN_SUCCESS', 'User kespiritu (HR Admin) successfully logged in.', '2025-12-02 05:49:09'),
(2013, 10, 'ADMIN_ANALYTICS_VIEWED', 'Admin loaded company-wide analytics dashboard.', '2025-12-02 05:49:11'),
(2014, 10, 'CA_ADDED', 'Added CA/VALE of 5000 for EID 13 on 2025-12-02.', '2025-12-02 05:49:23'),
(2015, 13, 'LOGIN_SUCCESS', 'User jcahinde (Employee) successfully logged in.', '2025-12-02 06:13:29'),
(2016, 13, 'CLOCK_OUT_SUCCESS', 'Clocked out successfully from Kiosk. Log ID: 183. Duration: 14 hours, 1 minutes.', '2025-12-02 06:13:45'),
(2017, 11, 'LOGIN_SUCCESS', 'User abalugo (Employee) successfully logged in.', '2025-12-02 07:00:46'),
(2018, 11, 'CLOCK_OUT_SUCCESS', 'Clocked out successfully from Kiosk. Log ID: 184. Duration: 10 hours, 0 minutes.', '2025-12-02 07:00:57'),
(2019, 12, 'LOGIN_SUCCESS', 'User rariola (Employee) successfully logged in.', '2025-12-02 14:32:15'),
(2020, 12, 'CLOCK_OUT_SUCCESS', 'Clocked out successfully from Kiosk. Log ID: 185. Duration: 14 hours, 11 minutes.', '2025-12-02 14:34:05'),
(2021, 13, 'LOGIN_SUCCESS', 'User jcahinde (Employee) successfully logged in.', '2025-12-02 16:08:50'),
(2022, 13, 'CLOCK_IN_SUCCESS', 'Clocked in at 2025-12-03 07:09:22. Scheduled start: 2025-12-03 07:00:00. (Late Clock-in)', '2025-12-02 16:09:22'),
(2023, 10, 'LOGIN_SUCCESS', 'User kespiritu (HR Admin) successfully logged in.', '2025-12-02 16:12:18'),
(2024, 10, 'ADMIN_ANALYTICS_VIEWED', 'Admin loaded company-wide analytics dashboard.', '2025-12-02 16:12:21'),
(2025, 10, 'CLOCK_IN_SUCCESS', 'Clocked in at 2025-12-03 07:12:36. Scheduled start: 2025-12-03 07:00:00. (Late Clock-in)', '2025-12-02 16:12:36'),
(2026, 10, 'LOGIN_SUCCESS', 'User kespiritu (HR Admin) successfully logged in.', '2025-12-02 16:40:00'),
(2027, 10, 'ADMIN_ANALYTICS_VIEWED', 'Admin loaded company-wide analytics dashboard.', '2025-12-02 16:40:02'),
(2028, 10, 'ADMIN_ANALYTICS_VIEWED', 'Admin loaded company-wide analytics dashboard.', '2025-12-02 16:49:48'),
(2029, 10, 'ADMIN_ANALYTICS_VIEWED', 'Admin loaded company-wide analytics dashboard.', '2025-12-02 16:49:58'),
(2030, 10, 'ADMIN_ANALYTICS_VIEWED', 'Admin loaded company-wide analytics dashboard.', '2025-12-02 16:50:14'),
(2031, 10, 'LOGIN_SUCCESS', 'User kespiritu (HR Admin) successfully logged in.', '2025-12-02 19:32:30'),
(2032, 10, 'ADMIN_ANALYTICS_VIEWED', 'Admin loaded company-wide analytics dashboard.', '2025-12-02 19:32:31');
INSERT INTO `audit_logs` (`log_id`, `employee_id`, `action`, `description`, `log_timestamp`) VALUES
(2033, 10, 'LOGIN_SUCCESS', 'User kespiritu (HR Admin) successfully logged in.', '2025-12-02 20:03:37'),
(2034, 10, 'ADMIN_ANALYTICS_VIEWED', 'Admin loaded company-wide analytics dashboard.', '2025-12-02 20:03:39'),
(2035, 11, 'LOGIN_SUCCESS', 'User abalugo (Employee) successfully logged in.', '2025-12-02 20:53:17'),
(2036, 11, 'CLOCK_IN_SUCCESS', 'Clocked in at 2025-12-03 11:53:47. Scheduled start: 2025-12-03 12:00:00. (Early Clock-in)', '2025-12-02 20:53:47'),
(2037, 10, 'LOGIN_SUCCESS', 'User kespiritu (HR Admin) successfully logged in.', '2025-12-03 00:09:25'),
(2038, 10, 'ADMIN_ANALYTICS_VIEWED', 'Admin loaded company-wide analytics dashboard.', '2025-12-03 00:09:27'),
(2039, 10, 'CA_ADDED', 'Added CA/VALE of 96 for EID 7 on 2025-12-02.', '2025-12-03 00:09:35'),
(2040, 10, 'CA_ADDED', 'Added CA/VALE of 145 for EID 12 on 2025-12-02.', '2025-12-03 00:09:48'),
(2041, 10, 'CA_ADDED', 'Added CA/VALE of 96 for EID 18 on 2025-12-02.', '2025-12-03 00:09:59'),
(2042, 10, 'LOGIN_SUCCESS', 'User kespiritu (HR Admin) successfully logged in.', '2025-12-03 01:04:38'),
(2043, 10, 'ADMIN_ANALYTICS_VIEWED', 'Admin loaded company-wide analytics dashboard.', '2025-12-03 01:04:40'),
(2044, 10, 'CLOCK_OUT_SUCCESS', 'Clocked out successfully from Kiosk. Log ID: 187. Duration: 8 hours, 52 minutes.', '2025-12-03 01:04:47'),
(2045, 12, 'LOGIN_SUCCESS', 'User rariola (Employee) successfully logged in.', '2025-12-03 01:06:14'),
(2046, 12, 'CLOCK_IN_SUCCESS', 'Clocked in at 2025-12-03 16:06:38. Scheduled start: 2025-12-03 06:00:00. (Late Clock-in)', '2025-12-03 01:06:38'),
(2047, 13, 'LOGIN_SUCCESS', 'User jcahinde (Employee) successfully logged in.', '2025-12-03 06:21:57'),
(2048, 13, 'CLOCK_OUT_SUCCESS', 'Clocked out successfully from Kiosk. Log ID: 186. Duration: 14 hours, 13 minutes.', '2025-12-03 06:22:27'),
(2049, 11, 'LOGIN_SUCCESS', 'User abalugo (Employee) successfully logged in.', '2025-12-03 07:04:43'),
(2050, 11, 'CLOCK_OUT_SUCCESS', 'Clocked out successfully from Kiosk. Log ID: 188. Duration: 10 hours, 5 minutes.', '2025-12-03 07:05:10'),
(2051, 11, 'CLOCK_IN_SUCCESS', 'Clocked in from break at 2025-12-03 22:05:12.', '2025-12-03 07:05:12'),
(2052, 12, 'LOGIN_SUCCESS', 'User rariola (Employee) successfully logged in.', '2025-12-03 14:34:57'),
(2053, 12, 'CLOCK_OUT_SUCCESS', 'Clocked out successfully from Kiosk. Log ID: 189. Duration: 13 hours, 28 minutes.', '2025-12-03 14:35:28'),
(2054, 7, 'LOGIN_SUCCESS', 'User rricamata (Super Admin) successfully logged in.', '2025-12-03 15:27:59'),
(2055, 7, 'ADMIN_ANALYTICS_VIEWED', 'Admin loaded company-wide analytics dashboard.', '2025-12-03 15:28:01'),
(2056, 13, 'LOGIN_SUCCESS', 'User jcahinde (Employee) successfully logged in.', '2025-12-03 16:07:56'),
(2057, 13, 'CLOCK_IN_SUCCESS', 'Clocked in at 2025-12-04 07:08:18. Scheduled start: 2025-12-04 07:00:00. (Late Clock-in)', '2025-12-03 16:08:18'),
(2058, 10, 'LOGIN_SUCCESS', 'User kespiritu (HR Admin) successfully logged in.', '2025-12-03 16:12:32'),
(2059, 10, 'ADMIN_ANALYTICS_VIEWED', 'Admin loaded company-wide analytics dashboard.', '2025-12-03 16:12:34'),
(2060, 10, 'CLOCK_IN_SUCCESS', 'Clocked in at 2025-12-04 07:12:42. Scheduled start: 2025-12-04 07:00:00. (Late Clock-in)', '2025-12-03 16:12:42'),
(2061, 10, 'LOGIN_SUCCESS', 'User kespiritu (HR Admin) successfully logged in.', '2025-12-03 16:18:20'),
(2062, 10, 'ADMIN_ANALYTICS_VIEWED', 'Admin loaded company-wide analytics dashboard.', '2025-12-03 16:18:22'),
(2063, 10, 'ADMIN_ANALYTICS_VIEWED', 'Admin loaded company-wide analytics dashboard.', '2025-12-03 16:18:22'),
(2064, 10, 'ADMIN_ANALYTICS_VIEWED', 'Admin loaded company-wide analytics dashboard.', '2025-12-03 17:21:52'),
(2065, 10, 'ADMIN_ANALYTICS_VIEWED', 'Admin loaded company-wide analytics dashboard.', '2025-12-03 17:22:46'),
(2066, 10, 'ADMIN_ANALYTICS_VIEWED', 'Admin loaded company-wide analytics dashboard.', '2025-12-03 17:25:25'),
(2067, 10, 'LOGIN_SUCCESS', 'User kespiritu (HR Admin) successfully logged in.', '2025-12-03 18:00:54'),
(2068, 10, 'ADMIN_ANALYTICS_VIEWED', 'Admin loaded company-wide analytics dashboard.', '2025-12-03 18:00:55'),
(2069, 11, 'LOGIN_SUCCESS', 'User abalugo (Employee) successfully logged in.', '2025-12-03 20:47:44'),
(2070, 11, 'CLOCK_OUT_SUCCESS', 'Clocked out successfully from Kiosk. Log ID: 190. Duration: 13 hours, 42 minutes.', '2025-12-03 20:48:02'),
(2071, 11, 'CLOCK_IN_SUCCESS', 'Clocked in at 2025-12-04 11:48:09. Scheduled start: 2025-12-04 12:00:00. (Early Clock-in)', '2025-12-03 20:48:09'),
(2072, 10, 'LOGIN_SUCCESS', 'User kespiritu (HR Admin) successfully logged in.', '2025-12-03 21:14:23'),
(2073, 10, 'LOGIN_SUCCESS', 'User kespiritu (HR Admin) successfully logged in.', '2025-12-03 22:07:41'),
(2074, 10, 'ADMIN_ANALYTICS_VIEWED', 'Admin loaded company-wide analytics dashboard.', '2025-12-03 22:07:43'),
(2075, 12, 'LOGIN_SUCCESS', 'User rariola (Employee) successfully logged in.', '2025-12-04 01:23:39'),
(2076, 12, 'CLOCK_IN_SUCCESS', 'Clocked in at 2025-12-04 16:25:18. Scheduled start: 2025-12-04 06:00:00. (Late Clock-in)', '2025-12-04 01:25:18'),
(2077, 13, 'LOGIN_SUCCESS', 'User jcahinde (Employee) successfully logged in.', '2025-12-04 05:58:53'),
(2078, 7, 'LOGIN_SUCCESS', 'User rricamata (Super Admin) successfully logged in.', '2025-12-04 06:01:14'),
(2079, 7, 'ADMIN_ANALYTICS_VIEWED', 'Admin loaded company-wide analytics dashboard.', '2025-12-04 06:01:16'),
(2080, 13, 'CLOCK_OUT_SUCCESS', 'Clocked out successfully from Kiosk. Log ID: 191. Duration: 13 hours, 53 minutes.', '2025-12-04 06:01:54'),
(2081, 11, 'LOGIN_SUCCESS', 'User abalugo (Employee) successfully logged in.', '2025-12-04 07:09:23'),
(2082, 7, 'LOGIN_SUCCESS', 'User rricamata (Super Admin) successfully logged in.', '2025-12-04 07:09:35'),
(2083, 7, 'LOGIN_SUCCESS', 'User rricamata (Super Admin) successfully logged in.', '2025-12-04 07:09:36'),
(2084, 7, 'ADMIN_ANALYTICS_VIEWED', 'Admin loaded company-wide analytics dashboard.', '2025-12-04 07:09:37'),
(2085, 11, 'CLOCK_OUT_SUCCESS', 'Clocked out successfully from Kiosk. Log ID: 193. Duration: 10 hours, 10 minutes.', '2025-12-04 07:10:02'),
(2086, 12, 'LOGIN_SUCCESS', 'User rariola (Employee) successfully logged in.', '2025-12-04 14:35:38'),
(2087, 10, 'LOGIN_SUCCESS', 'User kespiritu (HR Admin) successfully logged in.', '2025-12-04 14:36:06'),
(2088, 10, 'ADMIN_ANALYTICS_VIEWED', 'Admin loaded company-wide analytics dashboard.', '2025-12-04 14:37:07'),
(2089, 7, 'LOGIN_SUCCESS', 'User rricamata (Super Admin) successfully logged in.', '2025-12-04 15:40:28'),
(2090, 7, 'ADMIN_ANALYTICS_VIEWED', 'Admin loaded company-wide analytics dashboard.', '2025-12-04 15:40:29'),
(2091, 7, 'ATTENDANCE_UPDATED', 'Super Admin adjusted existing log ID 194 for EID 12.', '2025-12-04 15:41:16'),
(2092, 7, 'ATTENDANCE_ADDED', 'Super Admin manually added new log ID 195 for EID 12 on 2025-12-05.', '2025-12-04 15:41:35'),
(2093, 13, 'LOGIN_SUCCESS', 'User jcahinde (Employee) successfully logged in.', '2025-12-04 16:10:24'),
(2094, 13, 'LOGIN_SUCCESS', 'User jcahinde (Employee) successfully logged in.', '2025-12-04 16:10:25'),
(2095, 13, 'LOGIN_SUCCESS', 'User jcahinde (Employee) successfully logged in.', '2025-12-04 16:10:25'),
(2096, 13, 'LOGIN_SUCCESS', 'User jcahinde (Employee) successfully logged in.', '2025-12-04 16:11:12'),
(2097, 13, 'LOGIN_SUCCESS', 'User jcahinde (Employee) successfully logged in.', '2025-12-04 16:11:33'),
(2098, 13, 'LOGIN_SUCCESS', 'User jcahinde (Employee) successfully logged in.', '2025-12-04 16:11:33'),
(2099, 13, 'LOGIN_SUCCESS', 'User jcahinde (Employee) successfully logged in.', '2025-12-04 16:12:41'),
(2100, 13, 'LOGIN_SUCCESS', 'User jcahinde (Employee) successfully logged in.', '2025-12-04 16:12:46'),
(2101, 13, 'LOGIN_SUCCESS', 'User jcahinde (Employee) successfully logged in.', '2025-12-04 16:12:49'),
(2102, 13, 'LOGIN_SUCCESS', 'User jcahinde (Employee) successfully logged in.', '2025-12-04 16:12:52'),
(2103, 13, 'CLOCK_IN_SUCCESS', 'Clocked in at 2025-12-05 07:13:36. Scheduled start: 2025-12-05 07:00:00. (Late Clock-in)', '2025-12-04 16:13:36'),
(2104, 11, 'LOGIN_SUCCESS', 'User abalugo (Employee) successfully logged in.', '2025-12-04 18:50:12'),
(2105, 11, 'CLOCK_IN_SUCCESS', 'Clocked in at 2025-12-05 09:50:50. Scheduled start: 2025-12-05 12:00:00. (Early Clock-in)', '2025-12-04 18:50:50'),
(2106, 7, 'LOGIN_SUCCESS', 'User rricamata (Super Admin) successfully logged in.', '2025-12-05 04:11:18'),
(2107, 7, 'ADMIN_ANALYTICS_VIEWED', 'Admin loaded company-wide analytics dashboard.', '2025-12-05 04:11:20'),
(2108, 0, 'LOGIN_FAILED', 'Failed login attempt for email: test@gmail.com from IP: 136.158.79.182', '2025-12-05 04:21:32'),
(2109, 0, 'LOGIN_FAILED', 'Failed login attempt for email: test@gmail.com from IP: 136.158.79.182', '2025-12-05 04:21:42'),
(2110, 0, 'LOGIN_FAILED', 'Failed login attempt for email: test@gmail.com from IP: 136.158.79.182', '2025-12-05 04:21:43'),
(2111, 0, 'LOGIN_FAILED', 'Failed login attempt for email: test@gmail.com from IP: 136.158.79.182', '2025-12-05 04:21:44'),
(2112, 0, 'LOGIN_FAILED', 'Failed login attempt for email: test@gmail.com from IP: 136.158.79.182', '2025-12-05 04:21:44'),
(2113, 0, 'LOGIN_FAILED', 'Failed login attempt for email: test@gmail.com from IP: 136.158.79.182', '2025-12-05 04:21:50'),
(2114, 0, 'LOGIN_FAILED', 'Failed login attempt for email: test@gmail.com from IP: 136.158.79.182', '2025-12-05 04:21:51'),
(2115, 0, 'LOGIN_FAILED', 'Failed login attempt for email: test@gmail.com from IP: 136.158.79.182', '2025-12-05 04:21:52'),
(2116, 0, 'LOGIN_FAILED', 'Failed login attempt for email: test@gmail.com from IP: 136.158.79.182', '2025-12-05 04:21:52'),
(2117, 0, 'LOGIN_FAILED', 'Failed login attempt for email: test@gmail.com from IP: 136.158.79.182', '2025-12-05 04:21:52'),
(2118, 0, 'LOGIN_FAILED', 'Failed login attempt for email: test@gmail.com from IP: 112.198.204.185', '2025-12-05 04:44:09'),
(2119, 0, 'LOGIN_FAILED', 'Failed login attempt for email: test@gmail.com from IP: 112.198.204.185', '2025-12-05 04:44:10'),
(2120, 0, 'LOGIN_FAILED', 'Failed login attempt for email: test@gmail.com from IP: 112.198.204.185', '2025-12-05 04:44:16'),
(2121, 0, 'LOGIN_FAILED', 'Failed login attempt for email: test@gmail.com from IP: 112.198.204.185', '2025-12-05 04:44:17'),
(2122, 0, 'LOGIN_FAILED', 'Failed login attempt for email: test@gmail.com from IP: 112.198.204.185', '2025-12-05 04:44:36'),
(2123, 0, 'LOGIN_FAILED', 'Failed login attempt for email: test@gmail.com from IP: 112.198.204.185', '2025-12-05 04:44:37'),
(2124, 0, 'LOGIN_FAILED', 'Failed login attempt for email: test@gmail.com from IP: 112.198.204.185', '2025-12-05 04:44:38'),
(2125, 0, 'LOGIN_FAILED', 'Failed login attempt for email: test@gmail.com from IP: 112.198.204.185', '2025-12-05 04:44:38'),
(2126, 0, 'LOGIN_FAILED', 'Failed login attempt for email: test@gmail.com from IP: 112.198.204.185', '2025-12-05 04:44:38'),
(2127, 0, 'LOGIN_FAILED', 'Failed login attempt for email: test@gmail.com from IP: 112.198.204.185', '2025-12-05 04:44:52'),
(2128, 0, 'LOGIN_FAILED', 'Failed login attempt for email: test@gmail.com from IP: 112.198.204.185', '2025-12-05 04:44:55'),
(2129, 0, 'LOGIN_FAILED', 'Failed login attempt for email: test1@gmail.com from IP: 112.198.204.185', '2025-12-05 04:45:43'),
(2130, 0, 'LOGIN_FAILED', 'Failed login attempt for email: test1@gmail.com from IP: 112.198.204.185', '2025-12-05 04:45:43'),
(2131, 0, 'LOGIN_FAILED', 'Failed login attempt for email: test1@gmail.com from IP: 112.198.204.185', '2025-12-05 04:45:44'),
(2132, 0, 'LOGIN_FAILED', 'Failed login attempt for email: test1@gmail.com from IP: 112.198.204.185', '2025-12-05 04:45:44'),
(2133, 0, 'LOGIN_FAILED', 'Failed login attempt for email: test1@gmail.com from IP: 112.198.204.185', '2025-12-05 04:45:44'),
(2134, 0, 'LOGIN_FAILED', 'Failed login attempt for email: test1@gmail.com from IP: 112.198.204.185', '2025-12-05 04:45:44'),
(2135, 0, 'LOGIN_FAILED', 'Failed login attempt for email: test1@gmail.com from IP: 112.198.204.185', '2025-12-05 04:45:44'),
(2136, 0, 'LOGIN_FAILED', 'Failed login attempt for email: test1@gmail.com from IP: 112.198.204.185', '2025-12-05 04:45:45'),
(2137, 0, 'LOGIN_FAILED', 'Failed login attempt for email: test1@gmail.com from IP: 112.198.204.185', '2025-12-05 04:45:45'),
(2138, 0, 'LOGIN_FAILED', 'Failed login attempt for email: test1@gmail.com from IP: 112.198.204.185', '2025-12-05 04:45:46'),
(2139, 0, 'LOGIN_FAILED', 'Failed login attempt for email: test1@gmail.com from IP: 112.198.204.185', '2025-12-05 04:45:46'),
(2140, 0, 'LOGIN_FAILED', 'Failed login attempt for email: test1@gmail.com from IP: 112.198.204.185', '2025-12-05 04:45:47'),
(2141, 13, 'LOGIN_SUCCESS', 'User jcahinde (Employee) successfully logged in.', '2025-12-05 06:03:36'),
(2142, 7, 'LOGIN_SUCCESS', 'User rricamata (Super Admin) successfully logged in.', '2025-12-05 06:03:51'),
(2143, 7, 'ADMIN_ANALYTICS_VIEWED', 'Admin loaded company-wide analytics dashboard.', '2025-12-05 06:03:52'),
(2144, 13, 'CLOCK_OUT_SUCCESS', 'Clocked out successfully from Kiosk. Log ID: 196. Duration: 13 hours, 50 minutes.', '2025-12-05 06:04:07'),
(2145, 7, 'ATTENDANCE_UPDATED', 'Super Admin adjusted existing log ID 197 for EID 11.', '2025-12-05 06:05:11'),
(2146, 7, 'ATTENDANCE_UPDATED', 'Super Admin adjusted existing log ID 195 for EID 12.', '2025-12-05 06:05:26'),
(2147, 7, 'ATTENDANCE_UPDATED', 'Super Admin adjusted existing log ID 192 for EID 10.', '2025-12-05 06:05:36'),
(2148, 7, 'ATTENDANCE_ADDED', 'Super Admin manually added new log ID 198 for EID 7 on 2025-12-05.', '2025-12-05 06:06:05'),
(2149, 11, 'LOGIN_SUCCESS', 'User abalugo (Employee) successfully logged in.', '2025-12-05 06:25:28'),
(2150, 7, 'ADMIN_ANALYTICS_VIEWED', 'Admin loaded company-wide analytics dashboard.', '2025-12-05 06:25:45'),
(2151, 7, 'ATTENDANCE_UPDATED', 'Super Admin adjusted existing log ID 197 for EID 11.', '2025-12-05 06:26:01'),
(2152, 7, 'LOGIN_SUCCESS', 'User rricamata (Super Admin) successfully logged in.', '2025-12-05 22:12:25'),
(2153, 7, 'ADMIN_ANALYTICS_VIEWED', 'Admin loaded company-wide analytics dashboard.', '2025-12-05 22:12:27'),
(2154, 7, 'REPORT_GENERATED', 'Generated Payroll Summary (Nov 6, 2025 - Dec 6, 2025). Filters: Type=payroll_summary, Start=2025-11-06, End=2025-12-06, Dept=all', '2025-12-05 22:12:52'),
(2155, 7, 'LOGIN_SUCCESS', 'User rricamata (Super Admin) successfully logged in.', '2025-12-06 16:58:05'),
(2156, 7, 'ADMIN_ANALYTICS_VIEWED', 'Admin loaded company-wide analytics dashboard.', '2025-12-06 16:58:07'),
(2157, 7, 'ATTENDANCE_ADDED', 'Super Admin manually added new log ID 199 for EID 11 on 2025-12-06.', '2025-12-06 16:58:44'),
(2158, 7, 'ADMIN_ANALYTICS_VIEWED', 'Admin loaded company-wide analytics dashboard.', '2025-12-06 16:58:58'),
(2159, 12, 'LOGIN_SUCCESS', 'User rariola (Employee) successfully logged in.', '2025-12-07 14:26:03'),
(2160, 10, 'LOGIN_SUCCESS', 'User kespiritu (HR Admin) successfully logged in.', '2025-12-07 16:07:04'),
(2161, 10, 'ADMIN_ANALYTICS_VIEWED', 'Admin loaded company-wide analytics dashboard.', '2025-12-07 16:07:07'),
(2162, 10, 'LOGIN_SUCCESS', 'User kespiritu (HR Admin) successfully logged in.', '2025-12-07 16:09:38'),
(2163, 10, 'ADMIN_ANALYTICS_VIEWED', 'Admin loaded company-wide analytics dashboard.', '2025-12-07 16:09:39'),
(2164, 10, 'ADMIN_ANALYTICS_VIEWED', 'Admin loaded company-wide analytics dashboard.', '2025-12-07 16:09:48'),
(2165, 10, 'CA_ADDED', 'Added CA/VALE of 500 for EID 14 on 2025-12-03.', '2025-12-07 16:28:00'),
(2166, 10, 'CA_ADDED', 'Added CA/VALE of 1000 for EID 13 on 2025-12-03.', '2025-12-07 16:28:10'),
(2167, 10, 'CA_ADDED', 'Added CA/VALE of 80 for EID 14 on 2025-12-04.', '2025-12-07 16:28:34'),
(2168, 10, 'CA_ADDED', 'Added CA/VALE of 80 for EID 18 on 2025-12-04.', '2025-12-07 16:28:40'),
(2169, 10, 'CA_ADDED', 'Added CA/VALE of 200 for EID 14 on 2025-12-04.', '2025-12-07 16:28:52'),
(2170, 10, 'CA_ADDED', 'Added CA/VALE of 50 for EID 18 on 2025-12-04.', '2025-12-07 16:29:01'),
(2171, 10, 'CA_ADDED', 'Added CA/VALE of 80 for EID 7 on 2025-12-04.', '2025-12-07 16:29:27'),
(2172, 10, 'CA_ADDED', 'Added CA/VALE of 80 for EID 15 on 2025-12-04.', '2025-12-07 16:29:36'),
(2173, 10, 'CA_ADDED', 'Added CA/VALE of 103 for EID 7 on 2025-12-04.', '2025-12-07 16:29:46'),
(2174, 10, 'CA_ADDED', 'Added CA/VALE of 150 for EID 11 on 2025-12-05.', '2025-12-07 16:30:08'),
(2175, 10, 'CA_ADDED', 'Added CA/VALE of 300 for EID 14 on 2025-12-05.', '2025-12-07 16:30:24'),
(2176, 10, 'CA_ADDED', 'Added CA/VALE of 400 for EID 14 on 2025-12-05.', '2025-12-07 16:30:32'),
(2177, 10, 'CA_ADDED', 'Added CA/VALE of 300 for EID 18 on 2025-12-05.', '2025-12-07 16:30:42'),
(2178, 10, 'CA_ADDED', 'Added CA/VALE of 200 for EID 17 on 2025-12-05.', '2025-12-07 16:31:02'),
(2179, 10, 'CA_ADDED', 'Added CA/VALE of 100 for EID 11 on 2025-12-05.', '2025-12-07 16:31:14'),
(2180, 10, 'CA_ADDED', 'Added CA/VALE of 147 for EID 7 on 2025-12-05.', '2025-12-07 16:31:31'),
(2181, 10, 'CA_ADDED', 'Added CA/VALE of 136 for EID 15 on 2025-12-05.', '2025-12-07 16:31:50'),
(2182, 10, 'CA_ADDED', 'Added CA/VALE of 100 for EID 7 on 2025-12-05.', '2025-12-07 16:32:02'),
(2183, 10, 'CA_ADDED', 'Added CA/VALE of 300 for EID 14 on 2025-12-06.', '2025-12-07 16:32:14'),
(2184, 10, 'CA_ADDED', 'Added CA/VALE of 500 for EID 7 on 2025-12-06.', '2025-12-07 16:32:26'),
(2185, 10, 'CA_ADDED', 'Added CA/VALE of 400 for EID 7 on 2025-12-06.', '2025-12-07 16:32:34'),
(2186, 10, 'CA_ADDED', 'Added CA/VALE of 200 for EID 11 on 2025-12-07.', '2025-12-07 16:32:48'),
(2187, 10, 'CA_ADDED', 'Added CA/VALE of 2000 for EID 14 on 2025-12-07.', '2025-12-07 16:32:54'),
(2188, 10, 'LOGIN_SUCCESS', 'User kespiritu (HR Admin) successfully logged in.', '2025-12-07 17:14:40'),
(2189, 10, 'ADMIN_ANALYTICS_VIEWED', 'Admin loaded company-wide analytics dashboard.', '2025-12-07 17:14:42'),
(2190, 10, 'LOGIN_SUCCESS', 'User kespiritu (HR Admin) successfully logged in.', '2025-12-07 20:13:46'),
(2191, 10, 'ADMIN_ANALYTICS_VIEWED', 'Admin loaded company-wide analytics dashboard.', '2025-12-07 20:13:48'),
(2192, 10, 'ADMIN_ANALYTICS_VIEWED', 'Admin loaded company-wide analytics dashboard.', '2025-12-07 20:13:54'),
(2193, 10, 'ADMIN_ANALYTICS_VIEWED', 'Admin loaded company-wide analytics dashboard.', '2025-12-07 20:32:46'),
(2194, 10, 'ADMIN_ANALYTICS_VIEWED', 'Admin loaded company-wide analytics dashboard.', '2025-12-07 20:34:23'),
(2195, 10, 'ADMIN_ANALYTICS_VIEWED', 'Admin loaded company-wide analytics dashboard.', '2025-12-07 21:04:20'),
(2196, 10, 'ADMIN_ANALYTICS_VIEWED', 'Admin loaded company-wide analytics dashboard.', '2025-12-07 21:05:19'),
(2197, 10, 'ADMIN_ANALYTICS_VIEWED', 'Admin loaded company-wide analytics dashboard.', '2025-12-07 21:05:22'),
(2198, 10, 'ADMIN_ANALYTICS_VIEWED', 'Admin loaded company-wide analytics dashboard.', '2025-12-07 21:05:33'),
(2199, 10, 'LOGIN_SUCCESS', 'User kespiritu (HR Admin) successfully logged in.', '2025-12-07 23:41:19'),
(2200, 10, 'ADMIN_ANALYTICS_VIEWED', 'Admin loaded company-wide analytics dashboard.', '2025-12-07 23:41:20'),
(2201, 10, 'CA_ADDED', 'Added CA/VALE of 1000 for EID 7 on 2025-12-06.', '2025-12-07 23:41:41'),
(2202, 10, 'CA_ADDED', 'Added CA/VALE of 137 for EID 7 on 2025-12-08.', '2025-12-07 23:41:54'),
(2203, 10, 'CA_ADDED', 'Added CA/VALE of 143 for EID 12 on 2025-12-07.', '2025-12-07 23:42:53'),
(2204, 10, 'ADMIN_ANALYTICS_VIEWED', 'Admin loaded company-wide analytics dashboard.', '2025-12-08 00:17:45'),
(2205, 10, 'ADMIN_ANALYTICS_VIEWED', 'Admin loaded company-wide analytics dashboard.', '2025-12-08 00:40:49'),
(2206, 10, 'ADMIN_ANALYTICS_VIEWED', 'Admin loaded company-wide analytics dashboard.', '2025-12-08 01:04:34'),
(2207, 7, 'LOGIN_SUCCESS', 'User rricamata (Super Admin) successfully logged in.', '2025-12-08 14:07:58'),
(2208, 7, 'ADMIN_ANALYTICS_VIEWED', 'Admin loaded company-wide analytics dashboard.', '2025-12-08 14:07:59'),
(2209, 7, 'ATTENDANCE_ADDED', 'Super Admin manually added new log ID 200 for EID 12 on 2025-12-08.', '2025-12-08 14:08:52'),
(2210, 7, 'ATTENDANCE_UPDATED', 'Super Admin adjusted existing log ID 200 for EID 12.', '2025-12-08 14:09:49'),
(2211, 7, 'ATTENDANCE_ADDED', 'Super Admin manually added new log ID 201 for EID 10 on 2025-12-08.', '2025-12-08 14:10:40'),
(2212, 7, 'ATTENDANCE_UPDATED', 'Super Admin adjusted existing log ID 201 for EID 10.', '2025-12-08 14:11:44'),
(2213, 7, 'ATTENDANCE_UPDATED', 'Super Admin adjusted existing log ID 201 for EID 10.', '2025-12-08 14:12:13'),
(2214, 7, 'ATTENDANCE_ADDED', 'Super Admin manually added new log ID 202 for EID 11 on 2025-12-08.', '2025-12-08 14:12:34'),
(2215, 7, 'ATTENDANCE_ADDED', 'Super Admin manually added new log ID 203 for EID 15 on 2025-12-08.', '2025-12-08 14:12:58'),
(2216, 7, 'ATTENDANCE_UPDATED', 'Super Admin adjusted existing log ID 199 for EID 11.', '2025-12-08 14:13:51'),
(2217, 7, 'ADMIN_ANALYTICS_VIEWED', 'Admin loaded company-wide analytics dashboard.', '2025-12-08 14:14:54'),
(2218, 7, 'ADMIN_ANALYTICS_VIEWED', 'Admin loaded company-wide analytics dashboard.', '2025-12-08 14:15:02'),
(2219, 7, 'LOGIN_SUCCESS', 'User rricamata (Super Admin) successfully logged in.', '2025-12-08 14:33:20'),
(2220, 7, 'ADMIN_ANALYTICS_VIEWED', 'Admin loaded company-wide analytics dashboard.', '2025-12-08 14:33:22'),
(2221, 7, 'ATTENDANCE_ADDED', 'Super Admin manually added new log ID 204 for EID 12 on 2025-12-09.', '2025-12-08 14:37:09'),
(2222, 10, 'LOGIN_SUCCESS', 'User kespiritu (HR Admin) successfully logged in.', '2025-12-08 16:28:50'),
(2223, 10, 'ADMIN_ANALYTICS_VIEWED', 'Admin loaded company-wide analytics dashboard.', '2025-12-08 16:28:51'),
(2224, 10, 'CA_ADDED', 'Added CA/VALE of 200 for EID 11 on 2025-12-08.', '2025-12-08 16:29:13'),
(2225, 10, 'CA_ADDED', 'Added CA/VALE of 100 for EID 18 on 2025-12-08.', '2025-12-08 16:29:19'),
(2226, 10, 'CA_ADDED', 'Added CA/VALE of 100 for EID 4 on 2025-12-08.', '2025-12-08 16:35:37'),
(2227, 10, 'LOGIN_SUCCESS', 'User kespiritu (HR Admin) successfully logged in.', '2025-12-08 20:05:43'),
(2228, 10, 'ADMIN_ANALYTICS_VIEWED', 'Admin loaded company-wide analytics dashboard.', '2025-12-08 20:05:44'),
(2229, 10, 'ADMIN_ANALYTICS_VIEWED', 'Admin loaded company-wide analytics dashboard.', '2025-12-08 20:06:12'),
(2230, 10, 'ADMIN_ANALYTICS_VIEWED', 'Admin loaded company-wide analytics dashboard.', '2025-12-08 20:06:23'),
(2231, 10, 'ADMIN_ANALYTICS_VIEWED', 'Admin loaded company-wide analytics dashboard.', '2025-12-08 20:06:31'),
(2232, 10, 'ADMIN_ANALYTICS_VIEWED', 'Admin loaded company-wide analytics dashboard.', '2025-12-08 20:06:42'),
(2233, 10, 'ADMIN_ANALYTICS_VIEWED', 'Admin loaded company-wide analytics dashboard.', '2025-12-08 20:07:04'),
(2234, 10, 'ADMIN_ANALYTICS_VIEWED', 'Admin loaded company-wide analytics dashboard.', '2025-12-08 20:07:09'),
(2235, 10, 'ADMIN_ANALYTICS_VIEWED', 'Admin loaded company-wide analytics dashboard.', '2025-12-08 20:07:21'),
(2236, 10, 'ADMIN_ANALYTICS_VIEWED', 'Admin loaded company-wide analytics dashboard.', '2025-12-08 20:07:26'),
(2237, 10, 'ADMIN_ANALYTICS_VIEWED', 'Admin loaded company-wide analytics dashboard.', '2025-12-08 20:07:30'),
(2238, 10, 'CA_DELETED', 'Soft deleted pending CA transaction ID 213.', '2025-12-08 20:07:52'),
(2239, 10, 'CA_ADDED', 'Added CA/VALE of 100.01 for EID 7 on 2025-12-08.', '2025-12-08 20:08:02'),
(2240, 10, 'ADMIN_ANALYTICS_VIEWED', 'Admin loaded company-wide analytics dashboard.', '2025-12-08 20:08:04'),
(2241, 10, 'ADMIN_ANALYTICS_VIEWED', 'Admin loaded company-wide analytics dashboard.', '2025-12-08 20:08:07'),
(2242, 10, 'ADMIN_ANALYTICS_VIEWED', 'Admin loaded company-wide analytics dashboard.', '2025-12-08 20:08:14'),
(2243, 10, 'ADMIN_ANALYTICS_VIEWED', 'Admin loaded company-wide analytics dashboard.', '2025-12-08 20:08:30'),
(2244, 10, 'ADMIN_ANALYTICS_VIEWED', 'Admin loaded company-wide analytics dashboard.', '2025-12-08 20:08:32'),
(2245, 10, 'ADMIN_ANALYTICS_VIEWED', 'Admin loaded company-wide analytics dashboard.', '2025-12-08 20:27:10'),
(2246, 13, 'LOGIN_SUCCESS', 'User jcahinde (Employee) successfully logged in.', '2025-12-08 22:24:38'),
(2247, 7, 'LOGIN_SUCCESS', 'User rricamata (Super Admin) successfully logged in.', '2025-12-08 22:25:34'),
(2248, 7, 'ADMIN_ANALYTICS_VIEWED', 'Admin loaded company-wide analytics dashboard.', '2025-12-08 22:25:35'),
(2249, 7, 'ATTENDANCE_ADDED', 'Super Admin manually added new log ID 205 for EID 13 on 2025-12-09.', '2025-12-08 22:25:56'),
(2250, 10, 'LOGIN_SUCCESS', 'User kespiritu (HR Admin) successfully logged in.', '2025-12-08 23:43:40'),
(2251, 10, 'ADMIN_ANALYTICS_VIEWED', 'Admin loaded company-wide analytics dashboard.', '2025-12-08 23:43:42'),
(2252, 10, 'CA_ADDED', 'Added CA/VALE of 434 for EID 11 on 2025-12-09.', '2025-12-08 23:43:53'),
(2253, 10, 'CA_ADDED', 'Added CA/VALE of 100 for EID 18 on 2025-12-09.', '2025-12-08 23:43:58'),
(2254, 10, 'CA_ADDED', 'Added CA/VALE of 150 for EID 14 on 2025-12-09.', '2025-12-08 23:44:02'),
(2255, 10, 'CA_ADDED', 'Added CA/VALE of 100 for EID 12 on 2025-12-09.', '2025-12-08 23:47:39'),
(2256, 10, 'CA_ADDED', 'Added CA/VALE of 100 for EID 11 on 2025-12-09.', '2025-12-08 23:47:42'),
(2257, 10, 'CA_ADDED', 'Added CA/VALE of 100 for EID 15 on 2025-12-09.', '2025-12-08 23:47:46'),
(2258, 10, 'CA_ADDED', 'Added CA/VALE of 100 for EID 10 on 2025-12-09.', '2025-12-08 23:47:50'),
(2259, 10, 'CA_ADDED', 'Added CA/VALE of 100 for EID 14 on 2025-12-09.', '2025-12-08 23:47:53'),
(2260, 10, 'CA_ADDED', 'Added CA/VALE of 100 for EID 18 on 2025-12-09.', '2025-12-08 23:47:56'),
(2261, 10, 'CA_ADDED', 'Added CA/VALE of 100 for EID 17 on 2025-12-09.', '2025-12-08 23:48:02'),
(2262, 10, 'ADMIN_ANALYTICS_VIEWED', 'Admin loaded company-wide analytics dashboard.', '2025-12-08 23:53:30'),
(2263, 10, 'ADMIN_ANALYTICS_VIEWED', 'Admin loaded company-wide analytics dashboard.', '2025-12-08 23:53:35'),
(2264, 10, 'ADMIN_ANALYTICS_VIEWED', 'Admin loaded company-wide analytics dashboard.', '2025-12-08 23:53:56'),
(2265, 7, 'LOGIN_SUCCESS', 'User rricamata (Super Admin) successfully logged in.', '2025-12-09 00:44:28'),
(2266, 7, 'ADMIN_ANALYTICS_VIEWED', 'Admin loaded company-wide analytics dashboard.', '2025-12-09 00:44:30'),
(2267, 7, 'ATTENDANCE_UPDATED', 'Super Admin adjusted existing log ID 204 for EID 12.', '2025-12-09 00:44:55'),
(2268, 7, 'LOGIN_SUCCESS', 'User rricamata (Super Admin) successfully logged in.', '2025-12-09 05:51:35'),
(2269, 7, 'ADMIN_ANALYTICS_VIEWED', 'Admin loaded company-wide analytics dashboard.', '2025-12-09 05:51:40'),
(2270, 7, 'LOGIN_SUCCESS', 'User rricamata (Super Admin) successfully logged in.', '2025-12-09 13:22:47'),
(2271, 7, 'ADMIN_ANALYTICS_VIEWED', 'Admin loaded company-wide analytics dashboard.', '2025-12-09 13:22:48'),
(2272, 7, 'LOGIN_SUCCESS', 'User rricamata (Super Admin) successfully logged in.', '2025-12-09 13:46:39'),
(2273, 7, 'ADMIN_ANALYTICS_VIEWED', 'Admin loaded company-wide analytics dashboard.', '2025-12-09 13:46:41'),
(2274, 7, 'PAYSLIP_VIEW_SUCCESS', 'EID 7 viewed PID 166 for EID 12.', '2025-12-09 13:46:56'),
(2275, 7, 'ADMIN_ANALYTICS_VIEWED', 'Admin loaded company-wide analytics dashboard.', '2025-12-09 13:47:10'),
(2276, 7, 'LOGIN_SUCCESS', 'User rricamata (Super Admin) successfully logged in.', '2025-12-09 13:47:32'),
(2277, 7, 'ADMIN_ANALYTICS_VIEWED', 'Admin loaded company-wide analytics dashboard.', '2025-12-09 13:47:33'),
(2278, 7, 'ATTENDANCE_UPDATED', 'Super Admin adjusted existing log ID 205 for EID 13.', '2025-12-09 13:48:57'),
(2279, 7, 'ATTENDANCE_ADDED', 'Super Admin manually added new log ID 206 for EID 10 on 2025-12-09.', '2025-12-09 13:49:24'),
(2280, 7, 'ATTENDANCE_ADDED', 'Super Admin manually added new log ID 207 for EID 11 on 2025-12-09.', '2025-12-09 13:50:35'),
(2281, 10, 'LOGIN_SUCCESS', 'User kespiritu (HR Admin) successfully logged in.', '2025-12-09 16:08:48'),
(2282, 10, 'ADMIN_ANALYTICS_VIEWED', 'Admin loaded company-wide analytics dashboard.', '2025-12-09 16:08:49'),
(2283, 10, 'ADMIN_ANALYTICS_VIEWED', 'Admin loaded company-wide analytics dashboard.', '2025-12-09 16:09:06'),
(2284, 10, 'LOGIN_SUCCESS', 'User kespiritu (HR Admin) successfully logged in.', '2025-12-09 17:08:50'),
(2285, 10, 'ADMIN_ANALYTICS_VIEWED', 'Admin loaded company-wide analytics dashboard.', '2025-12-09 17:08:52'),
(2286, 10, 'LOGIN_SUCCESS', 'User kespiritu (HR Admin) successfully logged in.', '2025-12-09 20:08:32'),
(2287, 10, 'ADMIN_ANALYTICS_VIEWED', 'Admin loaded company-wide analytics dashboard.', '2025-12-09 20:08:33'),
(2288, 10, 'CA_ADDED', 'Added CA/VALE of 153 for EID 18 on 2025-12-10.', '2025-12-09 20:08:50'),
(2289, 10, 'ADMIN_ANALYTICS_VIEWED', 'Admin loaded company-wide analytics dashboard.', '2025-12-09 20:10:41'),
(2290, 10, 'CA_ADDED', 'Added CA/VALE of 1500 for EID 11 on 2025-12-10.', '2025-12-09 20:10:51'),
(2291, 10, 'LOGIN_SUCCESS', 'User kespiritu (HR Admin) successfully logged in.', '2025-12-09 22:24:09'),
(2292, 10, 'ADMIN_ANALYTICS_VIEWED', 'Admin loaded company-wide analytics dashboard.', '2025-12-09 22:24:11'),
(2293, 10, 'LOGIN_SUCCESS', 'User kespiritu (HR Admin) successfully logged in.', '2025-12-09 23:44:36'),
(2294, 10, 'ADMIN_ANALYTICS_VIEWED', 'Admin loaded company-wide analytics dashboard.', '2025-12-09 23:44:38'),
(2295, 10, 'CA_ADDED', 'Added CA/VALE of 1000 for EID 7 on 2025-12-10.', '2025-12-09 23:45:13'),
(2296, 10, 'ADMIN_ANALYTICS_VIEWED', 'Admin loaded company-wide analytics dashboard.', '2025-12-09 23:45:16'),
(2297, 10, 'ADMIN_ANALYTICS_VIEWED', 'Admin loaded company-wide analytics dashboard.', '2025-12-09 23:45:25'),
(2298, 10, 'ADMIN_ANALYTICS_VIEWED', 'Admin loaded company-wide analytics dashboard.', '2025-12-09 23:45:31'),
(2299, 10, 'ADMIN_ANALYTICS_VIEWED', 'Admin loaded company-wide analytics dashboard.', '2025-12-09 23:46:13'),
(2300, 10, 'ADMIN_ANALYTICS_VIEWED', 'Admin loaded company-wide analytics dashboard.', '2025-12-09 23:46:36'),
(2301, 10, 'ADMIN_ANALYTICS_VIEWED', 'Admin loaded company-wide analytics dashboard.', '2025-12-09 23:46:43'),
(2302, 10, 'ADMIN_ANALYTICS_VIEWED', 'Admin loaded company-wide analytics dashboard.', '2025-12-09 23:52:52'),
(2303, 10, 'ADMIN_ANALYTICS_VIEWED', 'Admin loaded company-wide analytics dashboard.', '2025-12-09 23:53:06'),
(2304, 10, 'LOGIN_SUCCESS', 'User kespiritu (HR Admin) successfully logged in.', '2025-12-10 01:00:51'),
(2305, 10, 'ADMIN_ANALYTICS_VIEWED', 'Admin loaded company-wide analytics dashboard.', '2025-12-10 01:00:53'),
(2306, 10, 'CA_ADDED', 'Added CA/VALE of 290 for EID 11 on 2025-12-10.', '2025-12-10 01:01:14'),
(2307, 7, 'LOGIN_SUCCESS', 'User rricamata (Super Admin) successfully logged in.', '2025-12-10 06:16:46'),
(2308, 7, 'ADMIN_ANALYTICS_VIEWED', 'Admin loaded company-wide analytics dashboard.', '2025-12-10 06:16:47'),
(2309, 10, 'LOGIN_SUCCESS', 'User kespiritu (HR Admin) successfully logged in.', '2025-12-10 16:13:50'),
(2310, 10, 'ADMIN_ANALYTICS_VIEWED', 'Admin loaded company-wide analytics dashboard.', '2025-12-10 16:13:52'),
(2311, 10, 'CA_ADDED', 'Added CA/VALE of 200 for EID 11 on 2025-12-10.', '2025-12-10 16:14:12'),
(2312, 10, 'ADMIN_ANALYTICS_VIEWED', 'Admin loaded company-wide analytics dashboard.', '2025-12-10 16:15:51'),
(2313, 10, 'ADMIN_ANALYTICS_VIEWED', 'Admin loaded company-wide analytics dashboard.', '2025-12-10 16:36:06'),
(2314, 10, 'CA_ADDED', 'Added CA/VALE of 3000 for EID 15 on 2025-12-10.', '2025-12-10 16:36:45'),
(2315, 10, 'CA_ADDED', 'Added CA/VALE of 2000 for EID 7 on 2025-12-10.', '2025-12-10 16:36:55'),
(2316, 10, 'ADMIN_ANALYTICS_VIEWED', 'Admin loaded company-wide analytics dashboard.', '2025-12-10 16:38:37'),
(2317, 10, 'ADMIN_ANALYTICS_VIEWED', 'Admin loaded company-wide analytics dashboard.', '2025-12-10 16:54:03'),
(2318, 10, 'CA_ADDED', 'Added CA/VALE of 1000 for EID 7 on 2025-12-10.', '2025-12-10 16:54:14'),
(2319, 10, 'CA_ADDED', 'Added CA/VALE of 2000 for EID 7 on 2025-12-10.', '2025-12-10 16:54:21'),
(2320, 10, 'LOGIN_SUCCESS', 'User kespiritu (HR Admin) successfully logged in.', '2025-12-10 17:38:02'),
(2321, 10, 'ADMIN_ANALYTICS_VIEWED', 'Admin loaded company-wide analytics dashboard.', '2025-12-10 17:38:03'),
(2322, 10, 'ADMIN_ANALYTICS_VIEWED', 'Admin loaded company-wide analytics dashboard.', '2025-12-10 17:38:48'),
(2323, 10, 'ADMIN_ANALYTICS_VIEWED', 'Admin loaded company-wide analytics dashboard.', '2025-12-10 17:48:29'),
(2324, 10, 'ADMIN_ANALYTICS_VIEWED', 'Admin loaded company-wide analytics dashboard.', '2025-12-10 17:48:54'),
(2325, 10, 'LOGIN_SUCCESS', 'User kespiritu (HR Admin) successfully logged in.', '2025-12-10 20:00:45'),
(2326, 10, 'ADMIN_ANALYTICS_VIEWED', 'Admin loaded company-wide analytics dashboard.', '2025-12-10 20:00:47'),
(2327, 10, 'ADMIN_ANALYTICS_VIEWED', 'Admin loaded company-wide analytics dashboard.', '2025-12-10 20:02:23'),
(2328, 10, 'PAYROLL_SKIP', 'Skipped EID 1: No active/valid pay rate.', '2025-12-10 20:09:24'),
(2329, 10, 'PAYROLL_SKIP', 'Skipped EID 4: No active/valid pay rate.', '2025-12-10 20:09:24'),
(2330, 10, 'CA_DEDUCTED', 'Ded. 12500 CA for EID 7 (PID 172). Details: Full ded. 100 (TID 149). Remaining: 0.00; Full ded. 400 (TID 152). Remaining: 0.00; Full ded. 1000 (TID 153). Remaining: 0.00; Full ded. 500 (TID 155). Remaining: 0.00; Full ded. 155 (TID 160). Remaining: 0.00; Full ded. 100 (TID 166). Remaining: 0.00; Full ded. 200 (TID 168). Remaining: 0.00; Full ded. 150 (TID 169). Remaining: 0.00; Full ded. 207 (TID 170). Remaining: 0.00; Full ded. 2000 (TID 176). Remaining: 0.00; Full ded. 96 (TID 182). Remaining: 0.00; Full ded. 80 (TID 191). Remaining: 0.00; Full ded. 103 (TID 193). Remaining: 0.00; Full ded. 147 (TID 200). Remaining: 0.00; Full ded. 100 (TID 202). Remaining: 0.00; Full ded. 500 (TID 204). Remaining: 0.00; Full ded. 400 (TID 205). Remaining: 0.00; Full ded. 1000 (TID 208). Remaining: 0.00; Full ded. 137 (TID 209). Remaining: 0.00; Full ded. 100.01 (TID 214). Remaining: 0.00; Full ded. 1000 (TID 227). Remaining: 0.00; Full ded. 2000 (TID 231). Remaining: 0.00; Full ded. 1000 (TID 232). Remaining: 0.00; Partial ded. 1024.99 (TID 233). Remaining: 975.01', '2025-12-10 20:09:24'),
(2331, 10, 'CA_DEDUCTED', 'Ded. 100 CA for EID 10 (PID 173). Details: Full ded. 100 (TID 221). Remaining: 0.00', '2025-12-10 20:09:24'),
(2332, 10, 'CA_DEDUCTED', 'Ded. 3949 CA for EID 11 (PID 174). Details: Full ded. 75 (TID 156). Remaining: 0.00; Full ded. 700 (TID 173). Remaining: 0.00; Full ded. 150 (TID 194). Remaining: 0.00; Full ded. 100 (TID 199). Remaining: 0.00; Full ded. 200 (TID 206). Remaining: 0.00; Full ded. 200 (TID 211). Remaining: 0.00; Full ded. 434 (TID 215). Remaining: 0.00; Full ded. 100 (TID 219). Remaining: 0.00; Full ded. 1500 (TID 226). Remaining: 0.00; Full ded. 290 (TID 228). Remaining: 0.00; Full ded. 200 (TID 229). Remaining: 0.00', '2025-12-10 20:09:24'),
(2333, 10, 'CA_DEDUCTED', 'Ded. 751 CA for EID 12 (PID 175). Details: Full ded. 208 (TID 151). Remaining: 0.00; Full ded. 155 (TID 158). Remaining: 0.00; Full ded. 145 (TID 183). Remaining: 0.00; Full ded. 143 (TID 210). Remaining: 0.00; Full ded. 100 (TID 218). Remaining: 0.00', '2025-12-10 20:09:24'),
(2334, 10, 'CA_DEDUCTED', 'Ded. 4889.4 CA for EID 13 (PID 176). Details: Full ded. 500 (TID 154). Remaining: 0.00; Full ded. 500 (TID 177). Remaining: 0.00; Partial ded. 3889.4 (TID 181). Remaining: 1,110.60', '2025-12-10 20:09:24'),
(2335, 10, 'CA_DEDUCTED', 'Ded. 4980 CA for EID 14 (PID 177). Details: Full ded. 155 (TID 162). Remaining: 0.00; Full ded. 200 (TID 172). Remaining: 0.00; Full ded. 300 (TID 175). Remaining: 0.00; Full ded. 100 (TID 178). Remaining: 0.00; Full ded. 195 (TID 180). Remaining: 0.00; Full ded. 500 (TID 185). Remaining: 0.00; Full ded. 80 (TID 187). Remaining: 0.00; Full ded. 200 (TID 189). Remaining: 0.00; Full ded. 300 (TID 195). Remaining: 0.00; Full ded. 400 (TID 196). Remaining: 0.00; Full ded. 300 (TID 203). Remaining: 0.00; Full ded. 2000 (TID 207). Remaining: 0.00; Full ded. 150 (TID 217). Remaining: 0.00; Full ded. 100 (TID 222). Remaining: 0.00', '2025-12-10 20:09:24'),
(2336, 10, 'CA_DEDUCTED', 'Ded. 615.38 CA for EID 15 (PID 178). Details: Full ded. 200 (TID 165). Remaining: 0.00; Partial ded. 415.38 (TID 167). Remaining: 584.62', '2025-12-10 20:09:24'),
(2337, 10, 'CA_DEDUCTED', 'Ded. 600 CA for EID 17 (PID 179). Details: Full ded. 300 (TID 157). Remaining: 0.00; Full ded. 200 (TID 198). Remaining: 0.00; Full ded. 100 (TID 224). Remaining: 0.00', '2025-12-10 20:09:24'),
(2338, 10, 'CA_DEDUCTED', 'Ded. 2034 CA for EID 18 (PID 180). Details: Full ded. 50 (TID 150). Remaining: 0.00; Full ded. 155 (TID 161). Remaining: 0.00; Full ded. 100 (TID 163). Remaining: 0.00; Full ded. 100 (TID 164). Remaining: 0.00; Full ded. 550 (TID 174). Remaining: 0.00; Full ded. 100 (TID 179). Remaining: 0.00; Full ded. 96 (TID 184). Remaining: 0.00; Full ded. 80 (TID 188). Remaining: 0.00; Full ded. 50 (TID 190). Remaining: 0.00; Full ded. 300 (TID 197). Remaining: 0.00; Full ded. 100 (TID 212). Remaining: 0.00; Full ded. 100 (TID 216). Remaining: 0.00; Full ded. 100 (TID 223). Remaining: 0.00; Full ded. 153 (TID 225). Remaining: 0.00', '2025-12-10 20:09:24'),
(2339, 10, 'PAYROLL_GENERATED', 'Payroll run completed for period 2025-11-26 to 2025-12-10. Processed 9 payslips.', '2025-12-10 20:09:24'),
(2340, 10, 'PAYROLL_RUN_DELETED', 'Deleted payroll run for period 2025-11-26 to 2025-12-10. Removed 9 payslip records. Reset 77 CA/VALE transaction statuses.', '2025-12-10 20:09:45'),
(2341, 10, 'ADMIN_ANALYTICS_VIEWED', 'Admin loaded company-wide analytics dashboard.', '2025-12-10 20:10:10'),
(2342, 10, 'ADMIN_ANALYTICS_VIEWED', 'Admin loaded company-wide analytics dashboard.', '2025-12-10 20:11:11'),
(2343, 10, 'LOGIN_SUCCESS', 'User kespiritu (HR Admin) successfully logged in.', '2025-12-10 21:40:47'),
(2344, 10, 'ADMIN_ANALYTICS_VIEWED', 'Admin loaded company-wide analytics dashboard.', '2025-12-10 21:40:49'),
(2345, 10, 'LOGIN_SUCCESS', 'User kespiritu (HR Admin) successfully logged in.', '2025-12-11 16:09:49'),
(2346, 10, 'ADMIN_ANALYTICS_VIEWED', 'Admin loaded company-wide analytics dashboard.', '2025-12-11 16:09:50'),
(2347, 7, 'LOGIN_SUCCESS', 'User rricamata (Super Admin) successfully logged in.', '2025-12-11 16:12:18'),
(2348, 7, 'ADMIN_ANALYTICS_VIEWED', 'Admin loaded company-wide analytics dashboard.', '2025-12-11 16:12:20'),
(2349, 7, 'ATTENDANCE_ADDED', 'Super Admin manually added new log ID 208 for EID 10 on 2025-12-12.', '2025-12-11 16:12:41'),
(2350, 7, 'ATTENDANCE_ADDED', 'Super Admin manually added new log ID 209 for EID 11 on 2025-12-11.', '2025-12-11 16:13:18'),
(2351, 7, 'ATTENDANCE_ADDED', 'Super Admin manually added new log ID 210 for EID 13 on 2025-12-11.', '2025-12-11 16:14:14'),
(2352, 7, 'ATTENDANCE_ADDED', 'Super Admin manually added new log ID 211 for EID 10 on 2025-12-11.', '2025-12-11 16:14:45'),
(2353, 7, 'ATTENDANCE_ADDED', 'Super Admin manually added new log ID 212 for EID 13 on 2025-12-10.', '2025-12-11 16:15:19'),
(2354, 7, 'LOG_ADJUST_FAILED', 'Attempted to add new log for EID 10: Conflict with existing completed shift on 2025-12-11.', '2025-12-11 16:15:38'),
(2355, 7, 'ATTENDANCE_ADDED', 'Super Admin manually added new log ID 213 for EID 10 on 2025-12-10.', '2025-12-11 16:15:45'),
(2356, 7, 'LOGIN_SUCCESS', 'User rricamata (Super Admin) successfully logged in.', '2025-12-11 16:27:20'),
(2357, 7, 'ADMIN_ANALYTICS_VIEWED', 'Admin loaded company-wide analytics dashboard.', '2025-12-11 16:27:22'),
(2358, 7, 'ATTENDANCE_ADDED', 'Super Admin manually added new log ID 214 for EID 12 on 2025-12-11.', '2025-12-11 16:27:43'),
(2359, 7, 'ATTENDANCE_ADDED', 'Super Admin manually added new log ID 215 for EID 12 on 2025-12-12.', '2025-12-11 16:28:04'),
(2360, 10, 'LOGIN_SUCCESS', 'User kespiritu (HR Admin) successfully logged in.', '2025-12-11 17:44:19'),
(2361, 10, 'ADMIN_ANALYTICS_VIEWED', 'Admin loaded company-wide analytics dashboard.', '2025-12-11 17:44:21'),
(2362, 10, 'CA_ADDED', 'Added CA/VALE of 100 for EID 7 on 2025-12-11.', '2025-12-11 17:44:32'),
(2363, 10, 'CA_ADDED', 'Added CA/VALE of 200 for EID 11 on 2025-12-11.', '2025-12-11 17:45:03'),
(2364, 10, 'CA_ADDED', 'Added CA/VALE of 250 for EID 18 on 2025-12-11.', '2025-12-11 17:45:19'),
(2365, 10, 'CA_ADDED', 'Added CA/VALE of 100 for EID 7 on 2025-12-11.', '2025-12-11 17:46:05'),
(2366, 10, 'LOGIN_SUCCESS', 'User kespiritu (HR Admin) successfully logged in.', '2025-12-11 19:49:53'),
(2367, 10, 'ADMIN_ANALYTICS_VIEWED', 'Admin loaded company-wide analytics dashboard.', '2025-12-11 19:49:54'),
(2368, 10, 'SCHEDULE_UPDATE_FAILED', 'Admin attempted to update standard schedule for EID 11: End time before start time for mon.', '2025-12-11 19:50:19'),
(2369, 10, 'SCHEDULE_STANDARD_UPDATED', 'Updated standard schedule for EID 11.', '2025-12-11 19:50:30'),
(2370, 10, 'ADMIN_ANALYTICS_VIEWED', 'Admin loaded company-wide analytics dashboard.', '2025-12-11 19:50:34'),
(2371, 10, 'PAYROLL_SKIP', 'Skipped EID 1: No active/valid pay rate.', '2025-12-11 20:03:06'),
(2372, 10, 'PAYROLL_SKIP', 'Skipped EID 4: No active/valid pay rate.', '2025-12-11 20:03:06'),
(2373, 10, 'CA_DEDUCTED', 'Ded. 12500 CA for EID 7 (PID 181). Details: Full ded. 100 (TID 149). Remaining: 0.00; Full ded. 400 (TID 152). Remaining: 0.00; Full ded. 1000 (TID 153). Remaining: 0.00; Full ded. 500 (TID 155). Remaining: 0.00; Full ded. 155 (TID 160). Remaining: 0.00; Full ded. 100 (TID 166). Remaining: 0.00; Full ded. 200 (TID 168). Remaining: 0.00; Full ded. 150 (TID 169). Remaining: 0.00; Full ded. 207 (TID 170). Remaining: 0.00; Full ded. 2000 (TID 176). Remaining: 0.00; Full ded. 96 (TID 182). Remaining: 0.00; Full ded. 80 (TID 191). Remaining: 0.00; Full ded. 103 (TID 193). Remaining: 0.00; Full ded. 147 (TID 200). Remaining: 0.00; Full ded. 100 (TID 202). Remaining: 0.00; Full ded. 500 (TID 204). Remaining: 0.00; Full ded. 400 (TID 205). Remaining: 0.00; Full ded. 1000 (TID 208). Remaining: 0.00; Full ded. 137 (TID 209). Remaining: 0.00; Full ded. 100.01 (TID 214). Remaining: 0.00; Full ded. 1000 (TID 227). Remaining: 0.00; Full ded. 2000 (TID 231). Remaining: 0.00; Full ded. 1000 (TID 232). Remaining: 0.00; Partial ded. 1024.99 (TID 233). Remaining: 975.01', '2025-12-11 20:03:06'),
(2374, 10, 'CA_DEDUCTED', 'Ded. 100 CA for EID 10 (PID 182). Details: Full ded. 100 (TID 221). Remaining: 0.00', '2025-12-11 20:03:06'),
(2375, 10, 'CA_DEDUCTED', 'Ded. 4149 CA for EID 11 (PID 183). Details: Full ded. 75 (TID 156). Remaining: 0.00; Full ded. 700 (TID 173). Remaining: 0.00; Full ded. 150 (TID 194). Remaining: 0.00; Full ded. 100 (TID 199). Remaining: 0.00; Full ded. 200 (TID 206). Remaining: 0.00; Full ded. 200 (TID 211). Remaining: 0.00; Full ded. 434 (TID 215). Remaining: 0.00; Full ded. 100 (TID 219). Remaining: 0.00; Full ded. 1500 (TID 226). Remaining: 0.00; Full ded. 290 (TID 228). Remaining: 0.00; Full ded. 200 (TID 229). Remaining: 0.00; Full ded. 200 (TID 235). Remaining: 0.00', '2025-12-11 20:03:06'),
(2376, 10, 'CA_DEDUCTED', 'Ded. 751 CA for EID 12 (PID 184). Details: Full ded. 208 (TID 151). Remaining: 0.00; Full ded. 155 (TID 158). Remaining: 0.00; Full ded. 145 (TID 183). Remaining: 0.00; Full ded. 143 (TID 210). Remaining: 0.00; Full ded. 100 (TID 218). Remaining: 0.00', '2025-12-11 20:03:06'),
(2377, 10, 'CA_DEDUCTED', 'Ded. 5466.32 CA for EID 13 (PID 185). Details: Full ded. 500 (TID 154). Remaining: 0.00; Full ded. 500 (TID 177). Remaining: 0.00; Partial ded. 4466.32 (TID 181). Remaining: 533.68', '2025-12-11 20:03:06'),
(2378, 10, 'CA_DEDUCTED', 'Ded. 4980 CA for EID 14 (PID 186). Details: Full ded. 155 (TID 162). Remaining: 0.00; Full ded. 200 (TID 172). Remaining: 0.00; Full ded. 300 (TID 175). Remaining: 0.00; Full ded. 100 (TID 178). Remaining: 0.00; Full ded. 195 (TID 180). Remaining: 0.00; Full ded. 500 (TID 185). Remaining: 0.00; Full ded. 80 (TID 187). Remaining: 0.00; Full ded. 200 (TID 189). Remaining: 0.00; Full ded. 300 (TID 195). Remaining: 0.00; Full ded. 400 (TID 196). Remaining: 0.00; Full ded. 300 (TID 203). Remaining: 0.00; Full ded. 2000 (TID 207). Remaining: 0.00; Full ded. 150 (TID 217). Remaining: 0.00; Full ded. 100 (TID 222). Remaining: 0.00', '2025-12-11 20:03:06'),
(2379, 10, 'CA_DEDUCTED', 'Ded. 615.38 CA for EID 15 (PID 187). Details: Full ded. 200 (TID 165). Remaining: 0.00; Partial ded. 415.38 (TID 167). Remaining: 584.62', '2025-12-11 20:03:06'),
(2380, 10, 'CA_DEDUCTED', 'Ded. 600 CA for EID 17 (PID 188). Details: Full ded. 300 (TID 157). Remaining: 0.00; Full ded. 200 (TID 198). Remaining: 0.00; Full ded. 100 (TID 224). Remaining: 0.00', '2025-12-11 20:03:06'),
(2381, 10, 'CA_DEDUCTED', 'Ded. 2284 CA for EID 18 (PID 189). Details: Full ded. 50 (TID 150). Remaining: 0.00; Full ded. 155 (TID 161). Remaining: 0.00; Full ded. 100 (TID 163). Remaining: 0.00; Full ded. 100 (TID 164). Remaining: 0.00; Full ded. 550 (TID 174). Remaining: 0.00; Full ded. 100 (TID 179). Remaining: 0.00; Full ded. 96 (TID 184). Remaining: 0.00; Full ded. 80 (TID 188). Remaining: 0.00; Full ded. 50 (TID 190). Remaining: 0.00; Full ded. 300 (TID 197). Remaining: 0.00; Full ded. 100 (TID 212). Remaining: 0.00; Full ded. 100 (TID 216). Remaining: 0.00; Full ded. 100 (TID 223). Remaining: 0.00; Full ded. 153 (TID 225). Remaining: 0.00; Full ded. 250 (TID 236). Remaining: 0.00', '2025-12-11 20:03:06'),
(2382, 10, 'PAYROLL_GENERATED', 'Payroll run completed for period 2025-11-26 to 2025-12-10. Processed 9 payslips.', '2025-12-11 20:03:06'),
(2383, 10, 'PAYROLL_RUN_DELETED', 'Deleted payroll run for period 2025-11-26 to 2025-12-10. Removed 9 payslip records. Reset 79 CA/VALE transaction statuses.', '2025-12-11 20:03:56'),
(2384, 10, 'ADMIN_ANALYTICS_VIEWED', 'Admin loaded company-wide analytics dashboard.', '2025-12-11 20:04:07'),
(2385, 10, 'ADMIN_ANALYTICS_VIEWED', 'Admin loaded company-wide analytics dashboard.', '2025-12-11 20:04:20'),
(2386, 10, 'CA_ADDED', 'Added CA/VALE of 2000 for EID 12 on 2025-12-10.', '2025-12-11 20:07:23'),
(2387, 10, 'SCHEDULE_STANDARD_UPDATED', 'Updated standard schedule for EID 11.', '2025-12-11 20:11:25'),
(2388, 10, 'ADMIN_ANALYTICS_VIEWED', 'Admin loaded company-wide analytics dashboard.', '2025-12-11 20:11:28'),
(2389, 10, 'LOGIN_SUCCESS', 'User kespiritu (HR Admin) successfully logged in.', '2025-12-11 21:06:00'),
(2390, 10, 'ADMIN_ANALYTICS_VIEWED', 'Admin loaded company-wide analytics dashboard.', '2025-12-11 21:06:01'),
(2391, 10, 'CA_ADDED', 'Added CA/VALE of 100 for EID 18 on 2025-12-12.', '2025-12-11 21:06:17'),
(2392, 10, 'CA_DELETED', 'Soft deleted pending CA transaction ID 183.', '2025-12-11 21:20:55'),
(2393, 10, 'CA_DELETED', 'Soft deleted pending CA transaction ID 158.', '2025-12-11 21:25:17'),
(2394, 10, 'PAYROLL_SKIP', 'Skipped EID 1: No active/valid pay rate.', '2025-12-11 21:52:40'),
(2395, 10, 'PAYROLL_SKIP', 'Skipped EID 4: No active/valid pay rate.', '2025-12-11 21:52:40'),
(2396, 10, 'CA_DEDUCTED', 'Ded. 12500 CA for EID 7 (PID 190). Details: Full ded. 100 (TID 149). Remaining: 0.00; Full ded. 400 (TID 152). Remaining: 0.00; Full ded. 1000 (TID 153). Remaining: 0.00; Full ded. 500 (TID 155). Remaining: 0.00; Full ded. 155 (TID 160). Remaining: 0.00; Full ded. 100 (TID 166). Remaining: 0.00; Full ded. 200 (TID 168). Remaining: 0.00; Full ded. 150 (TID 169). Remaining: 0.00; Full ded. 207 (TID 170). Remaining: 0.00; Full ded. 2000 (TID 176). Remaining: 0.00; Full ded. 96 (TID 182). Remaining: 0.00; Full ded. 80 (TID 191). Remaining: 0.00; Full ded. 103 (TID 193). Remaining: 0.00; Full ded. 147 (TID 200). Remaining: 0.00; Full ded. 100 (TID 202). Remaining: 0.00; Full ded. 500 (TID 204). Remaining: 0.00; Full ded. 400 (TID 205). Remaining: 0.00; Full ded. 1000 (TID 208). Remaining: 0.00; Full ded. 137 (TID 209). Remaining: 0.00; Full ded. 100.01 (TID 214). Remaining: 0.00; Full ded. 1000 (TID 227). Remaining: 0.00; Full ded. 2000 (TID 231). Remaining: 0.00; Full ded. 1000 (TID 232). Remaining: 0.00; Partial ded. 1024.99 (TID 233). Remaining: 975.01', '2025-12-11 21:52:40'),
(2397, 10, 'CA_DEDUCTED', 'Ded. 100 CA for EID 10 (PID 191). Details: Full ded. 100 (TID 221). Remaining: 0.00', '2025-12-11 21:52:41'),
(2398, 10, 'CA_DEDUCTED', 'Ded. 4149 CA for EID 11 (PID 192). Details: Full ded. 75 (TID 156). Remaining: 0.00; Full ded. 700 (TID 173). Remaining: 0.00; Full ded. 150 (TID 194). Remaining: 0.00; Full ded. 100 (TID 199). Remaining: 0.00; Full ded. 200 (TID 206). Remaining: 0.00; Full ded. 200 (TID 211). Remaining: 0.00; Full ded. 434 (TID 215). Remaining: 0.00; Full ded. 100 (TID 219). Remaining: 0.00; Full ded. 1500 (TID 226). Remaining: 0.00; Full ded. 290 (TID 228). Remaining: 0.00; Full ded. 200 (TID 229). Remaining: 0.00; Full ded. 200 (TID 235). Remaining: 0.00', '2025-12-11 21:52:41'),
(2399, 10, 'CA_DEDUCTED', 'Ded. 2451 CA for EID 12 (PID 193). Details: Full ded. 208 (TID 151). Remaining: 0.00; Full ded. 143 (TID 210). Remaining: 0.00; Full ded. 100 (TID 218). Remaining: 0.00; Full ded. 2000 (TID 238). Remaining: 0.00', '2025-12-11 21:52:41'),
(2400, 10, 'CA_DEDUCTED', 'Ded. 5466.32 CA for EID 13 (PID 194). Details: Full ded. 500 (TID 154). Remaining: 0.00; Full ded. 500 (TID 177). Remaining: 0.00; Partial ded. 4466.32 (TID 181). Remaining: 533.68', '2025-12-11 21:52:41'),
(2401, 10, 'CA_DEDUCTED', 'Ded. 4980 CA for EID 14 (PID 195). Details: Full ded. 155 (TID 162). Remaining: 0.00; Full ded. 200 (TID 172). Remaining: 0.00; Full ded. 300 (TID 175). Remaining: 0.00; Full ded. 100 (TID 178). Remaining: 0.00; Full ded. 195 (TID 180). Remaining: 0.00; Full ded. 500 (TID 185). Remaining: 0.00; Full ded. 80 (TID 187). Remaining: 0.00; Full ded. 200 (TID 189). Remaining: 0.00; Full ded. 300 (TID 195). Remaining: 0.00; Full ded. 400 (TID 196). Remaining: 0.00; Full ded. 300 (TID 203). Remaining: 0.00; Full ded. 2000 (TID 207). Remaining: 0.00; Full ded. 150 (TID 217). Remaining: 0.00; Full ded. 100 (TID 222). Remaining: 0.00', '2025-12-11 21:52:41'),
(2402, 10, 'CA_DEDUCTED', 'Ded. 615.38 CA for EID 15 (PID 196). Details: Full ded. 200 (TID 165). Remaining: 0.00; Partial ded. 415.38 (TID 167). Remaining: 584.62', '2025-12-11 21:52:41'),
(2403, 10, 'CA_DEDUCTED', 'Ded. 600 CA for EID 17 (PID 197). Details: Full ded. 300 (TID 157). Remaining: 0.00; Full ded. 200 (TID 198). Remaining: 0.00; Full ded. 100 (TID 224). Remaining: 0.00', '2025-12-11 21:52:41');
INSERT INTO `audit_logs` (`log_id`, `employee_id`, `action`, `description`, `log_timestamp`) VALUES
(2404, 10, 'CA_DEDUCTED', 'Ded. 2384 CA for EID 18 (PID 198). Details: Full ded. 50 (TID 150). Remaining: 0.00; Full ded. 155 (TID 161). Remaining: 0.00; Full ded. 100 (TID 163). Remaining: 0.00; Full ded. 100 (TID 164). Remaining: 0.00; Full ded. 550 (TID 174). Remaining: 0.00; Full ded. 100 (TID 179). Remaining: 0.00; Full ded. 96 (TID 184). Remaining: 0.00; Full ded. 80 (TID 188). Remaining: 0.00; Full ded. 50 (TID 190). Remaining: 0.00; Full ded. 300 (TID 197). Remaining: 0.00; Full ded. 100 (TID 212). Remaining: 0.00; Full ded. 100 (TID 216). Remaining: 0.00; Full ded. 100 (TID 223). Remaining: 0.00; Full ded. 153 (TID 225). Remaining: 0.00; Full ded. 250 (TID 236). Remaining: 0.00; Full ded. 100 (TID 239). Remaining: 0.00', '2025-12-11 21:52:41'),
(2405, 10, 'PAYROLL_GENERATED', 'Payroll run completed for period 2025-11-26 to 2025-12-10. Processed 9 payslips.', '2025-12-11 21:52:41'),
(2406, 10, 'PAYROLL_RUN_DELETED', 'Deleted payroll run for period 2025-11-26 to 2025-12-10. Removed 9 payslip records. Reset 79 CA/VALE transaction statuses.', '2025-12-11 21:53:48'),
(2407, 10, 'ADMIN_ANALYTICS_VIEWED', 'Admin loaded company-wide analytics dashboard.', '2025-12-11 22:26:02'),
(2408, 7, 'LOGIN_SUCCESS', 'User rricamata (Super Admin) successfully logged in.', '2025-12-12 04:40:57'),
(2409, 7, 'ADMIN_ANALYTICS_VIEWED', 'Admin loaded company-wide analytics dashboard.', '2025-12-12 04:40:59'),
(2410, 10, 'LOGIN_SUCCESS', 'User kespiritu (HR Admin) successfully logged in.', '2025-12-14 16:23:56'),
(2411, 10, 'ADMIN_ANALYTICS_VIEWED', 'Admin loaded company-wide analytics dashboard.', '2025-12-14 16:23:58'),
(2412, 10, 'ADMIN_ANALYTICS_VIEWED', 'Admin loaded company-wide analytics dashboard.', '2025-12-14 16:31:11'),
(2413, 10, 'CA_ADDED', 'Added CA/VALE of 200 for EID 7 on 2025-12-12.', '2025-12-14 16:31:55'),
(2414, 10, 'CA_ADDED', 'Added CA/VALE of 200 for EID 15 on 2025-12-12.', '2025-12-14 16:32:01'),
(2415, 10, 'CA_ADDED', 'Added CA/VALE of 650 for EID 7 on 2025-12-12.', '2025-12-14 16:32:12'),
(2416, 10, 'CA_ADDED', 'Added CA/VALE of 100 for EID 13 on 2025-12-12.', '2025-12-14 16:32:36'),
(2417, 10, 'LOGIN_SUCCESS', 'User kespiritu (HR Admin) successfully logged in.', '2025-12-14 18:05:51'),
(2418, 10, 'ADMIN_ANALYTICS_VIEWED', 'Admin loaded company-wide analytics dashboard.', '2025-12-14 18:05:53'),
(2419, 10, 'CA_ADDED', 'Added CA/VALE of 1000 for EID 18 on 2025-12-13.', '2025-12-14 18:06:06'),
(2420, 10, 'CA_ADDED', 'Added CA/VALE of 150 for EID 11 on 2025-12-13.', '2025-12-14 18:06:15'),
(2421, 10, 'CA_ADDED', 'Added CA/VALE of 200 for EID 14 on 2025-12-13.', '2025-12-14 18:06:27'),
(2422, 10, 'CA_ADDED', 'Added CA/VALE of 71 for EID 7 on 2025-12-13.', '2025-12-14 18:06:43'),
(2423, 10, 'CA_ADDED', 'Added CA/VALE of 166 for EID 12 on 2025-12-13.', '2025-12-14 18:06:55'),
(2424, 10, 'CA_ADDED', 'Added CA/VALE of 100 for EID 7 on 2025-12-13.', '2025-12-14 18:07:05'),
(2425, 10, 'CA_ADDED', 'Added CA/VALE of 150 for EID 11 on 2025-12-13.', '2025-12-14 18:07:18'),
(2426, 10, 'CA_ADDED', 'Added CA/VALE of 189 for EID 15 on 2025-12-14.', '2025-12-14 18:07:38'),
(2427, 10, 'CA_ADDED', 'Added CA/VALE of 150 for EID 11 on 2025-12-14.', '2025-12-14 18:08:05'),
(2428, 10, 'CA_ADDED', 'Added CA/VALE of 50 for EID 18 on 2025-12-15.', '2025-12-14 18:08:23'),
(2429, 10, 'ADMIN_ANALYTICS_VIEWED', 'Admin loaded company-wide analytics dashboard.', '2025-12-14 18:11:07'),
(2430, 10, 'ADMIN_ANALYTICS_VIEWED', 'Admin loaded company-wide analytics dashboard.', '2025-12-14 18:11:21'),
(2431, 7, 'LOGIN_SUCCESS', 'User rricamata (Super Admin) successfully logged in.', '2025-12-14 19:49:06'),
(2432, 7, 'ADMIN_ANALYTICS_VIEWED', 'Admin loaded company-wide analytics dashboard.', '2025-12-14 19:49:08'),
(2433, 7, 'ATTENDANCE_UPDATED', 'Super Admin adjusted existing log ID 208 for EID 10.', '2025-12-14 19:50:35'),
(2434, 7, 'ATTENDANCE_UPDATED', 'Super Admin adjusted existing log ID 215 for EID 12.', '2025-12-14 19:50:47'),
(2435, 7, 'ATTENDANCE_ADDED', 'Super Admin manually added new log ID 216 for EID 11 on 2025-12-12.', '2025-12-14 19:51:23'),
(2436, 7, 'ATTENDANCE_ADDED', 'Super Admin manually added new log ID 217 for EID 13 on 2025-12-12.', '2025-12-14 19:51:58'),
(2437, 7, 'ATTENDANCE_ADDED', 'Super Admin manually added new log ID 218 for EID 13 on 2025-12-13.', '2025-12-14 19:52:36'),
(2438, 7, 'ATTENDANCE_ADDED', 'Super Admin manually added new log ID 219 for EID 11 on 2025-12-15.', '2025-12-14 19:53:24'),
(2439, 7, 'ATTENDANCE_UPDATED', 'Super Admin adjusted existing log ID 219 for EID 11.', '2025-12-14 19:53:35'),
(2440, 7, 'ATTENDANCE_ADDED', 'Super Admin manually added new log ID 220 for EID 13 on 2025-12-15.', '2025-12-14 19:54:01'),
(2441, 7, 'ATTENDANCE_ADDED', 'Super Admin manually added new log ID 221 for EID 10 on 2025-12-15.', '2025-12-14 19:54:14');

-- --------------------------------------------------------

--
-- Table structure for table `ca_transactions`
--

CREATE TABLE `ca_transactions` (
  `transaction_id` int(11) NOT NULL,
  `employee_id` int(11) NOT NULL,
  `transaction_date` date NOT NULL,
  `original_amount` decimal(10,2) NOT NULL COMMENT 'The original advance amount.',
  `deducted_in_payroll` tinyint(1) DEFAULT 0 COMMENT 'Whether this amount has been deducted in a payroll run',
  `payroll_id` int(11) DEFAULT NULL COMMENT 'ID of the payroll run where deduction occurred',
  `created_at` timestamp NOT NULL DEFAULT current_timestamp(),
  `deleted_at` timestamp NULL DEFAULT NULL,
  `pending_amount` decimal(10,2) NOT NULL DEFAULT 0.00 COMMENT 'The remaining amount to be deducted.'
) ENGINE=InnoDB DEFAULT CHARSET=utf8mb4 COLLATE=utf8mb4_general_ci;

--
-- Dumping data for table `ca_transactions`
--

INSERT INTO `ca_transactions` (`transaction_id`, `employee_id`, `transaction_date`, `original_amount`, `deducted_in_payroll`, `payroll_id`, `created_at`, `deleted_at`, `pending_amount`) VALUES
(1, 4, '2025-10-01', 500.00, 0, NULL, '2025-10-29 04:02:53', '2025-10-31 07:29:13', 500.00),
(5, 7, '2025-10-16', 1000.00, 0, NULL, '2025-10-29 04:28:56', '2025-10-31 07:29:10', 1000.00),
(6, 7, '2025-10-31', 100.00, 0, NULL, '2025-10-31 07:29:23', '2025-10-31 07:53:42', 100.00),
(7, 7, '2025-10-31', 500.00, 0, NULL, '2025-10-31 11:41:44', '2025-11-03 06:11:20', 500.00),
(8, 13, '2025-11-03', 150.00, 1, 158, '2025-11-03 06:10:45', NULL, 0.00),
(9, 7, '2025-11-03', 2000.00, 1, 154, '2025-11-03 06:10:55', NULL, 0.00),
(10, 15, '2025-11-03', 7500.00, 0, NULL, '2025-11-03 06:12:35', '2025-11-12 03:37:55', 7500.00),
(11, 14, '2025-11-04', 1000.00, 1, 159, '2025-11-05 00:48:52', NULL, 0.00),
(12, 7, '2025-11-04', 100.00, 1, 154, '2025-11-05 23:45:32', NULL, 0.00),
(13, 15, '2025-11-05', 169.00, 0, NULL, '2025-11-05 23:45:48', '2025-11-12 03:38:07', 169.00),
(14, 7, '2025-11-05', 200.00, 1, 154, '2025-11-05 23:46:09', NULL, 0.00),
(15, 7, '2025-11-05', 50.00, 1, 154, '2025-11-05 23:58:37', NULL, 0.00),
(16, 7, '2025-11-06', 200.00, 1, 154, '2025-11-06 23:15:43', NULL, 0.00),
(17, 15, '2025-11-06', 200.00, 0, NULL, '2025-11-07 00:07:51', '2025-11-12 03:38:30', 200.00),
(18, 10, '2025-11-07', 1500.00, 1, 155, '2025-11-07 23:15:39', NULL, 0.00),
(19, 7, '2025-11-07', 2500.00, 1, 154, '2025-11-07 23:15:50', NULL, 0.00),
(20, 15, '2025-11-07', 1000.00, 0, NULL, '2025-11-07 23:16:10', '2025-11-12 03:38:23', 1000.00),
(21, 7, '2025-11-07', 100.00, 1, 154, '2025-11-07 23:16:18', NULL, 0.00),
(22, 12, '2025-11-08', 160.00, 1, 157, '2025-11-08 02:37:19', NULL, 0.00),
(23, 14, '2025-11-08', 1000.00, 1, 159, '2025-11-08 03:54:50', NULL, 0.00),
(24, 15, '2025-11-08', 1000.00, 0, NULL, '2025-11-08 03:57:33', '2025-11-12 03:38:15', 1000.00),
(25, 11, '2025-11-08', 100.00, 1, 156, '2025-11-08 04:27:02', NULL, 0.00),
(26, 7, '2025-11-08', 1500.00, 1, 154, '2025-11-10 05:45:27', NULL, 0.00),
(27, 7, '2025-11-09', 1000.00, 1, 154, '2025-11-10 05:45:41', NULL, 0.00),
(28, 12, '2025-11-08', 160.00, 1, 157, '2025-11-10 05:48:47', NULL, 0.00),
(29, 11, '2025-11-10', 100.00, 1, 156, '2025-11-10 05:50:27', NULL, 0.00),
(30, 7, '2025-11-10', 1000.00, 1, 154, '2025-11-10 11:54:58', NULL, 0.00),
(31, 12, '2025-11-10', 3000.00, 1, 157, '2025-11-11 03:29:15', NULL, 0.00),
(32, 11, '2025-11-08', 200.00, 1, 156, '2025-11-11 03:30:22', NULL, 0.00),
(33, 11, '2025-11-10', 100.00, 1, 156, '2025-11-11 03:30:30', NULL, 0.00),
(34, 12, '2025-11-11', 150.00, 0, NULL, '2025-11-11 07:49:59', '2025-11-13 07:37:44', 150.00),
(35, 12, '2025-11-11', 259.00, 0, NULL, '2025-11-11 07:50:03', '2025-11-13 07:37:40', 259.00),
(36, 11, '2025-11-11', 175.00, 0, NULL, '2025-11-12 01:52:14', '2025-11-13 07:37:36', 175.00),
(37, 14, '2025-11-11', 100.00, 0, NULL, '2025-11-12 01:52:23', '2025-11-13 07:37:33', 100.00),
(38, 7, '2025-11-11', 300.00, 0, NULL, '2025-11-12 01:52:32', '2025-11-13 07:37:30', 300.00),
(39, 7, '2025-11-11', 400.00, 0, NULL, '2025-11-12 01:52:40', '2025-11-13 07:34:12', 400.00),
(40, 18, '2025-11-10', 1000.00, 0, NULL, '2025-11-12 02:26:57', '2025-11-12 03:06:00', 1000.00),
(41, 18, '2025-11-11', 100.00, 0, NULL, '2025-11-12 02:27:06', '2025-11-13 07:34:09', 100.00),
(42, 17, '2025-11-09', 120.00, 1, 161, '2025-11-12 02:27:15', NULL, 0.00),
(43, 12, '2025-11-03', 4000.00, 0, 157, '2025-11-12 03:06:19', '2025-11-17 03:53:51', 1554.01),
(44, 18, '2025-11-03', 4000.00, 1, 162, '2025-11-12 03:08:12', NULL, 0.00),
(45, 15, '2025-11-10', 3000.00, 1, 160, '2025-11-12 03:40:03', NULL, 0.00),
(46, 12, '2025-11-12', 300.00, 0, NULL, '2025-11-12 03:40:50', '2025-11-13 07:34:05', 300.00),
(47, 11, '2025-11-12', 80.00, 0, NULL, '2025-11-12 07:16:55', '2025-11-13 07:34:01', 80.00),
(48, 7, '2025-11-12', 96.00, 0, NULL, '2025-11-12 07:17:08', '2025-11-13 07:33:52', 96.00),
(49, 15, '2025-11-12', 96.00, 0, NULL, '2025-11-12 07:17:13', '2025-11-13 07:33:48', 96.00),
(50, 14, '2025-11-12', 300.00, 0, NULL, '2025-11-12 23:17:42', '2025-11-13 07:33:45', 300.00),
(51, 11, '2025-11-12', 80.00, 0, NULL, '2025-11-12 23:18:04', '2025-11-13 07:33:42', 80.00),
(52, 13, '2025-11-11', 2000.00, 0, NULL, '2025-11-12 23:21:55', '2025-11-12 23:42:49', 2000.00),
(53, 7, '2025-11-12', 200.00, 0, NULL, '2025-11-12 23:27:14', '2025-11-13 07:33:38', 200.00),
(54, 13, '2025-11-12', 2000.00, 0, NULL, '2025-11-12 23:42:59', '2025-11-13 07:33:35', 2000.00),
(55, 15, '2025-11-13', 20.00, 0, NULL, '2025-11-13 00:58:07', '2025-11-13 07:33:32', 20.00),
(56, 7, '2025-11-13', 100.00, 0, NULL, '2025-11-13 00:58:40', '2025-11-13 07:33:29', 100.00),
(57, 11, '2025-11-13', 100.00, 0, NULL, '2025-11-13 04:56:28', '2025-11-13 07:33:25', 100.00),
(58, 13, '2025-11-11', 2000.00, 1, 167, '2025-11-13 07:44:28', NULL, 0.00),
(59, 11, '2025-11-11', 175.00, 1, 165, '2025-11-13 07:44:48', NULL, 0.00),
(60, 18, '2025-11-11', 100.00, 1, 171, '2025-11-13 07:44:59', NULL, 0.00),
(61, 14, '2025-11-11', 100.00, 1, 168, '2025-11-13 07:45:06', NULL, 0.00),
(62, 12, '2025-11-11', 259.00, 1, 166, '2025-11-13 07:45:29', NULL, 0.00),
(63, 7, '2025-11-12', 300.00, 1, 163, '2025-11-13 07:45:50', NULL, 0.00),
(64, 7, '2025-11-13', 400.00, 0, NULL, '2025-11-13 07:45:54', '2025-11-13 07:46:44', 400.00),
(65, 11, '2025-11-12', 80.00, 1, 165, '2025-11-13 07:46:15', NULL, 0.00),
(66, 14, '2025-11-12', 3.00, 0, NULL, '2025-11-13 07:46:20', '2025-11-13 07:46:32', 3.00),
(67, 14, '2025-11-13', 300.00, 1, 168, '2025-11-13 07:46:26', NULL, 0.00),
(68, 7, '2025-11-12', 400.00, 1, 163, '2025-11-13 07:46:50', NULL, 0.00),
(69, 7, '2025-11-12', 96.00, 1, 163, '2025-11-13 07:47:12', NULL, 0.00),
(70, 15, '2025-11-12', 96.00, 1, 169, '2025-11-13 07:47:21', NULL, 0.00),
(71, 7, '2025-11-12', 200.00, 1, 163, '2025-11-13 07:47:35', NULL, 0.00),
(72, 12, '2025-11-12', 300.00, 1, 166, '2025-11-13 07:48:17', NULL, 0.00),
(73, 11, '2025-11-13', 200.00, 1, 165, '2025-11-13 23:19:14', NULL, 0.00),
(74, 11, '2025-11-13', 500.00, 0, NULL, '2025-11-17 03:26:25', '2025-11-17 03:27:58', 500.00),
(75, 11, '2025-11-13', 100.00, 0, NULL, '2025-11-17 03:26:39', '2025-11-17 03:27:54', 100.00),
(76, 11, '2025-11-14', 90.00, 0, NULL, '2025-11-17 03:27:11', '2025-11-17 03:27:51', 90.00),
(77, 7, '2025-11-13', 100.00, 1, 163, '2025-11-17 03:29:00', NULL, 0.00),
(78, 7, '2025-11-13', 200.00, 1, 163, '2025-11-17 03:29:08', NULL, 0.00),
(79, 7, '2025-11-13', 150.00, 1, 163, '2025-11-17 03:29:19', NULL, 0.00),
(80, 7, '2025-11-13', 200.00, 1, 163, '2025-11-17 03:29:25', NULL, 0.00),
(81, 14, '2025-11-13', 150.00, 1, 168, '2025-11-17 03:29:53', NULL, 0.00),
(82, 14, '2025-11-14', 200.00, 1, 168, '2025-11-17 03:30:27', NULL, 0.00),
(83, 11, '2025-11-14', 50.00, 1, 165, '2025-11-17 03:30:42', NULL, 0.00),
(84, 15, '2025-11-14', 200.00, 1, 169, '2025-11-17 03:31:08', NULL, 0.00),
(85, 7, '2025-11-14', 200.00, 1, 163, '2025-11-17 03:31:20', NULL, 0.00),
(86, 7, '2025-11-14', 300.00, 1, 163, '2025-11-17 03:31:26', NULL, 0.00),
(87, 11, '2025-11-15', 1000.00, 1, 165, '2025-11-17 03:31:46', NULL, 0.00),
(88, 18, '2025-11-15', 50.00, 1, 171, '2025-11-17 03:31:57', NULL, 0.00),
(89, 18, '2025-11-15', 500.00, 1, 171, '2025-11-17 03:32:08', NULL, 0.00),
(90, 14, '2025-11-15', 1000.00, 1, 168, '2025-11-17 03:32:37', NULL, 0.00),
(91, 13, '2025-11-15', 500.00, 1, 167, '2025-11-17 03:33:04', NULL, 0.00),
(92, 11, '2025-11-15', 100.00, 1, 165, '2025-11-17 03:33:18', NULL, 0.00),
(93, 7, '2025-11-15', 1500.00, 1, 163, '2025-11-17 03:33:49', NULL, 0.00),
(94, 7, '2025-11-15', 300.00, 1, 163, '2025-11-17 03:34:00', NULL, 0.00),
(95, 11, '2025-11-16', 300.00, 1, 165, '2025-11-17 03:34:29', NULL, 0.00),
(96, 12, '2025-11-16', 1000.00, 1, 166, '2025-11-17 03:34:45', NULL, 0.00),
(97, 7, '2025-11-16', 1000.00, 1, 163, '2025-11-17 03:34:52', NULL, 0.00),
(98, 7, '2025-11-17', 100.00, 1, 163, '2025-11-17 23:58:31', NULL, 0.00),
(99, 7, '2025-11-17', 100.00, 1, 163, '2025-11-17 23:58:36', NULL, 0.00),
(100, 7, '2025-11-17', 365.00, 1, 163, '2025-11-17 23:58:41', NULL, 0.00),
(101, 15, '2025-11-17', 100.00, 1, 169, '2025-11-17 23:58:50', NULL, 0.00),
(102, 12, '2025-11-17', 167.00, 1, 166, '2025-11-18 00:02:46', NULL, 0.00),
(103, 11, '2025-11-17', 100.00, 1, 165, '2025-11-18 00:03:10', NULL, 0.00),
(104, 12, '2025-11-18', 101.00, 1, 166, '2025-11-18 00:18:45', NULL, 0.00),
(105, 14, '2025-11-18', 200.00, 1, 168, '2025-11-19 05:43:16', NULL, 0.00),
(106, 11, '2025-11-18', 100.00, 1, 165, '2025-11-19 05:43:25', NULL, 0.00),
(107, 18, '2025-11-19', 100.00, 1, 171, '2025-11-19 05:43:49', NULL, 0.00),
(108, 14, '2025-11-19', 200.00, 1, 168, '2025-11-19 05:43:57', NULL, 0.00),
(109, 18, '2025-11-19', 100.00, 1, 171, '2025-11-19 05:44:04', NULL, 0.00),
(110, 11, '2025-11-19', 100.00, 1, 165, '2025-11-19 05:44:14', NULL, 0.00),
(111, 7, '2025-11-19', 196.00, 1, 163, '2025-11-19 05:44:27', NULL, 0.00),
(112, 7, '2025-11-19', 100.00, 1, 163, '2025-11-19 05:44:36', NULL, 0.00),
(113, 7, '2025-11-19', 100.00, 1, 163, '2025-11-19 23:27:16', NULL, 0.00),
(114, 14, '2025-11-19', 500.00, 1, 168, '2025-11-19 23:27:21', NULL, 0.00),
(115, 18, '2025-11-20', 100.00, 1, 171, '2025-11-20 23:56:27', NULL, 0.00),
(116, 11, '2025-11-20', 50.00, 1, 165, '2025-11-20 23:56:33', NULL, 0.00),
(117, 7, '2025-11-20', 100.00, 1, 163, '2025-11-20 23:57:17', NULL, 0.00),
(118, 7, '2025-11-21', 484.00, 1, 163, '2025-11-21 07:15:07', NULL, 0.00),
(119, 18, '2025-11-21', 100.00, 1, 171, '2025-11-21 07:17:02', NULL, 0.00),
(120, 18, '2025-11-21', 2224.00, 1, 171, '2025-11-21 08:07:55', NULL, 0.00),
(121, 11, '2025-11-23', 600.00, 1, 165, '2025-11-23 23:19:42', NULL, 0.00),
(122, 7, '2025-11-23', 99.00, 1, 163, '2025-11-23 23:19:47', NULL, 0.00),
(123, 12, '2025-11-22', 119.00, 1, 166, '2025-11-23 23:20:02', NULL, 0.00),
(124, 18, '2025-11-22', 200.00, 1, 171, '2025-11-23 23:20:27', NULL, 0.00),
(125, 13, '2025-11-22', 1000.00, 1, 167, '2025-11-23 23:20:36', NULL, 0.00),
(126, 11, '2025-11-24', 500.00, 1, 165, '2025-11-24 07:05:42', NULL, 0.00),
(127, 18, '2025-11-24', 100.00, 1, 171, '2025-11-24 07:05:47', NULL, 0.00),
(128, 7, '2025-11-24', 150.00, 1, 163, '2025-11-24 23:29:45', NULL, 0.00),
(129, 15, '2025-11-24', 50.00, 1, 169, '2025-11-24 23:29:51', NULL, 0.00),
(130, 15, '2025-11-17', 100.00, 1, 169, '2025-11-24 23:34:24', NULL, 0.00),
(131, 15, '2025-11-13', 20.00, 1, 169, '2025-11-24 23:35:07', NULL, 0.00),
(132, 7, '2025-11-25', 100.00, 1, 163, '2025-11-25 01:58:16', NULL, 0.00),
(133, 14, '2025-11-25', 300.00, 1, 168, '2025-11-25 02:24:30', NULL, 0.00),
(134, 18, '2025-11-25', 67.00, 1, 171, '2025-11-25 02:24:35', NULL, 0.00),
(135, 12, '2025-11-25', 67.00, 1, 166, '2025-11-25 02:25:06', NULL, 0.00),
(136, 11, '2025-11-25', 245.00, 1, 165, '2025-11-25 05:44:41', NULL, 0.00),
(137, 7, '2025-11-25', 300.00, 1, 163, '2025-11-26 01:23:36', NULL, 0.00),
(138, 12, '2025-11-25', 204.00, 1, 166, '2025-11-26 01:41:56', NULL, 0.00),
(139, 12, '2025-11-26', 3000.00, 1, 166, '2025-11-26 01:51:14', NULL, 0.00),
(140, 15, '2025-11-26', 3000.00, 1, 169, '2025-11-26 01:51:25', NULL, 0.00),
(141, 18, '2025-11-26', 750.00, 1, 171, '2025-11-26 01:52:16', NULL, 0.00),
(142, 14, '2025-11-26', 70.00, 1, 168, '2025-11-26 05:22:28', NULL, 0.00),
(143, 13, '2025-11-26', 70.00, 1, 167, '2025-11-26 05:22:32', NULL, 0.00),
(144, 11, '2025-11-26', 70.00, 1, 165, '2025-11-26 05:22:36', NULL, 0.00),
(145, 12, '2025-11-26', 70.00, 1, 166, '2025-11-26 05:22:43', NULL, 0.00),
(146, 7, '2025-11-26', 70.00, 1, 163, '2025-11-26 05:22:48', NULL, 0.00),
(147, 18, '2025-11-26', 70.00, 1, 171, '2025-11-26 05:22:52', NULL, 0.00),
(148, 14, '2025-11-26', 101.00, 1, 168, '2025-11-26 05:22:57', NULL, 0.00),
(149, 7, '2025-11-26', 100.00, 0, NULL, '2025-11-26 23:17:59', NULL, 100.00),
(150, 18, '2025-11-26', 50.00, 0, NULL, '2025-11-26 23:18:05', NULL, 50.00),
(151, 12, '2025-11-26', 208.00, 0, NULL, '2025-11-26 23:20:29', NULL, 208.00),
(152, 7, '2025-11-27', 400.00, 0, NULL, '2025-11-27 00:58:51', NULL, 400.00),
(153, 7, '2025-11-27', 1000.00, 0, NULL, '2025-11-27 00:58:58', NULL, 1000.00),
(154, 13, '2025-11-27', 500.00, 0, NULL, '2025-11-27 23:44:46', NULL, 500.00),
(155, 7, '2025-11-27', 500.00, 0, NULL, '2025-11-27 23:44:56', NULL, 500.00),
(156, 11, '2025-11-27', 75.00, 0, NULL, '2025-11-27 23:45:04', NULL, 75.00),
(157, 17, '2025-11-27', 300.00, 0, NULL, '2025-11-27 23:45:15', NULL, 300.00),
(158, 12, '2025-11-27', 155.00, 0, NULL, '2025-11-28 03:01:53', '2025-12-12 04:25:17', 155.00),
(159, 18, '2025-11-28', 155.00, 0, NULL, '2025-11-28 03:01:57', '2025-11-28 03:02:08', 155.00),
(160, 7, '2025-11-27', 155.00, 0, NULL, '2025-11-28 03:02:12', NULL, 155.00),
(161, 18, '2025-11-27', 155.00, 0, NULL, '2025-11-28 03:02:24', NULL, 155.00),
(162, 14, '2025-11-27', 155.00, 0, NULL, '2025-11-28 03:02:33', NULL, 155.00),
(163, 18, '2025-11-28', 100.00, 0, NULL, '2025-11-28 04:02:07', NULL, 100.00),
(164, 18, '2025-11-28', 100.00, 0, NULL, '2025-11-28 07:46:56', NULL, 100.00),
(165, 15, '2025-11-28', 200.00, 0, NULL, '2025-11-28 07:47:01', NULL, 200.00),
(166, 7, '2025-11-28', 100.00, 0, NULL, '2025-11-28 07:47:12', NULL, 100.00),
(167, 15, '2025-11-29', 1000.00, 0, NULL, '2025-12-01 03:17:45', NULL, 1000.00),
(168, 7, '2025-11-29', 200.00, 0, NULL, '2025-12-01 03:18:05', NULL, 200.00),
(169, 7, '2025-11-29', 150.00, 0, NULL, '2025-12-01 03:18:13', NULL, 150.00),
(170, 7, '2025-11-29', 207.00, 0, NULL, '2025-12-01 03:18:23', NULL, 207.00),
(171, 15, '2025-11-30', 100.00, 0, NULL, '2025-12-01 03:19:20', NULL, 100.00),
(172, 14, '2025-11-30', 200.00, 0, NULL, '2025-12-01 03:19:26', NULL, 200.00),
(173, 11, '2025-11-29', 700.00, 0, NULL, '2025-12-01 03:19:41', NULL, 700.00),
(174, 18, '2025-11-29', 550.00, 0, NULL, '2025-12-01 03:19:51', NULL, 550.00),
(175, 14, '2025-11-29', 300.00, 0, NULL, '2025-12-01 03:20:04', NULL, 300.00),
(176, 7, '2025-11-29', 2000.00, 0, NULL, '2025-12-01 13:48:54', NULL, 2000.00),
(177, 13, '2025-12-01', 500.00, 0, NULL, '2025-12-01 23:51:27', NULL, 500.00),
(178, 14, '2025-12-01', 100.00, 0, NULL, '2025-12-01 23:52:17', NULL, 100.00),
(179, 18, '2025-12-01', 100.00, 0, NULL, '2025-12-01 23:52:34', NULL, 100.00),
(180, 14, '2025-12-01', 195.00, 0, NULL, '2025-12-01 23:53:24', NULL, 195.00),
(181, 13, '2025-12-02', 5000.00, 0, NULL, '2025-12-02 12:49:23', NULL, 5000.00),
(182, 7, '2025-12-02', 96.00, 0, NULL, '2025-12-03 07:09:35', NULL, 96.00),
(183, 12, '2025-12-02', 145.00, 0, NULL, '2025-12-03 07:09:48', '2025-12-12 04:20:55', 145.00),
(184, 18, '2025-12-02', 96.00, 0, NULL, '2025-12-03 07:09:59', NULL, 96.00),
(185, 14, '2025-12-03', 500.00, 0, NULL, '2025-12-07 23:28:00', NULL, 500.00),
(186, 13, '2025-12-03', 1000.00, 0, NULL, '2025-12-07 23:28:10', NULL, 1000.00),
(187, 14, '2025-12-04', 80.00, 0, NULL, '2025-12-07 23:28:34', NULL, 80.00),
(188, 18, '2025-12-04', 80.00, 0, NULL, '2025-12-07 23:28:40', NULL, 80.00),
(189, 14, '2025-12-04', 200.00, 0, NULL, '2025-12-07 23:28:52', NULL, 200.00),
(190, 18, '2025-12-04', 50.00, 0, NULL, '2025-12-07 23:29:01', NULL, 50.00),
(191, 7, '2025-12-04', 80.00, 0, NULL, '2025-12-07 23:29:27', NULL, 80.00),
(192, 15, '2025-12-04', 80.00, 0, NULL, '2025-12-07 23:29:36', NULL, 80.00),
(193, 7, '2025-12-04', 103.00, 0, NULL, '2025-12-07 23:29:46', NULL, 103.00),
(194, 11, '2025-12-05', 150.00, 0, NULL, '2025-12-07 23:30:08', NULL, 150.00),
(195, 14, '2025-12-05', 300.00, 0, NULL, '2025-12-07 23:30:24', NULL, 300.00),
(196, 14, '2025-12-05', 400.00, 0, NULL, '2025-12-07 23:30:32', NULL, 400.00),
(197, 18, '2025-12-05', 300.00, 0, NULL, '2025-12-07 23:30:42', NULL, 300.00),
(198, 17, '2025-12-05', 200.00, 0, NULL, '2025-12-07 23:31:02', NULL, 200.00),
(199, 11, '2025-12-05', 100.00, 0, NULL, '2025-12-07 23:31:14', NULL, 100.00),
(200, 7, '2025-12-05', 147.00, 0, NULL, '2025-12-07 23:31:31', NULL, 147.00),
(201, 15, '2025-12-05', 136.00, 0, NULL, '2025-12-07 23:31:50', NULL, 136.00),
(202, 7, '2025-12-05', 100.00, 0, NULL, '2025-12-07 23:32:02', NULL, 100.00),
(203, 14, '2025-12-06', 300.00, 0, NULL, '2025-12-07 23:32:14', NULL, 300.00),
(204, 7, '2025-12-06', 500.00, 0, NULL, '2025-12-07 23:32:26', NULL, 500.00),
(205, 7, '2025-12-06', 400.00, 0, NULL, '2025-12-07 23:32:34', NULL, 400.00),
(206, 11, '2025-12-07', 200.00, 0, NULL, '2025-12-07 23:32:48', NULL, 200.00),
(207, 14, '2025-12-07', 2000.00, 0, NULL, '2025-12-07 23:32:54', NULL, 2000.00),
(208, 7, '2025-12-06', 1000.00, 0, NULL, '2025-12-08 06:41:41', NULL, 1000.00),
(209, 7, '2025-12-08', 137.00, 0, NULL, '2025-12-08 06:41:54', NULL, 137.00),
(210, 12, '2025-12-07', 143.00, 0, NULL, '2025-12-08 06:42:53', NULL, 143.00),
(211, 11, '2025-12-08', 200.00, 0, NULL, '2025-12-08 23:29:13', NULL, 200.00),
(212, 18, '2025-12-08', 100.00, 0, NULL, '2025-12-08 23:29:19', NULL, 100.00),
(213, 4, '2025-12-08', 100.00, 0, NULL, '2025-12-08 23:35:37', '2025-12-09 03:07:52', 100.00),
(214, 7, '2025-12-08', 100.01, 0, NULL, '2025-12-09 03:08:02', NULL, 100.01),
(215, 11, '2025-12-09', 434.00, 0, NULL, '2025-12-09 06:43:53', NULL, 434.00),
(216, 18, '2025-12-09', 100.00, 0, NULL, '2025-12-09 06:43:58', NULL, 100.00),
(217, 14, '2025-12-09', 150.00, 0, NULL, '2025-12-09 06:44:02', NULL, 150.00),
(218, 12, '2025-12-09', 100.00, 0, NULL, '2025-12-09 06:47:39', NULL, 100.00),
(219, 11, '2025-12-09', 100.00, 0, NULL, '2025-12-09 06:47:42', NULL, 100.00),
(220, 15, '2025-12-09', 100.00, 0, NULL, '2025-12-09 06:47:46', NULL, 100.00),
(221, 10, '2025-12-09', 100.00, 0, NULL, '2025-12-09 06:47:50', NULL, 100.00),
(222, 14, '2025-12-09', 100.00, 0, NULL, '2025-12-09 06:47:53', NULL, 100.00),
(223, 18, '2025-12-09', 100.00, 0, NULL, '2025-12-09 06:47:56', NULL, 100.00),
(224, 17, '2025-12-09', 100.00, 0, NULL, '2025-12-09 06:48:02', NULL, 100.00),
(225, 18, '2025-12-10', 153.00, 0, NULL, '2025-12-10 03:08:50', NULL, 153.00),
(226, 11, '2025-12-10', 1500.00, 0, NULL, '2025-12-10 03:10:51', NULL, 1500.00),
(227, 7, '2025-12-10', 1000.00, 0, NULL, '2025-12-10 06:45:13', NULL, 1000.00),
(228, 11, '2025-12-10', 290.00, 0, NULL, '2025-12-10 08:01:14', NULL, 290.00),
(229, 11, '2025-12-10', 200.00, 0, NULL, '2025-12-10 23:14:12', NULL, 200.00),
(230, 15, '2025-12-10', 3000.00, 0, NULL, '2025-12-10 23:36:45', NULL, 3000.00),
(231, 7, '2025-12-10', 2000.00, 0, NULL, '2025-12-10 23:36:55', NULL, 2000.00),
(232, 7, '2025-12-10', 1000.00, 0, NULL, '2025-12-10 23:54:14', NULL, 1000.00),
(233, 7, '2025-12-10', 2000.00, 0, NULL, '2025-12-10 23:54:21', NULL, 2000.00),
(234, 7, '2025-12-11', 100.00, 0, NULL, '2025-12-12 00:44:32', NULL, 100.00),
(235, 11, '2025-12-11', 200.00, 0, NULL, '2025-12-12 00:45:03', NULL, 200.00),
(236, 18, '2025-12-11', 250.00, 0, NULL, '2025-12-12 00:45:19', NULL, 250.00),
(237, 7, '2025-12-11', 100.00, 0, NULL, '2025-12-12 00:46:05', NULL, 100.00),
(238, 12, '2025-12-10', 2000.00, 0, NULL, '2025-12-12 03:07:23', NULL, 2000.00),
(239, 18, '2025-12-12', 100.00, 0, NULL, '2025-12-12 04:06:17', NULL, 100.00),
(240, 7, '2025-12-12', 200.00, 0, NULL, '2025-12-14 23:31:55', NULL, 200.00),
(241, 15, '2025-12-12', 200.00, 0, NULL, '2025-12-14 23:32:01', NULL, 200.00),
(242, 7, '2025-12-12', 650.00, 0, NULL, '2025-12-14 23:32:12', NULL, 650.00),
(243, 13, '2025-12-12', 100.00, 0, NULL, '2025-12-14 23:32:36', NULL, 100.00),
(244, 18, '2025-12-13', 1000.00, 0, NULL, '2025-12-15 01:06:06', NULL, 1000.00),
(245, 11, '2025-12-13', 150.00, 0, NULL, '2025-12-15 01:06:15', NULL, 150.00),
(246, 14, '2025-12-13', 200.00, 0, NULL, '2025-12-15 01:06:27', NULL, 200.00),
(247, 7, '2025-12-13', 71.00, 0, NULL, '2025-12-15 01:06:43', NULL, 71.00),
(248, 12, '2025-12-13', 166.00, 0, NULL, '2025-12-15 01:06:55', NULL, 166.00),
(249, 7, '2025-12-13', 100.00, 0, NULL, '2025-12-15 01:07:05', NULL, 100.00),
(250, 11, '2025-12-13', 150.00, 0, NULL, '2025-12-15 01:07:18', NULL, 150.00),
(251, 15, '2025-12-14', 189.00, 0, NULL, '2025-12-15 01:07:38', NULL, 189.00),
(252, 11, '2025-12-14', 150.00, 0, NULL, '2025-12-15 01:08:05', NULL, 150.00),
(253, 18, '2025-12-15', 50.00, 0, NULL, '2025-12-15 01:08:23', NULL, 50.00);

-- --------------------------------------------------------

--
-- Table structure for table `deduction_types`
--

CREATE TABLE `deduction_types` (
  `deduction_id` int(11) NOT NULL,
  `name` varchar(255) NOT NULL,
  `type` enum('Fixed','Percentage') NOT NULL,
  `value` decimal(10,2) NOT NULL,
  `is_active` tinyint(1) NOT NULL DEFAULT 1,
  `created_at` timestamp NOT NULL DEFAULT current_timestamp()
) ENGINE=InnoDB DEFAULT CHARSET=utf8mb4 COLLATE=utf8mb4_general_ci;

-- --------------------------------------------------------

--
-- Table structure for table `departments`
--

CREATE TABLE `departments` (
  `department_id` int(11) NOT NULL,
  `department_name` varchar(100) NOT NULL,
  `manager_id` int(11) DEFAULT NULL,
  `created_at` timestamp NOT NULL DEFAULT current_timestamp()
) ENGINE=InnoDB DEFAULT CHARSET=utf8mb4 COLLATE=utf8mb4_general_ci;

--
-- Dumping data for table `departments`
--

INSERT INTO `departments` (`department_id`, `department_name`, `manager_id`, `created_at`) VALUES
(105, 'BSports Gym', 10, '2025-10-29 10:08:03'),
(106, 'Infinite Radio', 7, '2025-10-29 10:08:17');

-- --------------------------------------------------------

--
-- Table structure for table `employees`
--

CREATE TABLE `employees` (
  `employee_id` int(11) NOT NULL,
  `first_name` varchar(100) NOT NULL,
  `last_name` varchar(100) NOT NULL,
  `email` varchar(255) NOT NULL,
  `phone` varchar(20) DEFAULT NULL,
  `profile_picture_url` varchar(255) DEFAULT NULL,
  `job_title` varchar(100) DEFAULT NULL,
  `department` varchar(100) DEFAULT NULL,
  `created_at` timestamp NOT NULL DEFAULT current_timestamp(),
  `pay_rate` decimal(10,2) NOT NULL DEFAULT 0.00
) ENGINE=InnoDB DEFAULT CHARSET=utf8mb4 COLLATE=utf8mb4_general_ci;

--
-- Dumping data for table `employees`
--

INSERT INTO `employees` (`employee_id`, `first_name`, `last_name`, `email`, `phone`, `profile_picture_url`, `job_title`, `department`, `created_at`, `pay_rate`) VALUES
(1, 'Super', 'Admin', 'admin@company.com', NULL, NULL, 'CEO', NULL, '2025-10-25 10:17:18', 0.00),
(4, 'Peter', 'Parker', 'peter.p@company.com', NULL, NULL, 'Marketing Specialist', NULL, '2025-10-25 10:17:18', 0.00),
(7, 'Raymart', 'Ricamata', 'raymartcabreraricamata@gmail.com', NULL, NULL, 'Operation Manager', NULL, '2025-10-28 16:11:06', 0.00),
(10, 'Krezel Kate', 'Espiritu', 'krezelbandiola17@gmail.com', NULL, NULL, 'Finance/HR Manager', 'BSports Gym', '2025-10-29 10:10:07', 0.00),
(11, 'Ace', 'Balugo', 'acebalugo13@gmail.com', '09060433981', 'uploads/profiles/11_1761897874.jpeg', 'Lobby', 'BSports Gym', '2025-10-29 10:18:29', 0.00),
(12, 'Richard', 'Ariola', 'infiniteradio1023@gmail.com', '9272722821', 'uploads/profiles/12_1761896442.jpg', 'Station Manager', 'Infinite Radio', '2025-10-31 07:23:21', 0.00),
(13, 'Jarome', 'Cahinde', 'romecoach001@gmail.com', NULL, NULL, 'Coach', 'BSports Gym', '2025-10-31 07:28:43', 0.00),
(14, 'Dino', 'Mea', 'dino@gmail.com', NULL, NULL, 'Maintenance/Driver', 'BSports Gym', '2025-10-31 07:58:48', 0.00),
(15, 'Raymond', 'De Castro', 'djmon_rock13@yahoo.com', NULL, NULL, 'Program Director', 'Infinite Radio', '2025-11-03 04:29:56', 0.00),
(17, 'Sarah Jane', 'Palma', 'palmasarahjane01@gmail.com', NULL, NULL, 'Lobby', 'BSports Gym', '2025-11-12 02:12:44', 0.00),
(18, 'Ajay ', 'Monforte ', 'lamarcuscalvinespiritu@gmail.com', NULL, NULL, 'Maintenance', 'BSports Gym', '2025-11-12 02:19:53', 0.00);

-- --------------------------------------------------------

--
-- Table structure for table `employee_journal`
--

CREATE TABLE `employee_journal` (
  `journal_id` int(11) NOT NULL,
  `employee_id` int(11) NOT NULL COMMENT 'The employee this entry is about',
  `logged_by_id` int(11) NOT NULL COMMENT 'The manager/admin who logged the entry',
  `entry_type` enum('Positive','Coaching','Warning') NOT NULL,
  `entry_date` date NOT NULL,
  `description` text NOT NULL,
  `created_at` timestamp NOT NULL DEFAULT current_timestamp()
) ENGINE=InnoDB DEFAULT CHARSET=utf8mb4 COLLATE=utf8mb4_general_ci;

--
-- Dumping data for table `employee_journal`
--

INSERT INTO `employee_journal` (`journal_id`, `employee_id`, `logged_by_id`, `entry_type`, `entry_date`, `description`, `created_at`) VALUES
(1, 4, 4, 'Positive', '2025-10-25', 'dasdsadasd', '2025-10-25 12:33:11'),
(2, 11, 10, 'Warning', '2025-10-31', 'hindi naglinis', '2025-10-31 07:54:56'),
(3, 11, 10, 'Warning', '2025-10-31', 'Nag sscatter habang nakaduty', '2025-10-31 07:55:16'),
(4, 12, 10, 'Warning', '2025-10-31', 'Tulog habang nakaduty', '2025-10-31 07:55:27');

-- --------------------------------------------------------

--
-- Table structure for table `employee_pay_history`
--

CREATE TABLE `employee_pay_history` (
  `history_id` int(11) NOT NULL,
  `employee_id` int(11) NOT NULL,
  `pay_type` enum('Hourly','Daily','Fix Rate') NOT NULL,
  `pay_rate` decimal(10,2) NOT NULL,
  `effective_start_date` date NOT NULL,
  `created_at` timestamp NOT NULL DEFAULT current_timestamp()
) ENGINE=InnoDB DEFAULT CHARSET=utf8mb4 COLLATE=utf8mb4_general_ci;

--
-- Dumping data for table `employee_pay_history`
--

INSERT INTO `employee_pay_history` (`history_id`, `employee_id`, `pay_type`, `pay_rate`, `effective_start_date`, `created_at`) VALUES
(3, 7, 'Fix Rate', 12500.00, '2025-01-01', '2025-10-29 04:05:32'),
(4, 10, 'Daily', 576.92, '2025-10-29', '2025-10-29 10:15:01'),
(5, 12, 'Daily', 576.92, '2025-10-31', '2025-10-31 07:52:39'),
(6, 13, 'Daily', 576.92, '2025-10-31', '2025-10-31 07:52:50'),
(7, 11, 'Daily', 461.53, '2025-10-31', '2025-10-31 07:53:12'),
(8, 14, 'Fix Rate', 7500.00, '2025-10-31', '2025-10-31 07:59:15'),
(9, 1, 'Fix Rate', 0.00, '2025-10-31', '2025-10-31 08:00:42'),
(10, 15, 'Daily', 615.38, '2025-10-26', '2025-11-03 04:46:52'),
(11, 18, 'Fix Rate', 6500.00, '2025-11-03', '2025-11-12 02:24:13'),
(12, 17, 'Fix Rate', 1500.00, '2025-10-26', '2025-11-12 02:24:51');

-- --------------------------------------------------------

--
-- Table structure for table `global_settings`
--

CREATE TABLE `global_settings` (
  `setting_key` varchar(50) NOT NULL,
  `setting_value` varchar(255) DEFAULT NULL
) ENGINE=InnoDB DEFAULT CHARSET=utf8mb4 COLLATE=utf8mb4_general_ci;

--
-- Dumping data for table `global_settings`
--

INSERT INTO `global_settings` (`setting_key`, `setting_value`) VALUES
('allow_manual_attendance_edit', '0'),
('company_name', 'EMC'),
('currency_symbol', '₱'),
('system_ca_deduction_name', 'Cash Advance'),
('timezone', 'Asia/Manila');

-- --------------------------------------------------------

--
-- Table structure for table `leave_balances`
--

CREATE TABLE `leave_balances` (
  `employee_id` int(11) NOT NULL,
  `vacation_days_accrued` decimal(5,2) DEFAULT 0.00 COMMENT 'Annual policy in days',
  `sick_days_accrued` decimal(5,2) DEFAULT 0.00 COMMENT 'Annual policy in days',
  `personal_days_accrued` decimal(5,2) DEFAULT 0.00 COMMENT 'Annual policy in days',
  `vacation_days_used` decimal(5,2) DEFAULT 0.00,
  `sick_days_used` decimal(5,2) DEFAULT 0.00,
  `personal_days_used` decimal(5,2) DEFAULT 0.00,
  `last_updated` timestamp NOT NULL DEFAULT current_timestamp() ON UPDATE current_timestamp()
) ENGINE=InnoDB DEFAULT CHARSET=utf8mb4 COLLATE=utf8mb4_general_ci;

-- --------------------------------------------------------

--
-- Table structure for table `leave_requests`
--

CREATE TABLE `leave_requests` (
  `request_id` int(11) NOT NULL,
  `employee_id` int(11) NOT NULL,
  `start_date` date NOT NULL,
  `end_date` date NOT NULL,
  `leave_type` varchar(50) NOT NULL,
  `reason` text NOT NULL,
  `status` enum('Pending','Approved','Rejected') DEFAULT 'Pending',
  `manager_id` int(11) DEFAULT NULL,
  `created_at` timestamp NOT NULL DEFAULT current_timestamp(),
  `updated_at` timestamp NOT NULL DEFAULT current_timestamp() ON UPDATE current_timestamp()
) ENGINE=InnoDB DEFAULT CHARSET=utf8mb4 COLLATE=utf8mb4_general_ci;

-- --------------------------------------------------------

--
-- Table structure for table `payroll`
--

CREATE TABLE `payroll` (
  `payroll_id` int(11) NOT NULL,
  `employee_id` int(11) NOT NULL,
  `pay_period_start` date NOT NULL,
  `pay_period_end` date NOT NULL,
  `gross_pay` decimal(10,2) NOT NULL,
  `deductions` decimal(10,2) DEFAULT 0.00,
  `net_pay` decimal(10,2) NOT NULL,
  `status` enum('Pending','Processed','Paid') DEFAULT 'Pending',
  `created_at` datetime NOT NULL DEFAULT current_timestamp(),
  `pay_type_used` varchar(20) DEFAULT NULL,
  `pay_rate_used` decimal(10,2) DEFAULT 0.00,
  `total_payable_hours` decimal(10,2) DEFAULT 0.00,
  `total_paid_leave_days` int(11) DEFAULT 0
) ENGINE=InnoDB DEFAULT CHARSET=utf8mb4 COLLATE=utf8mb4_general_ci;

--
-- Dumping data for table `payroll`
--

INSERT INTO `payroll` (`payroll_id`, `employee_id`, `pay_period_start`, `pay_period_end`, `gross_pay`, `deductions`, `net_pay`, `status`, `created_at`, `pay_type_used`, `pay_rate_used`, `total_payable_hours`, `total_paid_leave_days`) VALUES
(154, 7, '2025-10-26', '2025-11-10', 12500.00, 8650.00, 3850.00, 'Processed', '2025-11-13 00:42:30', 'Fix Rate', 12500.00, 0.00, 0),
(155, 10, '2025-10-26', '2025-11-10', 5967.92, 1500.00, 4467.92, 'Processed', '2025-11-13 00:42:30', 'Daily', 576.92, 93.10, 0),
(156, 11, '2025-10-26', '2025-11-10', 5538.36, 500.00, 5038.36, 'Processed', '2025-11-13 00:42:30', 'Daily', 461.53, 120.00, 0),
(157, 12, '2025-10-26', '2025-11-10', 5765.99, 5765.99, 0.00, 'Processed', '2025-11-13 00:42:30', 'Daily', 576.92, 89.95, 0),
(158, 13, '2025-10-26', '2025-11-10', 5082.66, 150.00, 4932.66, 'Processed', '2025-11-13 00:42:30', 'Daily', 576.92, 123.34, 0),
(159, 14, '2025-10-26', '2025-11-10', 7500.00, 2000.00, 5500.00, 'Processed', '2025-11-13 00:42:30', 'Fix Rate', 7500.00, 0.00, 0),
(160, 15, '2025-10-26', '2025-11-10', 4307.66, 3000.00, 1307.66, 'Processed', '2025-11-13 00:42:30', 'Daily', 615.38, 63.00, 0),
(161, 17, '2025-10-26', '2025-11-10', 1500.00, 120.00, 1380.00, 'Processed', '2025-11-13 00:42:30', 'Fix Rate', 1500.00, 0.00, 0),
(162, 18, '2025-10-26', '2025-11-10', 6500.00, 4000.00, 2500.00, 'Processed', '2025-11-13 00:42:30', 'Fix Rate', 6500.00, 0.00, 0),
(163, 7, '2025-11-11', '2025-11-25', 12500.00, 7210.00, 5290.00, 'Processed', '2025-11-26 00:19:03', 'Fix Rate', 12500.00, 0.00, 0),
(164, 10, '2025-11-11', '2025-11-25', 5668.56, 0.00, 5668.56, 'Processed', '2025-11-26 00:19:03', 'Daily', 576.92, 88.43, 0),
(165, 11, '2025-11-11', '2025-11-25', 5660.66, 3670.00, 1990.66, 'Processed', '2025-11-26 00:19:03', 'Daily', 461.53, 122.65, 0),
(166, 12, '2025-11-11', '2025-11-25', 7499.96, 5287.00, 2212.96, 'Processed', '2025-11-26 00:19:03', 'Daily', 576.92, 115.00, 0),
(167, 13, '2025-11-11', '2025-11-25', 5097.50, 3570.00, 1527.50, 'Processed', '2025-11-26 00:19:03', 'Daily', 576.92, 123.70, 0),
(168, 14, '2025-11-11', '2025-11-25', 7500.00, 3121.00, 4379.00, 'Processed', '2025-11-26 00:19:03', 'Fix Rate', 7500.00, 0.00, 0),
(169, 15, '2025-11-11', '2025-11-25', 9230.70, 3566.00, 5664.70, 'Processed', '2025-11-26 00:19:03', 'Daily', 615.38, 117.04, 0),
(170, 17, '2025-11-11', '2025-11-25', 1500.00, 0.00, 1500.00, 'Processed', '2025-11-26 00:19:03', 'Fix Rate', 1500.00, 0.00, 0),
(171, 18, '2025-11-11', '2025-11-25', 6500.00, 4461.00, 2039.00, 'Processed', '2025-11-26 00:19:03', 'Fix Rate', 6500.00, 0.00, 0);

-- --------------------------------------------------------

--
-- Table structure for table `schedules`
--

CREATE TABLE `schedules` (
  `schedule_id` int(11) NOT NULL,
  `employee_id` int(11) NOT NULL,
  `work_date` date NOT NULL,
  `shift_start` time NOT NULL,
  `shift_end` time NOT NULL,
  `created_at` timestamp NOT NULL DEFAULT current_timestamp()
) ENGINE=InnoDB DEFAULT CHARSET=utf8mb4 COLLATE=utf8mb4_general_ci;

--
-- Dumping data for table `schedules`
--

INSERT INTO `schedules` (`schedule_id`, `employee_id`, `work_date`, `shift_start`, `shift_end`, `created_at`) VALUES
(2, 12, '2025-11-03', '09:00:00', '17:00:00', '2025-11-03 04:35:39'),
(3, 15, '2025-11-23', '12:00:00', '22:00:00', '2025-11-22 00:54:21'),
(4, 11, '2025-12-05', '10:00:00', '20:00:00', '2025-12-05 13:04:54');

-- --------------------------------------------------------

--
-- Table structure for table `standard_schedules`
--

CREATE TABLE `standard_schedules` (
  `standard_schedule_id` int(11) NOT NULL,
  `employee_id` int(11) NOT NULL,
  `mon_start` time DEFAULT NULL,
  `mon_end` time DEFAULT NULL,
  `tue_start` time DEFAULT NULL,
  `tue_end` time DEFAULT NULL,
  `wed_start` time DEFAULT NULL,
  `wed_end` time DEFAULT NULL,
  `thu_start` time DEFAULT NULL,
  `thu_end` time DEFAULT NULL,
  `fri_start` time DEFAULT NULL,
  `fri_end` time DEFAULT NULL,
  `sat_start` time DEFAULT NULL,
  `sat_end` time DEFAULT NULL,
  `sun_start` time DEFAULT NULL,
  `sun_end` time DEFAULT NULL
) ENGINE=InnoDB DEFAULT CHARSET=utf8mb4 COLLATE=utf8mb4_general_ci;

--
-- Dumping data for table `standard_schedules`
--

INSERT INTO `standard_schedules` (`standard_schedule_id`, `employee_id`, `mon_start`, `mon_end`, `tue_start`, `tue_end`, `wed_start`, `wed_end`, `thu_start`, `thu_end`, `fri_start`, `fri_end`, `sat_start`, `sat_end`, `sun_start`, `sun_end`) VALUES
(2, 7, '09:00:00', '17:00:00', '09:00:00', '17:00:00', '09:00:00', '17:00:00', '09:00:00', '17:00:00', '09:00:00', '17:00:00', '09:00:00', '17:00:00', NULL, NULL),
(4, 10, '07:00:00', '16:00:00', '07:00:00', '16:00:00', '07:00:00', '16:00:00', '07:00:00', '16:00:00', '07:00:00', '16:00:00', NULL, NULL, NULL, NULL),
(5, 1, '06:00:00', '15:00:00', '06:00:00', '15:00:00', '06:00:00', '15:00:00', '06:00:00', '15:00:00', '06:00:00', '15:00:00', '06:00:00', '15:00:00', NULL, NULL),
(6, 12, '06:00:00', '15:00:00', '06:00:00', '15:00:00', '06:00:00', '15:00:00', '06:00:00', '15:00:00', '06:00:00', '15:00:00', '00:00:00', '00:01:00', '09:00:00', '17:00:00'),
(7, 11, '12:00:00', '22:00:00', '12:00:00', '22:00:00', '12:00:00', '22:00:00', '12:00:00', '22:00:00', '12:00:00', '22:00:00', '12:00:00', '22:00:00', NULL, NULL),
(8, 13, '07:00:00', '21:00:00', '07:00:00', '21:00:00', '07:00:00', '21:00:00', '07:00:00', '21:00:00', '07:00:00', '21:00:00', '07:00:00', '21:00:00', NULL, NULL),
(11, 15, '13:00:00', '22:00:00', '13:00:00', '22:00:00', '13:00:00', '22:00:00', '13:00:00', '22:00:00', '13:00:00', '22:00:00', '13:00:00', '22:00:00', '13:00:00', '13:01:00');

-- --------------------------------------------------------

--
-- Table structure for table `time_attendance`
--

CREATE TABLE `time_attendance` (
  `log_id` int(11) NOT NULL,
  `employee_id` int(11) NOT NULL,
  `clock_in` datetime DEFAULT NULL,
  `clock_out` datetime DEFAULT NULL,
  `status` enum('Pending','Approved','Rejected') DEFAULT 'Pending'
) ENGINE=InnoDB DEFAULT CHARSET=utf8mb4 COLLATE=utf8mb4_general_ci;

-- --------------------------------------------------------

--
-- Table structure for table `users`
--

CREATE TABLE `users` (
  `user_id` int(11) NOT NULL,
  `username` varchar(100) NOT NULL,
  `password_hash` varchar(255) NOT NULL,
  `role` enum('Employee','Manager','HR Admin','Super Admin') NOT NULL,
  `employee_id` int(11) NOT NULL
) ENGINE=InnoDB DEFAULT CHARSET=utf8mb4 COLLATE=utf8mb4_general_ci;

--
-- Dumping data for table `users`
--

INSERT INTO `users` (`user_id`, `username`, `password_hash`, `role`, `employee_id`) VALUES
(6, 'superadmin', '$2y$10$0wFBB1e9jUrNBgzklc3HG.ZFTx3nCjNPL8rV9upw7YMIfxNbRnI8e', 'Super Admin', 1),
(9, 'peterparker', '$2y$10$0wFBB1e9jUrNBgzklc3HG.ZFTx3nCjNPL8rV9upw7YMIfxNbRnI8e', 'Manager', 4),
(12, 'rricamata', '$2y$10$Bw1.fRAbiJ2Pi03vGnWHa.8Z2F075fnMN6wYSDYiv/fk8Iq3bgnAi', 'Super Admin', 7),
(14, 'kespiritu', '$2y$10$rivnMdplKRGQZbpIDXH1QeMJ1tmzD7TRUbetQnGtU7/MMmrX1av3i', 'HR Admin', 10),
(15, 'abalugo', '$2y$10$u4OsB20biaOpZyTU0R9Lbu.HlncFEByv1D4U4ehzh0HEYBdGJ4Uyi', 'Employee', 11),
(16, 'rariola', '$2y$10$YPyoXUQv0E4h7.FYp48gmOzaG3ox7NwvertjKCMOL05MwDjbFpEte', 'Employee', 12),
(17, 'jcahinde', '$2y$12$tDVaHg110EMRuPc8cGsb5udKy2uU4xZqO3UamUl2s.NVL7oor/VEq', 'Employee', 13),
(18, 'dmea', '$2y$10$dlSowUNNmwqBTSL/ACapKOpaTBgwpcnvRTnSH4tDhSaFzuyi0q1Aq', 'Employee', 14),
(19, 'rdecastro', '$2y$12$XyJuVndx8pGkHhlmFZyV9Ouv/gCsYfGcXuVFEiBjajtpPffZRCPwC', 'Employee', 15),
(20, 'spalma', '$2y$12$KdCPH.9Tn7v4G6MZx9kvEOY/WlHmO0IeT.JAF95Xu1CDj6dyjSuZm', 'Employee', 17),
(21, 'amonforte', '$2y$12$hkgX2HG/Bq5cG9bYIe2nueG0WhTRRp6U0N3dxftHFkhcB3aFlBQMW', 'Employee', 18);

--
-- Indexes for dumped tables
--

--
-- Indexes for table `announcements`
--
ALTER TABLE `announcements`
  ADD PRIMARY KEY (`announcement_id`),
  ADD KEY `created_by_id` (`created_by_id`);

--
-- Indexes for table `attendance_logs`
--
ALTER TABLE `attendance_logs`
  ADD PRIMARY KEY (`log_id`),
  ADD KEY `employee_id` (`employee_id`);

--
-- Indexes for table `audit_logs`
--
ALTER TABLE `audit_logs`
  ADD PRIMARY KEY (`log_id`),
  ADD KEY `fk_log_employee_id` (`employee_id`),
  ADD KEY `idx_log_action` (`action`),
  ADD KEY `idx_log_timestamp` (`log_timestamp`);

--
-- Indexes for table `ca_transactions`
--
ALTER TABLE `ca_transactions`
  ADD PRIMARY KEY (`transaction_id`),
  ADD KEY `employee_id` (`employee_id`),
  ADD KEY `idx_deleted_at` (`deleted_at`);

--
-- Indexes for table `deduction_types`
--
ALTER TABLE `deduction_types`
  ADD PRIMARY KEY (`deduction_id`),
  ADD UNIQUE KEY `name` (`name`);

--
-- Indexes for table `departments`
--
ALTER TABLE `departments`
  ADD PRIMARY KEY (`department_id`),
  ADD UNIQUE KEY `department_name` (`department_name`),
  ADD KEY `manager_id` (`manager_id`);

--
-- Indexes for table `employees`
--
ALTER TABLE `employees`
  ADD PRIMARY KEY (`employee_id`),
  ADD UNIQUE KEY `email` (`email`);

--
-- Indexes for table `employee_journal`
--
ALTER TABLE `employee_journal`
  ADD PRIMARY KEY (`journal_id`),
  ADD KEY `employee_id` (`employee_id`),
  ADD KEY `logged_by_id` (`logged_by_id`);

--
-- Indexes for table `employee_pay_history`
--
ALTER TABLE `employee_pay_history`
  ADD PRIMARY KEY (`history_id`),
  ADD UNIQUE KEY `unique_employee_date` (`employee_id`,`effective_start_date`);

--
-- Indexes for table `global_settings`
--
ALTER TABLE `global_settings`
  ADD PRIMARY KEY (`setting_key`);

--
-- Indexes for table `leave_balances`
--
ALTER TABLE `leave_balances`
  ADD PRIMARY KEY (`employee_id`);

--
-- Indexes for table `leave_requests`
--
ALTER TABLE `leave_requests`
  ADD PRIMARY KEY (`request_id`),
  ADD KEY `employee_id` (`employee_id`),
  ADD KEY `manager_id` (`manager_id`),
  ADD KEY `idx_leave_status` (`status`);

--
-- Indexes for table `payroll`
--
ALTER TABLE `payroll`
  ADD PRIMARY KEY (`payroll_id`),
  ADD KEY `employee_id` (`employee_id`);

--
-- Indexes for table `schedules`
--
ALTER TABLE `schedules`
  ADD PRIMARY KEY (`schedule_id`),
  ADD UNIQUE KEY `unique_employee_day` (`employee_id`,`work_date`);

--
-- Indexes for table `standard_schedules`
--
ALTER TABLE `standard_schedules`
  ADD PRIMARY KEY (`standard_schedule_id`),
  ADD UNIQUE KEY `unique_employee` (`employee_id`);

--
-- Indexes for table `time_attendance`
--
ALTER TABLE `time_attendance`
  ADD PRIMARY KEY (`log_id`),
  ADD KEY `employee_id` (`employee_id`);

--
-- Indexes for table `users`
--
ALTER TABLE `users`
  ADD PRIMARY KEY (`user_id`),
  ADD UNIQUE KEY `username` (`username`),
  ADD KEY `employee_id` (`employee_id`);

--
-- AUTO_INCREMENT for dumped tables
--

--
-- AUTO_INCREMENT for table `announcements`
--
ALTER TABLE `announcements`
  MODIFY `announcement_id` int(11) NOT NULL AUTO_INCREMENT;

--
-- AUTO_INCREMENT for table `attendance_logs`
--
ALTER TABLE `attendance_logs`
  MODIFY `log_id` int(11) NOT NULL AUTO_INCREMENT, AUTO_INCREMENT=222;

--
-- AUTO_INCREMENT for table `audit_logs`
--
ALTER TABLE `audit_logs`
  MODIFY `log_id` int(11) UNSIGNED NOT NULL AUTO_INCREMENT, AUTO_INCREMENT=2442;

--
-- AUTO_INCREMENT for table `ca_transactions`
--
ALTER TABLE `ca_transactions`
  MODIFY `transaction_id` int(11) NOT NULL AUTO_INCREMENT, AUTO_INCREMENT=254;

--
-- AUTO_INCREMENT for table `deduction_types`
--
ALTER TABLE `deduction_types`
  MODIFY `deduction_id` int(11) NOT NULL AUTO_INCREMENT, AUTO_INCREMENT=4;

--
-- AUTO_INCREMENT for table `departments`
--
ALTER TABLE `departments`
  MODIFY `department_id` int(11) NOT NULL AUTO_INCREMENT, AUTO_INCREMENT=108;

--
-- AUTO_INCREMENT for table `employees`
--
ALTER TABLE `employees`
  MODIFY `employee_id` int(11) NOT NULL AUTO_INCREMENT, AUTO_INCREMENT=20;

--
-- AUTO_INCREMENT for table `employee_journal`
--
ALTER TABLE `employee_journal`
  MODIFY `journal_id` int(11) NOT NULL AUTO_INCREMENT, AUTO_INCREMENT=5;

--
-- AUTO_INCREMENT for table `employee_pay_history`
--
ALTER TABLE `employee_pay_history`
  MODIFY `history_id` int(11) NOT NULL AUTO_INCREMENT, AUTO_INCREMENT=16;

--
-- AUTO_INCREMENT for table `leave_requests`
--
ALTER TABLE `leave_requests`
  MODIFY `request_id` int(11) NOT NULL AUTO_INCREMENT;

--
-- AUTO_INCREMENT for table `payroll`
--
ALTER TABLE `payroll`
  MODIFY `payroll_id` int(11) NOT NULL AUTO_INCREMENT, AUTO_INCREMENT=199;

--
-- AUTO_INCREMENT for table `schedules`
--
ALTER TABLE `schedules`
  MODIFY `schedule_id` int(11) NOT NULL AUTO_INCREMENT, AUTO_INCREMENT=5;

--
-- AUTO_INCREMENT for table `standard_schedules`
--
ALTER TABLE `standard_schedules`
  MODIFY `standard_schedule_id` int(11) NOT NULL AUTO_INCREMENT, AUTO_INCREMENT=18;

--
-- AUTO_INCREMENT for table `time_attendance`
--
ALTER TABLE `time_attendance`
  MODIFY `log_id` int(11) NOT NULL AUTO_INCREMENT;

--
-- AUTO_INCREMENT for table `users`
--
ALTER TABLE `users`
  MODIFY `user_id` int(11) NOT NULL AUTO_INCREMENT, AUTO_INCREMENT=22;

--
-- Constraints for dumped tables
--

--
-- Constraints for table `announcements`
--
ALTER TABLE `announcements`
  ADD CONSTRAINT `fk_announcement_author` FOREIGN KEY (`created_by_id`) REFERENCES `employees` (`employee_id`) ON DELETE SET NULL;

--
-- Constraints for table `attendance_logs`
--
ALTER TABLE `attendance_logs`
  ADD CONSTRAINT `attendance_logs_ibfk_1` FOREIGN KEY (`employee_id`) REFERENCES `employees` (`employee_id`) ON DELETE CASCADE;

--
-- Constraints for table `ca_transactions`
--
ALTER TABLE `ca_transactions`
  ADD CONSTRAINT `ca_transactions_ibfk_1` FOREIGN KEY (`employee_id`) REFERENCES `employees` (`employee_id`);

--
-- Constraints for table `departments`
--
ALTER TABLE `departments`
  ADD CONSTRAINT `departments_ibfk_1` FOREIGN KEY (`manager_id`) REFERENCES `employees` (`employee_id`) ON DELETE SET NULL;

--
-- Constraints for table `employee_journal`
--
ALTER TABLE `employee_journal`
  ADD CONSTRAINT `employee_journal_ibfk_1` FOREIGN KEY (`employee_id`) REFERENCES `employees` (`employee_id`) ON DELETE CASCADE,
  ADD CONSTRAINT `employee_journal_ibfk_2` FOREIGN KEY (`logged_by_id`) REFERENCES `employees` (`employee_id`);

--
-- Constraints for table `employee_pay_history`
--
ALTER TABLE `employee_pay_history`
  ADD CONSTRAINT `employee_pay_history_ibfk_1` FOREIGN KEY (`employee_id`) REFERENCES `employees` (`employee_id`) ON DELETE CASCADE;

--
-- Constraints for table `leave_balances`
--
ALTER TABLE `leave_balances`
  ADD CONSTRAINT `leave_balances_ibfk_1` FOREIGN KEY (`employee_id`) REFERENCES `employees` (`employee_id`) ON DELETE CASCADE;

--
-- Constraints for table `leave_requests`
--
ALTER TABLE `leave_requests`
  ADD CONSTRAINT `leave_requests_ibfk_1` FOREIGN KEY (`employee_id`) REFERENCES `employees` (`employee_id`) ON DELETE CASCADE,
  ADD CONSTRAINT `leave_requests_ibfk_2` FOREIGN KEY (`manager_id`) REFERENCES `employees` (`employee_id`) ON DELETE SET NULL;

--
-- Constraints for table `payroll`
--
ALTER TABLE `payroll`
  ADD CONSTRAINT `payroll_ibfk_1` FOREIGN KEY (`employee_id`) REFERENCES `employees` (`employee_id`) ON DELETE CASCADE;

--
-- Constraints for table `schedules`
--
ALTER TABLE `schedules`
  ADD CONSTRAINT `schedules_ibfk_1` FOREIGN KEY (`employee_id`) REFERENCES `employees` (`employee_id`) ON DELETE CASCADE;

--
-- Constraints for table `standard_schedules`
--
ALTER TABLE `standard_schedules`
  ADD CONSTRAINT `fk_employee_schedule` FOREIGN KEY (`employee_id`) REFERENCES `employees` (`employee_id`) ON DELETE CASCADE;

--
-- Constraints for table `time_attendance`
--
ALTER TABLE `time_attendance`
  ADD CONSTRAINT `time_attendance_ibfk_1` FOREIGN KEY (`employee_id`) REFERENCES `employees` (`employee_id`) ON DELETE CASCADE;

--
-- Constraints for table `users`
--
ALTER TABLE `users`
  ADD CONSTRAINT `users_ibfk_1` FOREIGN KEY (`employee_id`) REFERENCES `employees` (`employee_id`) ON DELETE CASCADE ON UPDATE CASCADE;
COMMIT;

/*!40101 SET CHARACTER_SET_CLIENT=@OLD_CHARACTER_SET_CLIENT */;
/*!40101 SET CHARACTER_SET_RESULTS=@OLD_CHARACTER_SET_RESULTS */;
/*!40101 SET COLLATION_CONNECTION=@OLD_COLLATION_CONNECTION */;
